source_index,event_name,run,catalog,gps_time,detectors_available,network_snr,far_per_year,p_astro,mass_1_source,mass_2_source,chirp_mass_source,luminosity_distance,redshift,pe_release_url,pe_waveform_family,pe_doi,sky_map_path,sky_map_format,sky_map_group,sky_map_available,h1_l1_strain_available,embedding_available,object_class,is_ood_for_bbh_encoder,include_in_primary_search,dq_status
0,GW230517_044807,O4a_or_gap,GWTC-4.1,1368334105.4,"H1,L1",11.8,8.5,0.62,,,,,,,,,,,,False,True,False,unknown_OOD,True,False,strain_hdf5_open_ok
1,GW230518_125908,O4a_or_gap,GWTC-4.1,1368449966.2,"H1,L1",14.1,1e-05,0.99,8.17,1.45,2.8,236.0,0.05,https://zenodo.org/api/records/20275769/files/IGWN-GWTC4p1-18965dda8_5-GW230518_125908-combined_PEDataRelease.hdf5/content,C00:IMRPhenomXPHM-SpinTaylor,https://doi.org/10.5281/zenodo.20275769,data/gwtc4p1/pe_hdf5/GW230518_125908/IGWN-GWTC4p1-18965dda8_5-GW230518_125908-combined_PEDataRelease.hdf5,pe_hdf5_skymap,C00:IMRPhenomNSBH:LowSpin,True,True,False,NSBH_or_low_mass_OOD,True,True,strain_hdf5_open_ok
2,GW230528_145129,O4a_or_gap,GWTC-4.1,1369320707.7,"H1,L1",8.8,14.0,0.5,,,,,,,,,,,,False,True,False,unknown_OOD,True,False,strain_hdf5_open_ok
3,GW230529_181500,O4a_or_gap,GWTC-4.1,1369419318.7,L1,11.8,0.00022,0.99,3.66,1.42,1.94,203.0,0.04,https://zenodo.org/api/records/20275769/files/IGWN-GWTC4p1-18965dda8_5-GW230529_181500-combined_PEDataRelease.hdf5/content,C00:Mixed:HighSpin,https://doi.org/10.5281/zenodo.20275769,data/gwtc4p1/pe_hdf5/GW230529_181500/IGWN-GWTC4p1-18965dda8_5-GW230529_181500-combined_PEDataRelease.hdf5,,,False,False,False,NSBH_or_low_mass_OOD,True,False,missing_or_invalid_H1L1
4,GW230531_141100,O4a_or_gap,GWTC-4.1,1369577478.3,L1,8.0,3.5,0.72,,,,,,,,,,,,False,False,False,unknown_OOD,True,False,missing_or_invalid_H1L1
5,GW230601_224134,O4a_or_gap,GWTC-4.1,1369694512.1,"H1,L1",13.4,1e-05,0.99,64.0,44.0,45.1,3700.0,0.6,https://zenodo.org/api/records/20275769/files/IGWN-GWTC4p1-18965dda8_5-GW230601_224134-combined_PEDataRelease.hdf5/content,C00:Mixed+XO4a,https://doi.org/10.5281/zenodo.20275769,data/gwtc4p1/pe_hdf5/GW230601_224134/IGWN-GWTC4p1-18965dda8_5-GW230601_224134-combined_PEDataRelease.hdf5,pe_hdf5_skymap,C00:IMRPhenomXO4a,True,True,True,BBH,False,True,strain_hdf5_open_ok
6,GW230603_174756,O4a_or_gap,GWTC-4.1,1369849694.9,"H1,L1",8.0,4.0,0.79,,,,,,,,,,,,False,True,False,unknown_OOD,True,False,strain_hdf5_open_ok
7,GW230605_065343,O4a_or_gap,GWTC-4.1,1369983241.5,"H1,L1",11.4,1e-05,0.99,17.4,11.0,11.95,1060.0,0.21,https://zenodo.org/api/records/20275769/files/IGWN-GWTC4p1-18965dda8_5-GW230605_065343-combined_PEDataRelease.hdf5/content,C00:Mixed+XO4a,https://doi.org/10.5281/zenodo.20275769,data/gwtc4p1/pe_hdf5/GW230605_065343/IGWN-GWTC4p1-18965dda8_5-GW230605_065343-combined_PEDataRelease.hdf5,pe_hdf5_skymap,C00:IMRPhenomXO4a,True,True,True,BBH,False,True,strain_hdf5_open_ok
8,GW230606_004305,O4a_or_gap,GWTC-4.1,1370047403.8,"H1,L1",11.1,0.00041,0.99,37.6,25.7,26.5,2800.0,0.48,https://zenodo.org/api/records/20275769/files/IGWN-GWTC4p1-18965dda8_5-GW230606_004305-combined_PEDataRelease.hdf5/content,C00:Mixed,https://doi.org/10.5281/zenodo.20275769,data/gwtc4p1/pe_hdf5/GW230606_004305/IGWN-GWTC4p1-18965dda8_5-GW230606_004305-combined_PEDataRelease.hdf5,pe_hdf5_skymap,C00:IMRPhenomXPHM-SpinTaylor,True,True,True,BBH,False,True,strain_hdf5_open_ok
9,GW230606_024545,O4a_or_gap,GWTC-4.1,1370054763.5,"H1,L1",7.5,1.5,0.88,,,,,,,,,,,,False,True,False,unknown_OOD,True,False,strain_hdf5_open_ok
10,GW230606_065320,O4a_or_gap,GWTC-4.1,1370069618.1,"H1,L1",12.6,7.900000000000001,0.64,,,,,,,,,,,,False,True,False,unknown_OOD,True,False,strain_hdf5_open_ok
11,GW230608_205047,O4a_or_gap,GWTC-4.1,1370292665.2,"H1,L1",10.2,0.0011,0.99,48.0,31.0,32.7,3500.0,0.58,https://zenodo.org/api/records/20275769/files/IGWN-GWTC4p1-18965dda8_5-GW230608_205047-combined_PEDataRelease.hdf5/content,C00:Mixed,https://doi.org/10.5281/zenodo.20275769,data/gwtc4p1/pe_hdf5/GW230608_205047/IGWN-GWTC4p1-18965dda8_5-GW230608_205047-combined_PEDataRelease.hdf5,pe_hdf5_skymap,C00:IMRPhenomXPHM-SpinTaylor,True,True,True,BBH,False,True,strain_hdf5_open_ok
12,GW230609_010824,O4a_or_gap,GWTC-4.1,1370308122.4,"H1,L1",8.0,2.7,0.85,,,,,,,,,,,,False,True,False,unknown_OOD,True,False,strain_hdf5_open_ok
13,GW230609_064958,O4a_or_gap,GWTC-4.1,1370328616.3,"H1,L1",10.6,0.0001,0.99,35.4,25.2,25.6,3400.0,0.56,https://zenodo.org/api/records/20275769/files/IGWN-GWTC4p1-18965dda8_5-GW230609_064958-combined_PEDataRelease.hdf5/content,C00:Mixed,https://doi.org/10.5281/zenodo.20275769,data/gwtc4p1/pe_hdf5/GW230609_064958/IGWN-GWTC4p1-18965dda8_5-GW230609_064958-combined_PEDataRelease.hdf5,pe_hdf5_skymap,C00:IMRPhenomXPHM-SpinTaylor,True,True,True,BBH,False,True,strain_hdf5_open_ok
14,GW230610_061439,O4a_or_gap,GWTC-4.1,1370412897.4,"H1,L1",8.3,13.0,0.53,,,,,,,,,,,,False,True,False,unknown_OOD,True,False,strain_hdf5_open_ok
15,GW230615_160825,O4a_or_gap,GWTC-4.1,1370880524.0,"H1,L1",8.9,4.1,0.76,,,,,,,,,,,,False,True,False,unknown_OOD,True,False,strain_hdf5_open_ok
16,GW230618_102550,O4a_or_gap,GWTC-4.1,1371119168.0,"H1,L1",7.8,11.0,0.6,,,,,,,,,,,,False,True,False,unknown_OOD,True,False,strain_hdf5_open_ok
17,GW230624_113103,O4a_or_gap,GWTC-4.1,1371641481.7,"H1,L1",11.4,0.00017,0.99,27.1,16.1,18.0,1930.0,0.35,https://zenodo.org/api/records/20275769/files/IGWN-GWTC4p1-18965dda8_5-GW230624_113103-combined_PEDataRelease.hdf5/content,C00:Mixed,https://doi.org/10.5281/zenodo.20275769,data/gwtc4p1/pe_hdf5/GW230624_113103/IGWN-GWTC4p1-18965dda8_5-GW230624_113103-combined_PEDataRelease.hdf5,pe_hdf5_skymap,C00:IMRPhenomXPHM-SpinTaylor,True,True,True,BBH,False,True,strain_hdf5_open_ok
18,GW230624_214944,O4a_or_gap,GWTC-4.1,1371678602.5,"H1,L1",10.6,2.2,0.74,,,,,,,,,,,,False,True,False,unknown_OOD,True,False,strain_hdf5_open_ok
19,GW230625_211655,O4a_or_gap,GWTC-4.1,1371763033.0,"H1,L1",8.1,9.8,0.61,,,,,,,,,,,,False,True,False,unknown_OOD,True,False,strain_hdf5_open_ok
20,GW230627_015337,O4a_or_gap,GWTC-4.1,1371866035.8,"H1,L1",28.7,1e-05,0.99,8.4,5.74,6.02,305.0,0.07,https://zenodo.org/api/records/20275769/files/IGWN-GWTC4p1-18965dda8_5-GW230627_015337-combined_PEDataRelease.hdf5/content,C00:Mixed,https://doi.org/10.5281/zenodo.20275769,data/gwtc4p1/pe_hdf5/GW230627_015337/IGWN-GWTC4p1-18965dda8_5-GW230627_015337-combined_PEDataRelease.hdf5,pe_hdf5_skymap,C00:IMRPhenomXPHM-SpinTaylor,True,True,True,BBH,False,True,strain_hdf5_open_ok
21,GW230628_231200,O4a_or_gap,GWTC-4.1,1372029138.4,"H1,L1",16.4,1e-05,0.99,32.5,27.0,25.5,2260.0,0.4,https://zenodo.org/api/records/20275769/files/IGWN-GWTC4p1-18965dda8_5-GW230628_231200-combined_PEDataRelease.hdf5/content,C00:Mixed,https://doi.org/10.5281/zenodo.20275769,data/gwtc4p1/pe_hdf5/GW230628_231200/IGWN-GWTC4p1-18965dda8_5-GW230628_231200-combined_PEDataRelease.hdf5,pe_hdf5_skymap,C00:IMRPhenomXPHM-SpinTaylor,True,True,True,BBH,False,True,strain_hdf5_open_ok
22,GW230630_070659,O4a_or_gap,GWTC-4.1,1372144037.0,"H1,L1",9.8,0.47,0.96,,,,,,,,,,,,False,True,False,unknown_OOD,True,False,strain_hdf5_open_ok
23,GW230630_125806,O4a_or_gap,GWTC-4.1,1372165104.9,"H1,L1",9.0,0.048,0.99,51.0,33.0,35.0,5400.0,0.83,https://zenodo.org/api/records/20275769/files/IGWN-GWTC4p1-18965dda8_5-GW230630_125806-combined_PEDataRelease.hdf5/content,C00:Mixed,https://doi.org/10.5281/zenodo.20275769,data/gwtc4p1/pe_hdf5/GW230630_125806/IGWN-GWTC4p1-18965dda8_5-GW230630_125806-combined_PEDataRelease.hdf5,pe_hdf5_skymap,C00:IMRPhenomXPHM-SpinTaylor,True,True,True,BBH,False,True,strain_hdf5_open_ok
24,GW230630_234532,O4a_or_gap,GWTC-4.1,1372203950.4,"H1,L1",9.9,0.00042,0.99,10.0,6.6,7.06,1090.0,0.21,https://zenodo.org/api/records/20275769/files/IGWN-GWTC4p1-18965dda8_5-GW230630_234532-combined_PEDataRelease.hdf5/content,C00:Mixed,https://doi.org/10.5281/zenodo.20275769,data/gwtc4p1/pe_hdf5/GW230630_234532/IGWN-GWTC4p1-18965dda8_5-GW230630_234532-combined_PEDataRelease.hdf5,pe_hdf5_skymap,C00:IMRPhenomXPHM-SpinTaylor,True,True,True,BBH,False,True,strain_hdf5_open_ok
25,GW230702_162025,O4a_or_gap,GWTC-4.1,1372350043.9,"H1,L1",9.2,6.5,0.6,,,,,,,,,,,,False,True,False,unknown_OOD,True,False,strain_hdf5_open_ok
26,GW230702_185453,O4a_or_gap,GWTC-4.1,1372359311.7,"H1,L1",10.1,1e-05,0.99,40.0,18.0,22.9,2500.0,0.44,https://zenodo.org/api/records/20275769/files/IGWN-GWTC4p1-18965dda8_5-GW230702_185453-combined_PEDataRelease.hdf5/content,C00:Mixed,https://doi.org/10.5281/zenodo.20275769,data/gwtc4p1/pe_hdf5/GW230702_185453/IGWN-GWTC4p1-18965dda8_5-GW230702_185453-combined_PEDataRelease.hdf5,pe_hdf5_skymap,C00:IMRPhenomXPHM-SpinTaylor,True,True,True,BBH,False,True,strain_hdf5_open_ok
27,GW230704_021211,O4a_or_gap,GWTC-4.1,1372471949.2,"H1,L1",9.4,0.037,0.99,32.6,20.0,21.9,2700.0,0.47,https://zenodo.org/api/records/20275769/files/IGWN-GWTC4p1-18965dda8_5-GW230704_021211-combined_PEDataRelease.hdf5/content,C00:Mixed+XO4a,https://doi.org/10.5281/zenodo.20275769,data/gwtc4p1/pe_hdf5/GW230704_021211/IGWN-GWTC4p1-18965dda8_5-GW230704_021211-combined_PEDataRelease.hdf5,pe_hdf5_skymap,C00:IMRPhenomXO4a,True,True,True,BBH,False,True,strain_hdf5_open_ok
28,GW230704_212616,O4a_or_gap,GWTC-4.1,1372541194.7,"H1,L1",8.7,0.51,0.93,89.0,50.0,56.0,7300.0,1.06,https://zenodo.org/api/records/20275769/files/IGWN-GWTC4p1-18965dda8_5-GW230704_212616-combined_PEDataRelease.hdf5/content,C00:Mixed+XO4a,https://doi.org/10.5281/zenodo.20275769,data/gwtc4p1/pe_hdf5/GW230704_212616/IGWN-GWTC4p1-18965dda8_5-GW230704_212616-combined_PEDataRelease.hdf5,pe_hdf5_skymap,C00:IMRPhenomXO4a,True,True,True,BBH,False,True,strain_hdf5_open_ok
29,GW230706_104333,O4a_or_gap,GWTC-4.1,1372675431.2,"H1,L1",9.2,0.2199999999999999,0.99,16.3,11.5,11.8,1910.0,0.35,https://zenodo.org/api/records/20275769/files/IGWN-GWTC4p1-18965dda8_5-GW230706_104333-combined_PEDataRelease.hdf5/content,C00:Mixed,https://doi.org/10.5281/zenodo.20275769,data/gwtc4p1/pe_hdf5/GW230706_104333/IGWN-GWTC4p1-18965dda8_5-GW230706_104333-combined_PEDataRelease.hdf5,pe_hdf5_skymap,C00:IMRPhenomXPHM-SpinTaylor,True,True,True,BBH,False,True,strain_hdf5_open_ok
30,GW230707_124047,O4a_or_gap,GWTC-4.1,1372768865.3,"H1,L1",11.9,0.00042,0.99,46.1,36.3,35.1,4400.0,0.71,https://zenodo.org/api/records/20275769/files/IGWN-GWTC4p1-18965dda8_5-GW230707_124047-combined_PEDataRelease.hdf5/content,C00:Mixed,https://doi.org/10.5281/zenodo.20275769,data/gwtc4p1/pe_hdf5/GW230707_124047/IGWN-GWTC4p1-18965dda8_5-GW230707_124047-combined_PEDataRelease.hdf5,pe_hdf5_skymap,C00:IMRPhenomXPHM-SpinTaylor,True,True,True,BBH,False,True,strain_hdf5_open_ok
31,GW230708_053705,O4a_or_gap,GWTC-4.1,1372829843.1,"H1,L1",8.9,0.028,0.99,29.1,22.7,22.2,3300.0,0.55,https://zenodo.org/api/records/20275769/files/IGWN-GWTC4p1-18965dda8_5-GW230708_053705-combined_PEDataRelease.hdf5/content,C00:Mixed,https://doi.org/10.5281/zenodo.20275769,data/gwtc4p1/pe_hdf5/GW230708_053705/IGWN-GWTC4p1-18965dda8_5-GW230708_053705-combined_PEDataRelease.hdf5,pe_hdf5_skymap,C00:IMRPhenomXPHM-SpinTaylor,True,True,True,BBH,False,True,strain_hdf5_open_ok
32,GW230708_071859,O4a_or_gap,GWTC-4.1,1372835957.4,"H1,L1",9.1,1.4,0.89,,,,,,,,,,,,False,True,False,unknown_OOD,True,False,strain_hdf5_open_ok
33,GW230708_230935,O4a_or_gap,GWTC-4.1,1372892993.5,"H1,L1",10.0,0.001,0.99,64.0,40.0,42.6,3500.0,0.59,https://zenodo.org/api/records/20275769/files/IGWN-GWTC4p1-18965dda8_5-GW230708_230935-combined_PEDataRelease.hdf5/content,C00:Mixed+XO4a,https://doi.org/10.5281/zenodo.20275769,data/gwtc4p1/pe_hdf5/GW230708_230935/IGWN-GWTC4p1-18965dda8_5-GW230708_230935-combined_PEDataRelease.hdf5,pe_hdf5_skymap,C00:IMRPhenomXO4a,True,True,True,BBH,False,True,strain_hdf5_open_ok
34,GW230709_063445,O4a_or_gap,GWTC-4.1,1372919703.1,"H1,L1",7.9,3.3,0.8,,,,,,,,,,,,False,True,False,unknown_OOD,True,False,strain_hdf5_open_ok
35,GW230709_122727,O4a_or_gap,GWTC-4.1,1372940865.2,"H1,L1",10.2,0.00097,0.99,45.0,30.0,30.9,4700.0,0.74,https://zenodo.org/api/records/20275769/files/IGWN-GWTC4p1-18965dda8_5-GW230709_122727-combined_PEDataRelease.hdf5/content,C00:Mixed+XO4a,https://doi.org/10.5281/zenodo.20275769,data/gwtc4p1/pe_hdf5/GW230709_122727/IGWN-GWTC4p1-18965dda8_5-GW230709_122727-combined_PEDataRelease.hdf5,pe_hdf5_skymap,C00:IMRPhenomXPHM-SpinTaylor,True,True,True,BBH,False,True,strain_hdf5_open_ok
36,GW230712_090405,O4a_or_gap,GWTC-4.1,1373187863.9,"H1,L1",9.5,0.018,0.99,32.0,12.5,16.2,2000.0,0.37,https://zenodo.org/api/records/20275769/files/IGWN-GWTC4p1-18965dda8_5-GW230712_090405-combined_PEDataRelease.hdf5/content,C00:Mixed+XO4a,https://doi.org/10.5281/zenodo.20275769,data/gwtc4p1/pe_hdf5/GW230712_090405/IGWN-GWTC4p1-18965dda8_5-GW230712_090405-combined_PEDataRelease.hdf5,pe_hdf5_skymap,C00:IMRPhenomXO4a,True,True,True,BBH,False,True,strain_hdf5_open_ok
37,GW230717_102139,O4a_or_gap,GWTC-4.1,1373624517.1,"H1,L1",8.3,6.8,0.67,,,,,,,,,,,,False,True,False,unknown_OOD,True,False,strain_hdf5_open_ok
38,GW230721_222634,O4a_or_gap,GWTC-4.1,1374013612.8,"H1,L1",7.9,4.1,0.73,,,,,,,,,,,,False,True,False,unknown_OOD,True,False,strain_hdf5_open_ok
39,GW230723_084820,O4a_or_gap,GWTC-4.1,1374137318.4,"H1,L1",8.4,3.9,0.64,,,,,,,,,,,,False,True,False,unknown_OOD,True,False,strain_hdf5_open_ok
40,GW230723_101834,O4a_or_gap,GWTC-4.1,1374142732.4,"H1,L1",10.1,0.00022,0.99,16.6,10.6,11.4,1610.0,0.3,https://zenodo.org/api/records/20275769/files/IGWN-GWTC4p1-18965dda8_5-GW230723_101834-combined_PEDataRelease.hdf5/content,C00:Mixed,https://doi.org/10.5281/zenodo.20275769,data/gwtc4p1/pe_hdf5/GW230723_101834/IGWN-GWTC4p1-18965dda8_5-GW230723_101834-combined_PEDataRelease.hdf5,pe_hdf5_skymap,C00:IMRPhenomXPHM-SpinTaylor,True,True,True,BBH,False,True,strain_hdf5_open_ok
41,GW230726_002940,O4a_or_gap,GWTC-4.1,1374366598.1,"H1,L1",10.5,1e-05,0.99,35.6,27.9,27.2,2100.0,0.37,https://zenodo.org/api/records/20275769/files/IGWN-GWTC4p1-18965dda8_5-GW230726_002940-combined_PEDataRelease.hdf5/content,C00:Mixed,https://doi.org/10.5281/zenodo.20275769,data/gwtc4p1/pe_hdf5/GW230726_002940/IGWN-GWTC4p1-18965dda8_5-GW230726_002940-combined_PEDataRelease.hdf5,pe_hdf5_skymap,C00:IMRPhenomXPHM-SpinTaylor,True,True,True,BBH,False,True,strain_hdf5_open_ok
42,GW230728_083628,O4a_or_gap,GWTC-4.1,1374568606.9,"H1,L1",13.1,1.4,0.89,,,,,,,,,,,,False,True,False,unknown_OOD,True,False,strain_hdf5_open_ok
43,GW230729_082317,O4a_or_gap,GWTC-4.1,1374654215.2,"H1,L1",9.5,0.17,0.98,12.3,7.6,8.34,1640.0,0.31,https://zenodo.org/api/records/20275769/files/IGWN-GWTC4p1-18965dda8_5-GW230729_082317-combined_PEDataRelease.hdf5/content,C00:Mixed,https://doi.org/10.5281/zenodo.20275769,data/gwtc4p1/pe_hdf5/GW230729_082317/IGWN-GWTC4p1-18965dda8_5-GW230729_082317-combined_PEDataRelease.hdf5,pe_hdf5_skymap,C00:IMRPhenomXPHM-SpinTaylor,True,True,True,BBH,False,True,strain_hdf5_open_ok
44,GW230731_215307,O4a_or_gap,GWTC-4.1,1374875605.9,"H1,L1",12.2,1e-05,0.99,10.3,7.9,7.78,1100.0,0.22,https://zenodo.org/api/records/20275769/files/IGWN-GWTC4p1-18965dda8_5-GW230731_215307-combined_PEDataRelease.hdf5/content,C00:Mixed,https://doi.org/10.5281/zenodo.20275769,data/gwtc4p1/pe_hdf5/GW230731_215307/IGWN-GWTC4p1-18965dda8_5-GW230731_215307-combined_PEDataRelease.hdf5,pe_hdf5_skymap,C00:IMRPhenomXPHM-SpinTaylor,True,True,True,BBH,False,True,strain_hdf5_open_ok
45,GW230803_033412,O4a_or_gap,GWTC-4.1,1375068870.4,"H1,L1",9.4,0.044,0.99,44.0,29.0,30.5,5000.0,0.78,https://zenodo.org/api/records/20275769/files/IGWN-GWTC4p1-18965dda8_5-GW230803_033412-combined_PEDataRelease.hdf5/content,C00:Mixed+XO4a,https://doi.org/10.5281/zenodo.20275769,data/gwtc4p1/pe_hdf5/GW230803_033412/IGWN-GWTC4p1-18965dda8_5-GW230803_033412-combined_PEDataRelease.hdf5,pe_hdf5_skymap,C00:IMRPhenomXO4a,True,True,True,BBH,False,True,strain_hdf5_open_ok
46,GW230805_034249,O4a_or_gap,GWTC-4.1,1375242188.0,"H1,L1",9.5,0.00029,0.99,32.2,22.6,23.1,3500.0,0.58,https://zenodo.org/api/records/20275769/files/IGWN-GWTC4p1-18965dda8_5-GW230805_034249-combined_PEDataRelease.hdf5/content,C00:Mixed,https://doi.org/10.5281/zenodo.20275769,data/gwtc4p1/pe_hdf5/GW230805_034249/IGWN-GWTC4p1-18965dda8_5-GW230805_034249-combined_PEDataRelease.hdf5,pe_hdf5_skymap,C00:IMRPhenomXPHM-SpinTaylor,True,True,True,BBH,False,True,strain_hdf5_open_ok
47,GW230806_204041,O4a_or_gap,GWTC-4.1,1375389659.9,"H1,L1",9.4,0.0035,0.99,51.0,35.0,35.9,5500.0,0.84,https://zenodo.org/api/records/20275769/files/IGWN-GWTC4p1-18965dda8_5-GW230806_204041-combined_PEDataRelease.hdf5/content,C00:Mixed,https://doi.org/10.5281/zenodo.20275769,data/gwtc4p1/pe_hdf5/GW230806_204041/IGWN-GWTC4p1-18965dda8_5-GW230806_204041-combined_PEDataRelease.hdf5,pe_hdf5_skymap,C00:IMRPhenomXPHM-SpinTaylor,True,True,True,BBH,False,True,strain_hdf5_open_ok
48,GW230807_205045,O4a_or_gap,GWTC-4.1,1375476663.4,"H1,L1",8.1,2.9,0.82,,,,,,,,,,,,False,True,False,unknown_OOD,True,False,strain_hdf5_open_ok
49,GW230811_032116,O4a_or_gap,GWTC-4.1,1375759294.3,"H1,L1",13.6,1e-05,0.99,35.4,22.3,24.1,2100.0,0.38,https://zenodo.org/api/records/20275769/files/IGWN-GWTC4p1-18965dda8_5-GW230811_032116-combined_PEDataRelease.hdf5/content,C00:Mixed,https://doi.org/10.5281/zenodo.20275769,data/gwtc4p1/pe_hdf5/GW230811_032116/IGWN-GWTC4p1-18965dda8_5-GW230811_032116-combined_PEDataRelease.hdf5,pe_hdf5_skymap,C00:IMRPhenomXPHM-SpinTaylor,True,True,True,BBH,False,True,strain_hdf5_open_ok
50,GW230814_061920,O4a_or_gap,GWTC-4.1,1376029178.5,"H1,L1",11.2,0.00059,0.99,69.0,42.0,46.0,4000.0,0.64,https://zenodo.org/api/records/20275769/files/IGWN-GWTC4p1-18965dda8_5-GW230814_061920-combined_PEDataRelease.hdf5/content,C00:Mixed+XO4a,https://doi.org/10.5281/zenodo.20275769,data/gwtc4p1/pe_hdf5/GW230814_061920/IGWN-GWTC4p1-18965dda8_5-GW230814_061920-combined_PEDataRelease.hdf5,pe_hdf5_skymap,C00:IMRPhenomXO4a,True,True,True,BBH,False,True,strain_hdf5_open_ok
51,GW230814_230901,O4a_or_gap,GWTC-4.1,1376089759.8,"H1,L1",43.0,1e-05,0.99,33.7,28.2,26.78,290.0,0.06,https://zenodo.org/api/records/20275769/files/IGWN-GWTC4p1-18965dda8_5-GW230814_230901-combined_PEDataRelease.hdf5/content,C00:Mixed+XO4a,https://doi.org/10.5281/zenodo.20275769,data/gwtc4p1/pe_hdf5/GW230814_230901/IGWN-GWTC4p1-18965dda8_5-GW230814_230901-combined_PEDataRelease.hdf5,pe_hdf5_skymap,C00:IMRPhenomXO4a,True,True,True,BBH,False,True,strain_hdf5_open_ok
52,GW230817_212349,O4a_or_gap,GWTC-4.1,1376342647.1,"H1,L1",7.8,2.0,0.86,,,,,,,,,,,,False,True,False,unknown_OOD,True,False,strain_hdf5_open_ok
53,GW230819_171910,O4a_or_gap,GWTC-4.1,1376500768.4,"H1,L1",9.9,0.011,0.99,70.0,35.0,42.0,4100.0,0.66,https://zenodo.org/api/records/20275769/files/IGWN-GWTC4p1-18965dda8_5-GW230819_171910-combined_PEDataRelease.hdf5/content,C00:Mixed,https://doi.org/10.5281/zenodo.20275769,data/gwtc4p1/pe_hdf5/GW230819_171910/IGWN-GWTC4p1-18965dda8_5-GW230819_171910-combined_PEDataRelease.hdf5,pe_hdf5_skymap,C00:IMRPhenomXPHM-SpinTaylor,True,True,True,BBH,False,True,strain_hdf5_open_ok
54,GW230820_212515,O4a_or_gap,GWTC-4.1,1376601934.0,"H1,L1",9.3,0.24,0.98,62.0,34.0,38.5,4000.0,0.65,https://zenodo.org/api/records/20275769/files/IGWN-GWTC4p1-18965dda8_5-GW230820_212515-combined_PEDataRelease.hdf5/content,C00:Mixed,https://doi.org/10.5281/zenodo.20275769,data/gwtc4p1/pe_hdf5/GW230820_212515/IGWN-GWTC4p1-18965dda8_5-GW230820_212515-combined_PEDataRelease.hdf5,pe_hdf5_skymap,C00:IMRPhenomXPHM-SpinTaylor,True,True,True,BBH,False,True,strain_hdf5_open_ok
55,GW230822_230337,O4a_or_gap,GWTC-4.1,1376780635.5,"H1,L1",8.3,1.4,0.89,,,,,,,,,,,,False,True,False,unknown_OOD,True,False,strain_hdf5_open_ok
56,GW230823_142524,O4a_or_gap,GWTC-4.1,1376835942.6,"H1,L1",8.8,1.6,0.86,,,,,,,,,,,,False,True,False,unknown_OOD,True,False,strain_hdf5_open_ok
57,GW230824_033047,O4a_or_gap,GWTC-4.1,1376883065.7,"H1,L1",11.1,1e-05,0.99,53.0,36.0,36.9,4700.0,0.74,https://zenodo.org/api/records/20275769/files/IGWN-GWTC4p1-18965dda8_5-GW230824_033047-combined_PEDataRelease.hdf5/content,C00:Mixed,https://doi.org/10.5281/zenodo.20275769,data/gwtc4p1/pe_hdf5/GW230824_033047/IGWN-GWTC4p1-18965dda8_5-GW230824_033047-combined_PEDataRelease.hdf5,pe_hdf5_skymap,C00:IMRPhenomXPHM-SpinTaylor,True,True,True,BBH,False,True,strain_hdf5_open_ok
58,GW230824_135331,O4a_or_gap,GWTC-4.1,1376920429.9,"H1,L1",9.7,6.2,0.58,,,,,,,,,,,,False,True,False,unknown_OOD,True,False,strain_hdf5_open_ok
59,GW230825_041334,O4a_or_gap,GWTC-4.1,1376972032.5,"H1,L1",8.8,0.093,0.99,44.0,27.2,29.5,4900.0,0.76,https://zenodo.org/api/records/20275769/files/IGWN-GWTC4p1-18965dda8_5-GW230825_041334-combined_PEDataRelease.hdf5/content,C00:Mixed+XO4a,https://doi.org/10.5281/zenodo.20275769,data/gwtc4p1/pe_hdf5/GW230825_041334/IGWN-GWTC4p1-18965dda8_5-GW230825_041334-combined_PEDataRelease.hdf5,pe_hdf5_skymap,C00:IMRPhenomXO4a,True,True,True,BBH,False,True,strain_hdf5_open_ok
60,GW230830_064744,O4a_or_gap,GWTC-4.1,1377413282.2,"H1,L1",8.5,3.2,0.8,,,,,,,,,,,,False,True,False,unknown_OOD,True,False,strain_hdf5_open_ok
61,GW230831_015414,O4a_or_gap,GWTC-4.1,1377482072.1,"H1,L1",8.6,0.036,0.99,42.0,30.0,30.7,4900.0,0.77,https://zenodo.org/api/records/20275769/files/IGWN-GWTC4p1-18965dda8_5-GW230831_015414-combined_PEDataRelease.hdf5/content,C00:Mixed,https://doi.org/10.5281/zenodo.20275769,data/gwtc4p1/pe_hdf5/GW230831_015414/IGWN-GWTC4p1-18965dda8_5-GW230831_015414-combined_PEDataRelease.hdf5,pe_hdf5_skymap,C00:IMRPhenomXPHM-SpinTaylor,True,True,True,BBH,False,True,strain_hdf5_open_ok
62,GW230831_134621,O4a_or_gap,GWTC-4.1,1377524799.7,"H1,L1",8.8,2.8,0.8,,,,,,,,,,,,False,True,False,unknown_OOD,True,False,strain_hdf5_open_ok
63,GW230902_122814,O4a_or_gap,GWTC-4.1,1377692912.9,"H1,L1",8.1,2.0,0.84,,,,,,,,,,,,False,True,False,unknown_OOD,True,False,strain_hdf5_open_ok
64,GW230902_150325,O4a_or_gap,GWTC-4.1,1377702223.2,"H1,L1",7.8,7.400000000000001,0.65,,,,,,,,,,,,False,True,False,unknown_OOD,True,False,strain_hdf5_open_ok
65,GW230902_172430,O4a_or_gap,GWTC-4.1,1377710688.8,"H1,L1",8.5,10.0,0.6,,,,,,,,,,,,False,True,False,unknown_OOD,True,False,strain_hdf5_open_ok
66,GW230902_224555,O4a_or_gap,GWTC-4.1,1377729973.7,"H1,L1",7.5,14.0,0.51,,,,,,,,,,,,False,True,False,unknown_OOD,True,False,strain_hdf5_open_ok
67,GW230904_051013,O4a_or_gap,GWTC-4.1,1377839431.1,"H1,L1",10.5,3.7e-05,0.99,10.6,7.1,7.53,1030.0,0.2,https://zenodo.org/api/records/20275769/files/IGWN-GWTC4p1-18965dda8_5-GW230904_051013-combined_PEDataRelease.hdf5/content,C00:Mixed,https://doi.org/10.5281/zenodo.20275769,data/gwtc4p1/pe_hdf5/GW230904_051013/IGWN-GWTC4p1-18965dda8_5-GW230904_051013-combined_PEDataRelease.hdf5,pe_hdf5_skymap,C00:IMRPhenomXPHM-SpinTaylor,True,True,True,BBH,False,True,strain_hdf5_open_ok
68,GW230904_152545,O4a_or_gap,GWTC-4.1,1377876363.2,"H1,L1",9.2,4.4,0.75,,,,,,,,,,,,False,True,False,unknown_OOD,True,False,strain_hdf5_open_ok
69,GW230911_195324,O4a_or_gap,GWTC-4.1,1378497222.2,"H1,L1",11.1,0.001,0.99,33.9,21.6,23.2,1350.0,0.26,https://zenodo.org/api/records/20275769/files/IGWN-GWTC4p1-18965dda8_5-GW230911_195324-combined_PEDataRelease.hdf5/content,C00:Mixed+XO4a,https://doi.org/10.5281/zenodo.20275769,data/gwtc4p1/pe_hdf5/GW230911_195324/IGWN-GWTC4p1-18965dda8_5-GW230911_195324-combined_PEDataRelease.hdf5,pe_hdf5_skymap,C00:IMRPhenomXO4a,True,True,True,BBH,False,True,strain_hdf5_open_ok
70,GW230914_111401,O4a_or_gap,GWTC-4.1,1378725259.7,"H1,L1",17.2,1e-05,0.99,60.0,37.0,39.8,2700.0,0.47,https://zenodo.org/api/records/20275769/files/IGWN-GWTC4p1-18965dda8_5-GW230914_111401-combined_PEDataRelease.hdf5/content,C00:Mixed+XO4a,https://doi.org/10.5281/zenodo.20275769,data/gwtc4p1/pe_hdf5/GW230914_111401/IGWN-GWTC4p1-18965dda8_5-GW230914_111401-combined_PEDataRelease.hdf5,pe_hdf5_skymap,C00:IMRPhenomXO4a,True,True,True,BBH,False,True,strain_hdf5_open_ok
71,GW230919_215712,O4a_or_gap,GWTC-4.1,1379195850.0,"H1,L1",16.8,1e-05,0.99,27.3,21.4,21.0,1330.0,0.25,https://zenodo.org/api/records/20275769/files/IGWN-GWTC4p1-18965dda8_5-GW230919_215712-combined_PEDataRelease.hdf5/content,C00:Mixed,https://doi.org/10.5281/zenodo.20275769,data/gwtc4p1/pe_hdf5/GW230919_215712/IGWN-GWTC4p1-18965dda8_5-GW230919_215712-combined_PEDataRelease.hdf5,pe_hdf5_skymap,C00:IMRPhenomXPHM-SpinTaylor,True,True,True,BBH,False,True,strain_hdf5_open_ok
72,GW230920_064709,O4a_or_gap,GWTC-4.1,1379227647.3,"H1,L1",9.5,3.2,0.79,,,,,,,,,,,,False,True,False,unknown_OOD,True,False,strain_hdf5_open_ok
73,GW230920_071124,O4a_or_gap,GWTC-4.1,1379229102.7,"H1,L1",11.1,1e-05,0.99,32.4,23.8,23.9,2900.0,0.49,https://zenodo.org/api/records/20275769/files/IGWN-GWTC4p1-18965dda8_5-GW230920_071124-combined_PEDataRelease.hdf5/content,C00:Mixed,https://doi.org/10.5281/zenodo.20275769,data/gwtc4p1/pe_hdf5/GW230920_071124/IGWN-GWTC4p1-18965dda8_5-GW230920_071124-combined_PEDataRelease.hdf5,pe_hdf5_skymap,C00:IMRPhenomXPHM-SpinTaylor,True,True,True,BBH,False,True,strain_hdf5_open_ok
74,GW230922_020344,O4a_or_gap,GWTC-4.1,1379383442.9,"H1,L1",13.4,1e-05,0.99,39.3,29.2,29.2,1640.0,0.31,https://zenodo.org/api/records/20275769/files/IGWN-GWTC4p1-18965dda8_5-GW230922_020344-combined_PEDataRelease.hdf5/content,C00:Mixed,https://doi.org/10.5281/zenodo.20275769,data/gwtc4p1/pe_hdf5/GW230922_020344/IGWN-GWTC4p1-18965dda8_5-GW230922_020344-combined_PEDataRelease.hdf5,pe_hdf5_skymap,C00:IMRPhenomXPHM-SpinTaylor,True,True,True,BBH,False,True,strain_hdf5_open_ok
75,GW230922_040658,O4a_or_gap,GWTC-4.1,1379390836.1,"H1,L1",12.5,1e-05,0.99,76.0,51.0,52.0,6500.0,0.96,https://zenodo.org/api/records/20275769/files/IGWN-GWTC4p1-18965dda8_5-GW230922_040658-combined_PEDataRelease.hdf5/content,C00:Mixed,https://doi.org/10.5281/zenodo.20275769,data/gwtc4p1/pe_hdf5/GW230922_040658/IGWN-GWTC4p1-18965dda8_5-GW230922_040658-combined_PEDataRelease.hdf5,pe_hdf5_skymap,C00:IMRPhenomXPHM-SpinTaylor,True,True,True,BBH,False,True,strain_hdf5_open_ok
76,GW230924_124453,O4a_or_gap,GWTC-4.1,1379594711.8,"H1,L1",13.5,1e-05,0.99,28.8,23.2,22.3,2400.0,0.42,https://zenodo.org/api/records/20275769/files/IGWN-GWTC4p1-18965dda8_5-GW230924_124453-combined_PEDataRelease.hdf5/content,C00:Mixed,https://doi.org/10.5281/zenodo.20275769,data/gwtc4p1/pe_hdf5/GW230924_124453/IGWN-GWTC4p1-18965dda8_5-GW230924_124453-combined_PEDataRelease.hdf5,pe_hdf5_skymap,C00:IMRPhenomXPHM-SpinTaylor,True,True,True,BBH,False,True,strain_hdf5_open_ok
77,GW230925_143957,O4a_or_gap,GWTC-4.1,1379688015.5,"H1,L1",8.0,8.2,0.55,,,,,,,,,,,,False,True,False,unknown_OOD,True,False,strain_hdf5_open_ok
78,GW230927_043729,O4a_or_gap,GWTC-4.1,1379824667.1,"H1,L1",12.1,1e-05,0.99,35.0,27.1,26.5,3200.0,0.55,https://zenodo.org/api/records/20275769/files/IGWN-GWTC4p1-18965dda8_5-GW230927_043729-combined_PEDataRelease.hdf5/content,C00:Mixed,https://doi.org/10.5281/zenodo.20275769,data/gwtc4p1/pe_hdf5/GW230927_043729/IGWN-GWTC4p1-18965dda8_5-GW230927_043729-combined_PEDataRelease.hdf5,pe_hdf5_skymap,C00:IMRPhenomXPHM-SpinTaylor,True,True,True,BBH,False,True,strain_hdf5_open_ok
79,GW230927_153832,O4a_or_gap,GWTC-4.1,1379864330.9,"H1,L1",20.3,1e-05,0.99,21.7,16.6,16.37,1190.0,0.23,https://zenodo.org/api/records/20275769/files/IGWN-GWTC4p1-18965dda8_5-GW230927_153832-combined_PEDataRelease.hdf5/content,C00:Mixed+XO4a,https://doi.org/10.5281/zenodo.20275769,data/gwtc4p1/pe_hdf5/GW230927_153832/IGWN-GWTC4p1-18965dda8_5-GW230927_153832-combined_PEDataRelease.hdf5,pe_hdf5_skymap,C00:IMRPhenomXO4a,True,True,True,BBH,False,True,strain_hdf5_open_ok
80,GW230928_215827,O4a_or_gap,GWTC-4.1,1379973525.1,"H1,L1",10.5,1.3999999999999998e-05,0.99,54.0,29.0,33.6,4900.0,0.77,https://zenodo.org/api/records/20275769/files/IGWN-GWTC4p1-18965dda8_5-GW230928_215827-combined_PEDataRelease.hdf5/content,C00:Mixed,https://doi.org/10.5281/zenodo.20275769,data/gwtc4p1/pe_hdf5/GW230928_215827/IGWN-GWTC4p1-18965dda8_5-GW230928_215827-combined_PEDataRelease.hdf5,pe_hdf5_skymap,C00:IMRPhenomXPHM-SpinTaylor,True,True,True,BBH,False,True,strain_hdf5_open_ok
81,GW230930_110730,O4a_or_gap,GWTC-4.1,1380107268.4,"H1,L1",9.0,0.0949999999999999,0.99,34.5,24.4,24.8,4900.0,0.76,https://zenodo.org/api/records/20275769/files/IGWN-GWTC4p1-18965dda8_5-GW230930_110730-combined_PEDataRelease.hdf5/content,C00:Mixed,https://doi.org/10.5281/zenodo.20275769,data/gwtc4p1/pe_hdf5/GW230930_110730/IGWN-GWTC4p1-18965dda8_5-GW230930_110730-combined_PEDataRelease.hdf5,pe_hdf5_skymap,C00:IMRPhenomXPHM-SpinTaylor,True,True,True,BBH,False,True,strain_hdf5_open_ok
82,GW231001_140220,O4a_or_gap,GWTC-4.1,1380204158.7,"H1,L1",11.5,1.5e-05,0.99,76.0,41.0,46.6,4400.0,0.7,https://zenodo.org/api/records/20275769/files/IGWN-GWTC4p1-18965dda8_5-GW231001_140220-combined_PEDataRelease.hdf5/content,C00:Mixed+XO4a,https://doi.org/10.5281/zenodo.20275769,data/gwtc4p1/pe_hdf5/GW231001_140220/IGWN-GWTC4p1-18965dda8_5-GW231001_140220-combined_PEDataRelease.hdf5,pe_hdf5_skymap,C00:IMRPhenomXO4a,True,True,True,BBH,False,True,strain_hdf5_open_ok
83,GW231002_143916,O4a_or_gap,GWTC-4.1,1380292774.7,"H1,L1",9.4,1.0,0.9,,,,,,,,,,,,False,True,False,unknown_OOD,True,False,strain_hdf5_open_ok
84,GW231004_232346,O4a_or_gap,GWTC-4.1,1380497044.3,"H1,L1",8.9,0.16,0.97,64.0,35.0,40.0,4400.0,0.7,https://zenodo.org/api/records/20275769/files/IGWN-GWTC4p1-18965dda8_5-GW231004_232346-combined_PEDataRelease.hdf5/content,C00:Mixed+XO4a,https://doi.org/10.5281/zenodo.20275769,data/gwtc4p1/pe_hdf5/GW231004_232346/IGWN-GWTC4p1-18965dda8_5-GW231004_232346-combined_PEDataRelease.hdf5,pe_hdf5_skymap,C00:IMRPhenomXO4a,True,True,True,BBH,False,True,strain_hdf5_open_ok
85,GW231005_021030,O4a_or_gap,GWTC-4.1,1380507049.0,"H1,L1",10.4,0.01,0.99,84.0,50.0,54.0,6300.0,0.93,https://zenodo.org/api/records/20275769/files/IGWN-GWTC4p1-18965dda8_5-GW231005_021030-combined_PEDataRelease.hdf5/content,C00:Mixed+XO4a,https://doi.org/10.5281/zenodo.20275769,data/gwtc4p1/pe_hdf5/GW231005_021030/IGWN-GWTC4p1-18965dda8_5-GW231005_021030-combined_PEDataRelease.hdf5,pe_hdf5_skymap,C00:IMRPhenomXO4a,True,True,True,BBH,False,True,strain_hdf5_open_ok
86,GW231005_091549,O4a_or_gap,GWTC-4.1,1380532567.5,"H1,L1",11.0,0.04,0.99,28.8,21.2,21.3,3800.0,0.62,https://zenodo.org/api/records/20275769/files/IGWN-GWTC4p1-18965dda8_5-GW231005_091549-combined_PEDataRelease.hdf5/content,C00:Mixed,https://doi.org/10.5281/zenodo.20275769,data/gwtc4p1/pe_hdf5/GW231005_091549/IGWN-GWTC4p1-18965dda8_5-GW231005_091549-combined_PEDataRelease.hdf5,pe_hdf5_skymap,C00:IMRPhenomXPHM-SpinTaylor,True,True,True,BBH,False,True,strain_hdf5_open_ok
87,GW231005_144455,O4a_or_gap,GWTC-4.1,1380552313.4,"H1,L1",7.3,14.0,0.52,,,,,,,,,,,,False,True,False,unknown_OOD,True,False,strain_hdf5_open_ok
88,GW231007_134720,O4a_or_gap,GWTC-4.1,1380721658.8,"H1,L1",8.1,8.3,0.63,,,,,,,,,,,,False,True,False,unknown_OOD,True,False,strain_hdf5_open_ok
89,GW231008_142521,O4a_or_gap,GWTC-4.1,1380810339.8,"H1,L1",9.3,0.0015,0.99,45.0,25.6,29.0,3000.0,0.51,https://zenodo.org/api/records/20275769/files/IGWN-GWTC4p1-18965dda8_5-GW231008_142521-combined_PEDataRelease.hdf5/content,C00:Mixed,https://doi.org/10.5281/zenodo.20275769,data/gwtc4p1/pe_hdf5/GW231008_142521/IGWN-GWTC4p1-18965dda8_5-GW231008_142521-combined_PEDataRelease.hdf5,pe_hdf5_skymap,C00:IMRPhenomXPHM-SpinTaylor,True,True,True,BBH,False,True,strain_hdf5_open_ok
90,GW231013_135504,O4a_or_gap,GWTC-4.1,1381240522.4,"H1,L1",8.4,15.0,0.53,,,,,,,,,,,,False,True,False,unknown_OOD,True,False,strain_hdf5_open_ok
91,GW231014_040532,O4a_or_gap,GWTC-4.1,1381291551.0,"H1,L1",9.0,0.21,0.98,20.6,14.7,15.0,2300.0,0.42,https://zenodo.org/api/records/20275769/files/IGWN-GWTC4p1-18965dda8_5-GW231014_040532-combined_PEDataRelease.hdf5/content,C00:Mixed,https://doi.org/10.5281/zenodo.20275769,data/gwtc4p1/pe_hdf5/GW231014_040532/IGWN-GWTC4p1-18965dda8_5-GW231014_040532-combined_PEDataRelease.hdf5,pe_hdf5_skymap,C00:IMRPhenomXPHM-SpinTaylor,True,True,True,BBH,False,True,strain_hdf5_open_ok
92,GW231018_233037,O4a_or_gap,GWTC-4.1,1381707055.0,"H1,L1",9.1,0.68,0.93,11.6,7.3,7.9,1540.0,0.29,https://zenodo.org/api/records/20275769/files/IGWN-GWTC4p1-18965dda8_5-GW231018_233037-combined_PEDataRelease.hdf5/content,C00:Mixed,https://doi.org/10.5281/zenodo.20275769,data/gwtc4p1/pe_hdf5/GW231018_233037/IGWN-GWTC4p1-18965dda8_5-GW231018_233037-combined_PEDataRelease.hdf5,pe_hdf5_skymap,C00:IMRPhenomXPHM-SpinTaylor,True,True,True,BBH,False,True,strain_hdf5_open_ok
93,GW231020_142947,O4a_or_gap,GWTC-4.1,1381847405.6,"H1,L1",12.0,1e-05,0.99,12.0,7.4,8.07,1230.0,0.24,https://zenodo.org/api/records/20275769/files/IGWN-GWTC4p1-18965dda8_5-GW231020_142947-combined_PEDataRelease.hdf5/content,C00:Mixed,https://doi.org/10.5281/zenodo.20275769,data/gwtc4p1/pe_hdf5/GW231020_142947/IGWN-GWTC4p1-18965dda8_5-GW231020_142947-combined_PEDataRelease.hdf5,pe_hdf5_skymap,C00:IMRPhenomXPHM-SpinTaylor,True,True,True,BBH,False,True,strain_hdf5_open_ok
94,GW231024_023603,O4a_or_gap,GWTC-4.1,1382150181.2,"H1,L1",8.3,14.0,0.51,,,,,,,,,,,,False,True,False,unknown_OOD,True,False,strain_hdf5_open_ok
95,GW231025_142306,O4a_or_gap,GWTC-4.1,1382279004.1,"H1,L1",8.3,5.3,0.71,,,,,,,,,,,,False,True,False,unknown_OOD,True,False,strain_hdf5_open_ok
96,GW231026_130704,O4a_or_gap,GWTC-4.1,1382360842.2,"H1,L1",8.3,0.7599999999999999,0.95,34.0,20.8,22.8,4400.0,0.71,https://zenodo.org/api/records/20275769/files/IGWN-GWTC4p1-18965dda8_5-GW231026_130704-combined_PEDataRelease.hdf5/content,C00:IMRPhenomXPHM-SpinTaylor,https://doi.org/10.5281/zenodo.20275769,data/gwtc4p1/pe_hdf5/GW231026_130704/IGWN-GWTC4p1-18965dda8_5-GW231026_130704-combined_PEDataRelease.hdf5,,,False,True,False,BBH,False,False,strain_hdf5_open_ok
97,GW231028_153006,O4a_or_gap,GWTC-4.1,1382542224.3,"H1,L1",22.4,1e-05,0.99,94.0,59.0,63.0,4200.0,0.68,https://zenodo.org/api/records/20275769/files/IGWN-GWTC4p1-18965dda8_5-GW231028_153006-combined_PEDataRelease.hdf5/content,C00:Mixed+XO4a,https://doi.org/10.5281/zenodo.20275769,data/gwtc4p1/pe_hdf5/GW231028_153006/IGWN-GWTC4p1-18965dda8_5-GW231028_153006-combined_PEDataRelease.hdf5,pe_hdf5_skymap,C00:IMRPhenomXO4a,True,True,True,BBH,False,True,strain_hdf5_open_ok
98,GW231029_111508,O4a_or_gap,GWTC-4.1,1382613326.8,L1,10.8,5.1e-05,0.99,65.0,42.0,44.4,3100.0,0.53,https://zenodo.org/api/records/20275769/files/IGWN-GWTC4p1-18965dda8_5-GW231029_111508-combined_PEDataRelease.hdf5/content,C00:Mixed+XO4a,https://doi.org/10.5281/zenodo.20275769,data/gwtc4p1/pe_hdf5/GW231029_111508/IGWN-GWTC4p1-18965dda8_5-GW231029_111508-combined_PEDataRelease.hdf5,pe_hdf5_skymap,C00:IMRPhenomXO4a,True,False,False,BBH,False,True,missing_or_invalid_H1L1
99,GW231102_052214,O4a_or_gap,GWTC-4.1,1382937752.4,"H1,L1",7.9,4.0,0.72,,,,,,,,,,,,False,True,False,unknown_OOD,True,False,strain_hdf5_open_ok
100,GW231102_071736,O4a_or_gap,GWTC-4.1,1382944674.4,"H1,L1",15.6,1e-05,0.99,61.0,42.0,43.3,3800.0,0.63,https://zenodo.org/api/records/20275769/files/IGWN-GWTC4p1-18965dda8_5-GW231102_071736-combined_PEDataRelease.hdf5/content,C00:Mixed+XO4a,https://doi.org/10.5281/zenodo.20275769,data/gwtc4p1/pe_hdf5/GW231102_071736/IGWN-GWTC4p1-18965dda8_5-GW231102_071736-combined_PEDataRelease.hdf5,pe_hdf5_skymap,C00:IMRPhenomXO4a,True,True,True,BBH,False,True,strain_hdf5_open_ok
101,GW231102_232433,O4a_or_gap,GWTC-4.1,1383002691.5,"H1,L1",7.6,2.5,0.8,,,,,,,,,,,,False,True,False,unknown_OOD,True,False,strain_hdf5_open_ok
102,GW231104_133418,O4a_or_gap,GWTC-4.1,1383140076.9,"H1,L1",11.8,1e-05,0.99,12.2,8.6,8.84,1470.0,0.28,https://zenodo.org/api/records/20275769/files/IGWN-GWTC4p1-18965dda8_5-GW231104_133418-combined_PEDataRelease.hdf5/content,C00:Mixed,https://doi.org/10.5281/zenodo.20275769,data/gwtc4p1/pe_hdf5/GW231104_133418/IGWN-GWTC4p1-18965dda8_5-GW231104_133418-combined_PEDataRelease.hdf5,pe_hdf5_skymap,C00:IMRPhenomXPHM-SpinTaylor,True,True,True,BBH,False,True,strain_hdf5_open_ok
103,GW231108_125142,O4a_or_gap,GWTC-4.1,1383483120.5,"H1,L1",12.6,1e-05,0.99,23.2,17.4,17.3,2050.0,0.37,https://zenodo.org/api/records/20275769/files/IGWN-GWTC4p1-18965dda8_5-GW231108_125142-combined_PEDataRelease.hdf5/content,C00:Mixed,https://doi.org/10.5281/zenodo.20275769,data/gwtc4p1/pe_hdf5/GW231108_125142/IGWN-GWTC4p1-18965dda8_5-GW231108_125142-combined_PEDataRelease.hdf5,pe_hdf5_skymap,C00:IMRPhenomXPHM-SpinTaylor,True,True,True,BBH,False,True,strain_hdf5_open_ok
104,GW231110_040320,O4a_or_gap,GWTC-4.1,1383624218.2,"H1,L1",11.5,1e-05,0.99,19.4,12.6,13.4,1890.0,0.35,https://zenodo.org/api/records/20275769/files/IGWN-GWTC4p1-18965dda8_5-GW231110_040320-combined_PEDataRelease.hdf5/content,C00:Mixed,https://doi.org/10.5281/zenodo.20275769,data/gwtc4p1/pe_hdf5/GW231110_040320/IGWN-GWTC4p1-18965dda8_5-GW231110_040320-combined_PEDataRelease.hdf5,pe_hdf5_skymap,C00:IMRPhenomXPHM-SpinTaylor,True,True,True,BBH,False,True,strain_hdf5_open_ok
105,GW231113_062050,O4a_or_gap,GWTC-4.1,1383891668.9,"H1,L1",8.5,5.4,0.71,,,,,,,,,,,,False,True,False,unknown_OOD,True,False,strain_hdf5_open_ok
106,GW231113_112825,O4a_or_gap,GWTC-4.1,1383910123.5,"H1,L1",7.8,14.0,0.51,,,,,,,,,,,,False,True,False,unknown_OOD,True,False,strain_hdf5_open_ok
107,GW231113_122623,O4a_or_gap,GWTC-4.1,1383913601.9,"H1,L1",8.6,0.063,0.99,39.8,26.4,27.9,3400.0,0.56,https://zenodo.org/api/records/20275769/files/IGWN-GWTC4p1-18965dda8_5-GW231113_122623-combined_PEDataRelease.hdf5/content,C00:Mixed,https://doi.org/10.5281/zenodo.20275769,data/gwtc4p1/pe_hdf5/GW231113_122623/IGWN-GWTC4p1-18965dda8_5-GW231113_122623-combined_PEDataRelease.hdf5,pe_hdf5_skymap,C00:IMRPhenomXPHM-SpinTaylor,True,True,True,BBH,False,True,strain_hdf5_open_ok
108,GW231113_150041,O4a_or_gap,GWTC-4.1,1383922859.4,"H1,L1",8.7,0.5,0.97,56.0,29.0,34.0,5200.0,0.8,https://zenodo.org/api/records/20275769/files/IGWN-GWTC4p1-18965dda8_5-GW231113_150041-combined_PEDataRelease.hdf5/content,C00:IMRPhenomXPHM-SpinTaylor,https://doi.org/10.5281/zenodo.20275769,data/gwtc4p1/pe_hdf5/GW231113_150041/IGWN-GWTC4p1-18965dda8_5-GW231113_150041-combined_PEDataRelease.hdf5,,,False,True,False,BBH,False,False,strain_hdf5_open_ok
109,GW231113_200417,O4a_or_gap,GWTC-4.1,1383941075.9,"H1,L1",10.5,2.7e-05,0.99,11.6,7.4,8.0,1160.0,0.23,https://zenodo.org/api/records/20275769/files/IGWN-GWTC4p1-18965dda8_5-GW231113_200417-combined_PEDataRelease.hdf5/content,C00:Mixed,https://doi.org/10.5281/zenodo.20275769,data/gwtc4p1/pe_hdf5/GW231113_200417/IGWN-GWTC4p1-18965dda8_5-GW231113_200417-combined_PEDataRelease.hdf5,pe_hdf5_skymap,C00:IMRPhenomXPHM-SpinTaylor,True,True,True,BBH,False,True,strain_hdf5_open_ok
110,GW231114_043211,O4a_or_gap,GWTC-4.1,1383971549.2,"H1,L1",10.0,0.0001199999999999,0.99,22.8,8.2,11.6,1390.0,0.26,https://zenodo.org/api/records/20275769/files/IGWN-GWTC4p1-18965dda8_5-GW231114_043211-combined_PEDataRelease.hdf5/content,C00:Mixed+XO4a,https://doi.org/10.5281/zenodo.20275769,data/gwtc4p1/pe_hdf5/GW231114_043211/IGWN-GWTC4p1-18965dda8_5-GW231114_043211-combined_PEDataRelease.hdf5,pe_hdf5_skymap,C00:IMRPhenomXO4a,True,True,True,BBH,False,True,strain_hdf5_open_ok
111,GW231118_005626,O4a_or_gap,GWTC-4.1,1384304204.8,"H1,L1",10.7,1e-05,0.99,20.0,10.8,12.6,2190.0,0.39,https://zenodo.org/api/records/20275769/files/IGWN-GWTC4p1-18965dda8_5-GW231118_005626-combined_PEDataRelease.hdf5/content,C00:Mixed+XO4a,https://doi.org/10.5281/zenodo.20275769,data/gwtc4p1/pe_hdf5/GW231118_005626/IGWN-GWTC4p1-18965dda8_5-GW231118_005626-combined_PEDataRelease.hdf5,pe_hdf5_skymap,C00:IMRPhenomXO4a,True,True,True,BBH,False,True,strain_hdf5_open_ok
112,GW231118_071402,O4a_or_gap,GWTC-4.1,1384326860.2,"H1,L1",9.2,0.00022,0.99,43.0,29.0,30.3,4300.0,0.69,https://zenodo.org/api/records/20275769/files/IGWN-GWTC4p1-18965dda8_5-GW231118_071402-combined_PEDataRelease.hdf5/content,C00:Mixed+XO4a,https://doi.org/10.5281/zenodo.20275769,data/gwtc4p1/pe_hdf5/GW231118_071402/IGWN-GWTC4p1-18965dda8_5-GW231118_071402-combined_PEDataRelease.hdf5,pe_hdf5_skymap,C00:IMRPhenomXO4a,True,True,True,BBH,False,True,strain_hdf5_open_ok
113,GW231118_090602,O4a_or_gap,GWTC-4.1,1384333580.0,"H1,L1",11.0,1e-05,0.99,12.9,7.4,8.36,1360.0,0.26,https://zenodo.org/api/records/20275769/files/IGWN-GWTC4p1-18965dda8_5-GW231118_090602-combined_PEDataRelease.hdf5/content,C00:Mixed,https://doi.org/10.5281/zenodo.20275769,data/gwtc4p1/pe_hdf5/GW231118_090602/IGWN-GWTC4p1-18965dda8_5-GW231118_090602-combined_PEDataRelease.hdf5,pe_hdf5_skymap,C00:IMRPhenomXPHM-SpinTaylor,True,True,True,BBH,False,True,strain_hdf5_open_ok
114,GW231119_075248,O4a_or_gap,GWTC-4.1,1384415586.1,"H1,L1",8.3,0.0029,0.99,49.0,33.0,34.5,6700.0,0.99,https://zenodo.org/api/records/20275769/files/IGWN-GWTC4p1-18965dda8_5-GW231119_075248-combined_PEDataRelease.hdf5/content,C00:Mixed,https://doi.org/10.5281/zenodo.20275769,data/gwtc4p1/pe_hdf5/GW231119_075248/IGWN-GWTC4p1-18965dda8_5-GW231119_075248-combined_PEDataRelease.hdf5,pe_hdf5_skymap,C00:IMRPhenomXPHM-SpinTaylor,True,True,True,BBH,False,True,strain_hdf5_open_ok
115,GW231120_022103,O4a_or_gap,GWTC-4.1,1384482081.0,"H1,L1",10.0,1.6,0.9,,,,,,,,,,,,False,True,False,unknown_OOD,True,False,strain_hdf5_open_ok
116,GW231123_135430,O4a_or_gap,GWTC-4.1,1384782888.7,"H1,L1",21.8,1e-05,0.99,137.0,101.0,101.0,2200.0,0.4,https://zenodo.org/api/records/20275769/files/IGWN-GWTC4p1-18965dda8_5-GW231123_135430-combined_PEDataRelease.hdf5/content,C00:Mixed+XO4a,https://doi.org/10.5281/zenodo.20275769,data/gwtc4p1/pe_hdf5/GW231123_135430/IGWN-GWTC4p1-18965dda8_5-GW231123_135430-combined_PEDataRelease.hdf5,,,False,True,False,BBH,False,False,strain_hdf5_open_ok
117,GW231126_010928,O4a_or_gap,GWTC-4.1,1384996186.3,"H1,L1",9.1,2.1,0.86,,,,,,,,,,,,False,True,False,unknown_OOD,True,False,strain_hdf5_open_ok
118,GW231127_061546,O4a_or_gap,GWTC-4.1,1385100964.5,"H1,L1",8.0,11.0,0.55,,,,,,,,,,,,False,True,False,unknown_OOD,True,False,strain_hdf5_open_ok
119,GW231127_165300,O4a_or_gap,GWTC-4.1,1385139198.9,"H1,L1",9.9,0.01,0.99,45.0,28.0,30.4,4500.0,0.71,https://zenodo.org/api/records/20275769/files/IGWN-GWTC4p1-18965dda8_5-GW231127_165300-combined_PEDataRelease.hdf5/content,C00:Mixed,https://doi.org/10.5281/zenodo.20275769,data/gwtc4p1/pe_hdf5/GW231127_165300/IGWN-GWTC4p1-18965dda8_5-GW231127_165300-combined_PEDataRelease.hdf5,pe_hdf5_skymap,C00:IMRPhenomXPHM-SpinTaylor,True,True,True,BBH,False,True,strain_hdf5_open_ok
120,GW231129_081745,O4a_or_gap,GWTC-4.1,1385281083.6,"H1,L1",9.4,0.056,0.99,45.0,23.8,27.8,3800.0,0.62,https://zenodo.org/api/records/20275769/files/IGWN-GWTC4p1-18965dda8_5-GW231129_081745-combined_PEDataRelease.hdf5/content,C00:Mixed+XO4a,https://doi.org/10.5281/zenodo.20275769,data/gwtc4p1/pe_hdf5/GW231129_081745/IGWN-GWTC4p1-18965dda8_5-GW231129_081745-combined_PEDataRelease.hdf5,pe_hdf5_skymap,C00:IMRPhenomXO4a,True,True,True,BBH,False,True,strain_hdf5_open_ok
121,GW231204_090648,O4a_or_gap,GWTC-4.1,1385716026.9,"H1,L1",8.4,3.5,0.78,,,,,,,,,,,,False,True,False,unknown_OOD,True,False,strain_hdf5_open_ok
122,GW231206_010629,O4a_or_gap,GWTC-4.1,1385860007.2,"H1,L1",9.7,6.9,0.58,,,,,,,,,,,,False,True,False,unknown_OOD,True,False,strain_hdf5_open_ok
123,GW231206_233134,O4a_or_gap,GWTC-4.1,1385940712.5,"H1,L1",12.8,1e-05,0.99,35.6,28.2,27.2,3200.0,0.54,https://zenodo.org/api/records/20275769/files/IGWN-GWTC4p1-18965dda8_5-GW231206_233134-combined_PEDataRelease.hdf5/content,C00:Mixed,https://doi.org/10.5281/zenodo.20275769,data/gwtc4p1/pe_hdf5/GW231206_233134/IGWN-GWTC4p1-18965dda8_5-GW231206_233134-combined_PEDataRelease.hdf5,pe_hdf5_skymap,C00:IMRPhenomXPHM-SpinTaylor,True,True,True,BBH,False,True,strain_hdf5_open_ok
124,GW231206_233901,O4a_or_gap,GWTC-4.1,1385941159.5,"H1,L1",21.9,1e-05,0.99,37.6,28.5,28.2,1490.0,0.28,https://zenodo.org/api/records/20275769/files/IGWN-GWTC4p1-18965dda8_5-GW231206_233901-combined_PEDataRelease.hdf5/content,C00:Mixed,https://doi.org/10.5281/zenodo.20275769,data/gwtc4p1/pe_hdf5/GW231206_233901/IGWN-GWTC4p1-18965dda8_5-GW231206_233901-combined_PEDataRelease.hdf5,pe_hdf5_skymap,C00:IMRPhenomXPHM-SpinTaylor,True,True,True,BBH,False,True,strain_hdf5_open_ok
125,GW231213_111417,O4a_or_gap,GWTC-4.1,1386501275.9,"H1,L1",10.4,1e-05,0.99,35.6,27.2,26.7,4000.0,0.65,https://zenodo.org/api/records/20275769/files/IGWN-GWTC4p1-18965dda8_5-GW231213_111417-combined_PEDataRelease.hdf5/content,C00:Mixed,https://doi.org/10.5281/zenodo.20275769,data/gwtc4p1/pe_hdf5/GW231213_111417/IGWN-GWTC4p1-18965dda8_5-GW231213_111417-combined_PEDataRelease.hdf5,pe_hdf5_skymap,C00:IMRPhenomXPHM-SpinTaylor,True,True,True,BBH,False,True,strain_hdf5_open_ok
126,GW231220_173406,O4a_or_gap,GWTC-4.1,1387128864.2,"H1,L1",7.9,3.0,0.83,,,,,,,,,,,,False,True,False,unknown_OOD,True,False,strain_hdf5_open_ok
127,GW231221_135041,O4a_or_gap,GWTC-4.1,1387201859.3,"H1,L1",10.0,0.54,0.96,47.0,29.0,31.0,4600.0,0.72,https://zenodo.org/api/records/20275769/files/IGWN-GWTC4p1-18965dda8_5-GW231221_135041-combined_PEDataRelease.hdf5/content,C00:Mixed+XO4a,https://doi.org/10.5281/zenodo.20275769,data/gwtc4p1/pe_hdf5/GW231221_135041/IGWN-GWTC4p1-18965dda8_5-GW231221_135041-combined_PEDataRelease.hdf5,pe_hdf5_skymap,C00:IMRPhenomXO4a,True,True,True,BBH,False,True,strain_hdf5_open_ok
128,GW231223_032836,O4a_or_gap,GWTC-4.1,1387337334.1,"H1,L1",10.2,0.0003599999999999,0.99,46.0,31.0,31.9,4200.0,0.67,https://zenodo.org/api/records/20275769/files/IGWN-GWTC4p1-18965dda8_5-GW231223_032836-combined_PEDataRelease.hdf5/content,C00:Mixed,https://doi.org/10.5281/zenodo.20275769,data/gwtc4p1/pe_hdf5/GW231223_032836/IGWN-GWTC4p1-18965dda8_5-GW231223_032836-combined_PEDataRelease.hdf5,pe_hdf5_skymap,C00:IMRPhenomXPHM-SpinTaylor,True,True,True,BBH,False,True,strain_hdf5_open_ok
129,GW231223_075055,O4a_or_gap,GWTC-4.1,1387353073.3,"H1,L1",9.4,0.23,0.98,11.9,6.8,7.8,970.0,0.19,https://zenodo.org/api/records/20275769/files/IGWN-GWTC4p1-18965dda8_5-GW231223_075055-combined_PEDataRelease.hdf5/content,C00:Mixed+XO4a,https://doi.org/10.5281/zenodo.20275769,data/gwtc4p1/pe_hdf5/GW231223_075055/IGWN-GWTC4p1-18965dda8_5-GW231223_075055-combined_PEDataRelease.hdf5,pe_hdf5_skymap,C00:IMRPhenomXO4a,True,True,True,BBH,False,True,strain_hdf5_open_ok
130,GW231223_202619,O4a_or_gap,GWTC-4.1,1387398397.0,"H1,L1",10.1,0.002,0.99,11.1,8.3,8.35,890.0,0.18,https://zenodo.org/api/records/20275769/files/IGWN-GWTC4p1-18965dda8_5-GW231223_202619-combined_PEDataRelease.hdf5/content,C00:Mixed,https://doi.org/10.5281/zenodo.20275769,data/gwtc4p1/pe_hdf5/GW231223_202619/IGWN-GWTC4p1-18965dda8_5-GW231223_202619-combined_PEDataRelease.hdf5,pe_hdf5_skymap,C00:IMRPhenomXPHM-SpinTaylor,True,True,True,BBH,False,True,strain_hdf5_open_ok
131,GW231224_024321,O4a_or_gap,GWTC-4.1,1387421020.0,"H1,L1",14.0,1e-05,0.99,9.3,7.31,7.13,950.0,0.19,https://zenodo.org/api/records/20275769/files/IGWN-GWTC4p1-18965dda8_5-GW231224_024321-combined_PEDataRelease.hdf5/content,C00:Mixed,https://doi.org/10.5281/zenodo.20275769,data/gwtc4p1/pe_hdf5/GW231224_024321/IGWN-GWTC4p1-18965dda8_5-GW231224_024321-combined_PEDataRelease.hdf5,pe_hdf5_skymap,C00:IMRPhenomXPHM-SpinTaylor,True,True,True,BBH,False,True,strain_hdf5_open_ok
132,GW231226_101520,O4a_or_gap,GWTC-4.1,1387620938.3,"H1,L1",34.7,1e-05,0.99,40.2,35.1,32.5,1180.0,0.23,https://zenodo.org/api/records/20275769/files/IGWN-GWTC4p1-18965dda8_5-GW231226_101520-combined_PEDataRelease.hdf5/content,C00:Mixed+XO4a,https://doi.org/10.5281/zenodo.20275769,data/gwtc4p1/pe_hdf5/GW231226_101520/IGWN-GWTC4p1-18965dda8_5-GW231226_101520-combined_PEDataRelease.hdf5,pe_hdf5_skymap,C00:IMRPhenomXO4a,True,True,True,BBH,False,True,strain_hdf5_open_ok
133,GW231230_170116,O4a_or_gap,GWTC-4.1,1387990895.0,"H1,L1",8.2,0.42,0.96,53.0,35.0,37.0,5700.0,0.87,https://zenodo.org/api/records/20275769/files/IGWN-GWTC4p1-18965dda8_5-GW231230_170116-combined_PEDataRelease.hdf5/content,C00:Mixed,https://doi.org/10.5281/zenodo.20275769,data/gwtc4p1/pe_hdf5/GW231230_170116/IGWN-GWTC4p1-18965dda8_5-GW231230_170116-combined_PEDataRelease.hdf5,pe_hdf5_skymap,C00:IMRPhenomXPHM-SpinTaylor,True,True,True,BBH,False,True,strain_hdf5_open_ok
134,GW231231_120147,O4a_or_gap,GWTC-4.1,1388059325.6,"H1,L1",11.3,2.0,0.86,,,,,,,,,,,,False,True,False,unknown_OOD,True,False,strain_hdf5_open_ok
135,GW231231_154016,O4a_or_gap,GWTC-4.1,1388072434.7,"H1,L1",13.4,1e-05,0.99,22.5,17.2,17.1,1070.0,0.21,https://zenodo.org/api/records/20275769/files/IGWN-GWTC4p1-18965dda8_5-GW231231_154016-combined_PEDataRelease.hdf5/content,C00:Mixed,https://doi.org/10.5281/zenodo.20275769,data/gwtc4p1/pe_hdf5/GW231231_154016/IGWN-GWTC4p1-18965dda8_5-GW231231_154016-combined_PEDataRelease.hdf5,pe_hdf5_skymap,C00:IMRPhenomXPHM-SpinTaylor,True,True,True,BBH,False,True,strain_hdf5_open_ok
136,GW240104_164932,O4a_or_gap,GWTC-4.1,1388422190.6,"H1,L1",14.8,1e-05,0.99,42.3,32.2,31.8,1910.0,0.35,https://zenodo.org/api/records/20275769/files/IGWN-GWTC4p1-18965dda8_5-GW240104_164932-combined_PEDataRelease.hdf5/content,C00:Mixed,https://doi.org/10.5281/zenodo.20275769,data/gwtc4p1/pe_hdf5/GW240104_164932/IGWN-GWTC4p1-18965dda8_5-GW240104_164932-combined_PEDataRelease.hdf5,pe_hdf5_skymap,C00:IMRPhenomXPHM-SpinTaylor,True,True,True,BBH,False,True,strain_hdf5_open_ok
137,GW240105_151143,O4a_or_gap,GWTC-4.1,1388502721.2,H1,25.9,3.3,0.74,,,,,,,,,,,,False,False,False,unknown_OOD,True,False,missing_or_invalid_H1L1
138,GW240107_013215,O4a_or_gap,GWTC-4.1,1388626353.7,"H1,L1",9.6,0.0094,0.99,59.0,33.0,36.7,5800.0,0.88,https://zenodo.org/api/records/20275769/files/IGWN-GWTC4p1-18965dda8_5-GW240107_013215-combined_PEDataRelease.hdf5/content,C00:Mixed+XO4a,https://doi.org/10.5281/zenodo.20275769,data/gwtc4p1/pe_hdf5/GW240107_013215/IGWN-GWTC4p1-18965dda8_5-GW240107_013215-combined_PEDataRelease.hdf5,pe_hdf5_skymap,C00:IMRPhenomXO4a,True,True,True,BBH,False,True,strain_hdf5_open_ok
139,GW240109_050431,O4a_or_gap,GWTC-4.1,1388811889.8,H1,10.4,0.00022,0.99,28.7,18.1,19.7,1500.0,0.28,https://zenodo.org/api/records/20275769/files/IGWN-GWTC4p1-18965dda8_5-GW240109_050431-combined_PEDataRelease.hdf5/content,C00:Mixed,https://doi.org/10.5281/zenodo.20275769,data/gwtc4p1/pe_hdf5/GW240109_050431/IGWN-GWTC4p1-18965dda8_5-GW240109_050431-combined_PEDataRelease.hdf5,pe_hdf5_skymap,C00:IMRPhenomXPHM-SpinTaylor,True,False,False,BBH,False,True,missing_or_invalid_H1L1
