event_name,detector,local_path,source_local_path,download_status,sampling_rate,duration,gps_start
GW230517_044807,H1,data/real_strain/GW230517_044807/H-H1_GWOSC_O4a_4KHZ_R1-1368330240-4096.hdf5,data/gwtc4p1/strain_4khz_hdf5/GW230517_044807/H-H1_GWOSC_O4a_4KHZ_R1-1368330240-4096.hdf5,available_symlink,4096,4096.0,1368330240.0
GW230517_044807,L1,data/real_strain/GW230517_044807/L-L1_GWOSC_O4a_4KHZ_R1-1368330240-4096.hdf5,data/gwtc4p1/strain_4khz_hdf5/GW230517_044807/L-L1_GWOSC_O4a_4KHZ_R1-1368330240-4096.hdf5,available_symlink,4096,4096.0,1368330240.0
GW230518_125908,H1,data/real_strain/GW230518_125908/H-H1_GWOSC_O4a_4KHZ_R1-1368449024-4096.hdf5,data/gwtc4p1/strain_4khz_hdf5/GW230518_125908/H-H1_GWOSC_O4a_4KHZ_R1-1368449024-4096.hdf5,available_symlink,4096,4096.0,1368449024.0
GW230518_125908,L1,data/real_strain/GW230518_125908/L-L1_GWOSC_O4a_4KHZ_R1-1368449024-4096.hdf5,data/gwtc4p1/strain_4khz_hdf5/GW230518_125908/L-L1_GWOSC_O4a_4KHZ_R1-1368449024-4096.hdf5,available_symlink,4096,4096.0,1368449024.0
GW230528_145129,H1,data/real_strain/GW230528_145129/H-H1_GWOSC_O4a_4KHZ_R1-1369317376-4096.hdf5,data/gwtc4p1/strain_4khz_hdf5/GW230528_145129/H-H1_GWOSC_O4a_4KHZ_R1-1369317376-4096.hdf5,available_symlink,4096,4096.0,1369317376.0
GW230528_145129,L1,data/real_strain/GW230528_145129/L-L1_GWOSC_O4a_4KHZ_R1-1369317376-4096.hdf5,data/gwtc4p1/strain_4khz_hdf5/GW230528_145129/L-L1_GWOSC_O4a_4KHZ_R1-1369317376-4096.hdf5,available_symlink,4096,4096.0,1369317376.0
GW230529_181500,L1,data/real_strain/GW230529_181500/L-L1_GWOSC_O4a_4KHZ_R1-1369415680-4096.hdf5,data/gwtc4p1/strain_4khz_hdf5/GW230529_181500/L-L1_GWOSC_O4a_4KHZ_R1-1369415680-4096.hdf5,available_symlink,4096,4096.0,1369415680.0
GW230531_141100,L1,data/real_strain/GW230531_141100/L-L1_GWOSC_O4a_4KHZ_R1-1369575424-4096.hdf5,data/gwtc4p1/strain_4khz_hdf5/GW230531_141100/L-L1_GWOSC_O4a_4KHZ_R1-1369575424-4096.hdf5,available_symlink,4096,4096.0,1369575424.0
GW230601_224134,H1,data/real_strain/GW230601_224134/H-H1_GWOSC_O4a_4KHZ_R1-1369694208-4096.hdf5,data/gwtc4p1/strain_4khz_hdf5/GW230601_224134/H-H1_GWOSC_O4a_4KHZ_R1-1369694208-4096.hdf5,available_symlink,4096,4096.0,1369694208.0
GW230601_224134,L1,data/real_strain/GW230601_224134/L-L1_GWOSC_O4a_4KHZ_R1-1369694208-4096.hdf5,data/gwtc4p1/strain_4khz_hdf5/GW230601_224134/L-L1_GWOSC_O4a_4KHZ_R1-1369694208-4096.hdf5,available_symlink,4096,4096.0,1369694208.0
GW230603_174756,H1,data/real_strain/GW230603_174756/H-H1_GWOSC_O4a_4KHZ_R1-1369845760-4096.hdf5,data/gwtc4p1/strain_4khz_hdf5/GW230603_174756/H-H1_GWOSC_O4a_4KHZ_R1-1369845760-4096.hdf5,available_symlink,4096,4096.0,1369845760.0
GW230603_174756,L1,data/real_strain/GW230603_174756/L-L1_GWOSC_O4a_4KHZ_R1-1369845760-4096.hdf5,data/gwtc4p1/strain_4khz_hdf5/GW230603_174756/L-L1_GWOSC_O4a_4KHZ_R1-1369845760-4096.hdf5,available_symlink,4096,4096.0,1369845760.0
GW230605_065343,H1,data/real_strain/GW230605_065343/H-H1_GWOSC_O4a_4KHZ_R1-1369980928-4096.hdf5,data/gwtc4p1/strain_4khz_hdf5/GW230605_065343/H-H1_GWOSC_O4a_4KHZ_R1-1369980928-4096.hdf5,available_symlink,4096,4096.0,1369980928.0
GW230605_065343,L1,data/real_strain/GW230605_065343/L-L1_GWOSC_O4a_4KHZ_R1-1369980928-4096.hdf5,data/gwtc4p1/strain_4khz_hdf5/GW230605_065343/L-L1_GWOSC_O4a_4KHZ_R1-1369980928-4096.hdf5,available_symlink,4096,4096.0,1369980928.0
GW230606_004305,H1,data/real_strain/GW230606_004305/H-H1_GWOSC_O4a_4KHZ_R1-1370046464-4096.hdf5,data/gwtc4p1/strain_4khz_hdf5/GW230606_004305/H-H1_GWOSC_O4a_4KHZ_R1-1370046464-4096.hdf5,available_symlink,4096,4096.0,1370046464.0
GW230606_004305,L1,data/real_strain/GW230606_004305/L-L1_GWOSC_O4a_4KHZ_R1-1370046464-4096.hdf5,data/gwtc4p1/strain_4khz_hdf5/GW230606_004305/L-L1_GWOSC_O4a_4KHZ_R1-1370046464-4096.hdf5,available_symlink,4096,4096.0,1370046464.0
GW230606_024545,H1,data/real_strain/GW230606_024545/H-H1_GWOSC_O4a_4KHZ_R1-1370054656-4096.hdf5,data/gwtc4p1/strain_4khz_hdf5/GW230606_024545/H-H1_GWOSC_O4a_4KHZ_R1-1370054656-4096.hdf5,available_symlink,4096,4096.0,1370054656.0
GW230606_024545,L1,data/real_strain/GW230606_024545/L-L1_GWOSC_O4a_4KHZ_R1-1370054656-4096.hdf5,data/gwtc4p1/strain_4khz_hdf5/GW230606_024545/L-L1_GWOSC_O4a_4KHZ_R1-1370054656-4096.hdf5,available_symlink,4096,4096.0,1370054656.0
GW230606_065320,H1,data/real_strain/GW230606_065320/H-H1_GWOSC_O4a_4KHZ_R1-1370066944-4096.hdf5,data/gwtc4p1/strain_4khz_hdf5/GW230606_065320/H-H1_GWOSC_O4a_4KHZ_R1-1370066944-4096.hdf5,available_symlink,4096,4096.0,1370066944.0
GW230606_065320,L1,data/real_strain/GW230606_065320/L-L1_GWOSC_O4a_4KHZ_R1-1370066944-4096.hdf5,data/gwtc4p1/strain_4khz_hdf5/GW230606_065320/L-L1_GWOSC_O4a_4KHZ_R1-1370066944-4096.hdf5,available_symlink,4096,4096.0,1370066944.0
GW230608_205047,H1,data/real_strain/GW230608_205047/H-H1_GWOSC_O4a_4KHZ_R1-1370292224-4096.hdf5,data/gwtc4p1/strain_4khz_hdf5/GW230608_205047/H-H1_GWOSC_O4a_4KHZ_R1-1370292224-4096.hdf5,available_symlink,4096,4096.0,1370292224.0
GW230608_205047,L1,data/real_strain/GW230608_205047/L-L1_GWOSC_O4a_4KHZ_R1-1370292224-4096.hdf5,data/gwtc4p1/strain_4khz_hdf5/GW230608_205047/L-L1_GWOSC_O4a_4KHZ_R1-1370292224-4096.hdf5,available_symlink,4096,4096.0,1370292224.0
GW230609_010824,H1,data/real_strain/GW230609_010824/H-H1_GWOSC_O4a_4KHZ_R1-1370304512-4096.hdf5,data/gwtc4p1/strain_4khz_hdf5/GW230609_010824/H-H1_GWOSC_O4a_4KHZ_R1-1370304512-4096.hdf5,available_symlink,4096,4096.0,1370304512.0
GW230609_010824,L1,data/real_strain/GW230609_010824/L-L1_GWOSC_O4a_4KHZ_R1-1370304512-4096.hdf5,data/gwtc4p1/strain_4khz_hdf5/GW230609_010824/L-L1_GWOSC_O4a_4KHZ_R1-1370304512-4096.hdf5,available_symlink,4096,4096.0,1370304512.0
GW230609_064958,H1,data/real_strain/GW230609_064958/H-H1_GWOSC_O4a_4KHZ_R1-1370324992-4096.hdf5,data/gwtc4p1/strain_4khz_hdf5/GW230609_064958/H-H1_GWOSC_O4a_4KHZ_R1-1370324992-4096.hdf5,available_symlink,4096,4096.0,1370324992.0
GW230609_064958,L1,data/real_strain/GW230609_064958/L-L1_GWOSC_O4a_4KHZ_R1-1370324992-4096.hdf5,data/gwtc4p1/strain_4khz_hdf5/GW230609_064958/L-L1_GWOSC_O4a_4KHZ_R1-1370324992-4096.hdf5,available_symlink,4096,4096.0,1370324992.0
GW230610_061439,H1,data/real_strain/GW230610_061439/H-H1_GWOSC_O4a_4KHZ_R1-1370411008-4096.hdf5,data/gwtc4p1/strain_4khz_hdf5/GW230610_061439/H-H1_GWOSC_O4a_4KHZ_R1-1370411008-4096.hdf5,available_symlink,4096,4096.0,1370411008.0
GW230610_061439,L1,data/real_strain/GW230610_061439/L-L1_GWOSC_O4a_4KHZ_R1-1370411008-4096.hdf5,data/gwtc4p1/strain_4khz_hdf5/GW230610_061439/L-L1_GWOSC_O4a_4KHZ_R1-1370411008-4096.hdf5,available_symlink,4096,4096.0,1370411008.0
GW230615_160825,H1,data/real_strain/GW230615_160825/H-H1_GWOSC_O4a_4KHZ_R1-1370877952-4096.hdf5,data/gwtc4p1/strain_4khz_hdf5/GW230615_160825/H-H1_GWOSC_O4a_4KHZ_R1-1370877952-4096.hdf5,available_symlink,4096,4096.0,1370877952.0
GW230615_160825,L1,data/real_strain/GW230615_160825/L-L1_GWOSC_O4a_4KHZ_R1-1370877952-4096.hdf5,data/gwtc4p1/strain_4khz_hdf5/GW230615_160825/L-L1_GWOSC_O4a_4KHZ_R1-1370877952-4096.hdf5,available_symlink,4096,4096.0,1370877952.0
GW230618_102550,H1,data/real_strain/GW230618_102550/H-H1_GWOSC_O4a_4KHZ_R1-1371115520-4096.hdf5,data/gwtc4p1/strain_4khz_hdf5/GW230618_102550/H-H1_GWOSC_O4a_4KHZ_R1-1371115520-4096.hdf5,available_symlink,4096,4096.0,1371115520.0
GW230618_102550,L1,data/real_strain/GW230618_102550/L-L1_GWOSC_O4a_4KHZ_R1-1371115520-4096.hdf5,data/gwtc4p1/strain_4khz_hdf5/GW230618_102550/L-L1_GWOSC_O4a_4KHZ_R1-1371115520-4096.hdf5,available_symlink,4096,4096.0,1371115520.0
GW230624_113103,H1,data/real_strain/GW230624_113103/H-H1_GWOSC_O4a_4KHZ_R1-1371639808-4096.hdf5,data/gwtc4p1/strain_4khz_hdf5/GW230624_113103/H-H1_GWOSC_O4a_4KHZ_R1-1371639808-4096.hdf5,available_symlink,4096,4096.0,1371639808.0
GW230624_113103,L1,data/real_strain/GW230624_113103/L-L1_GWOSC_O4a_4KHZ_R1-1371639808-4096.hdf5,data/gwtc4p1/strain_4khz_hdf5/GW230624_113103/L-L1_GWOSC_O4a_4KHZ_R1-1371639808-4096.hdf5,available_symlink,4096,4096.0,1371639808.0
GW230624_214944,H1,data/real_strain/GW230624_214944/H-H1_GWOSC_O4a_4KHZ_R1-1371676672-4096.hdf5,data/gwtc4p1/strain_4khz_hdf5/GW230624_214944/H-H1_GWOSC_O4a_4KHZ_R1-1371676672-4096.hdf5,available_symlink,4096,4096.0,1371676672.0
GW230624_214944,L1,data/real_strain/GW230624_214944/L-L1_GWOSC_O4a_4KHZ_R1-1371676672-4096.hdf5,data/gwtc4p1/strain_4khz_hdf5/GW230624_214944/L-L1_GWOSC_O4a_4KHZ_R1-1371676672-4096.hdf5,available_symlink,4096,4096.0,1371676672.0
GW230625_211655,H1,data/real_strain/GW230625_211655/H-H1_GWOSC_O4a_4KHZ_R1-1371762688-4096.hdf5,data/gwtc4p1/strain_4khz_hdf5/GW230625_211655/H-H1_GWOSC_O4a_4KHZ_R1-1371762688-4096.hdf5,available_symlink,4096,4096.0,1371762688.0
GW230625_211655,L1,data/real_strain/GW230625_211655/L-L1_GWOSC_O4a_4KHZ_R1-1371762688-4096.hdf5,data/gwtc4p1/strain_4khz_hdf5/GW230625_211655/L-L1_GWOSC_O4a_4KHZ_R1-1371762688-4096.hdf5,available_symlink,4096,4096.0,1371762688.0
GW230627_015337,H1,data/real_strain/GW230627_015337/H-H1_GWOSC_O4a_4KHZ_R1-1371865088-4096.hdf5,data/gwtc4p1/strain_4khz_hdf5/GW230627_015337/H-H1_GWOSC_O4a_4KHZ_R1-1371865088-4096.hdf5,available_symlink,4096,4096.0,1371865088.0
GW230627_015337,L1,data/real_strain/GW230627_015337/L-L1_GWOSC_O4a_4KHZ_R1-1371865088-4096.hdf5,data/gwtc4p1/strain_4khz_hdf5/GW230627_015337/L-L1_GWOSC_O4a_4KHZ_R1-1371865088-4096.hdf5,available_symlink,4096,4096.0,1371865088.0
GW230628_231200,H1,data/real_strain/GW230628_231200/H-H1_GWOSC_O4a_4KHZ_R1-1372028928-4096.hdf5,data/gwtc4p1/strain_4khz_hdf5/GW230628_231200/H-H1_GWOSC_O4a_4KHZ_R1-1372028928-4096.hdf5,available_symlink,4096,4096.0,1372028928.0
GW230628_231200,L1,data/real_strain/GW230628_231200/L-L1_GWOSC_O4a_4KHZ_R1-1372028928-4096.hdf5,data/gwtc4p1/strain_4khz_hdf5/GW230628_231200/L-L1_GWOSC_O4a_4KHZ_R1-1372028928-4096.hdf5,available_symlink,4096,4096.0,1372028928.0
GW230630_070659,H1,data/real_strain/GW230630_070659/H-H1_GWOSC_O4a_4KHZ_R1-1372143616-4096.hdf5,data/gwtc4p1/strain_4khz_hdf5/GW230630_070659/H-H1_GWOSC_O4a_4KHZ_R1-1372143616-4096.hdf5,available_symlink,4096,4096.0,1372143616.0
GW230630_070659,L1,data/real_strain/GW230630_070659/L-L1_GWOSC_O4a_4KHZ_R1-1372143616-4096.hdf5,data/gwtc4p1/strain_4khz_hdf5/GW230630_070659/L-L1_GWOSC_O4a_4KHZ_R1-1372143616-4096.hdf5,available_symlink,4096,4096.0,1372143616.0
GW230630_125806,H1,data/real_strain/GW230630_125806/H-H1_GWOSC_O4a_4KHZ_R1-1372164096-4096.hdf5,data/gwtc4p1/strain_4khz_hdf5/GW230630_125806/H-H1_GWOSC_O4a_4KHZ_R1-1372164096-4096.hdf5,available_symlink,4096,4096.0,1372164096.0
GW230630_125806,L1,data/real_strain/GW230630_125806/L-L1_GWOSC_O4a_4KHZ_R1-1372164096-4096.hdf5,data/gwtc4p1/strain_4khz_hdf5/GW230630_125806/L-L1_GWOSC_O4a_4KHZ_R1-1372164096-4096.hdf5,available_symlink,4096,4096.0,1372164096.0
GW230630_234532,H1,data/real_strain/GW230630_234532/H-H1_GWOSC_O4a_4KHZ_R1-1372200960-4096.hdf5,data/gwtc4p1/strain_4khz_hdf5/GW230630_234532/H-H1_GWOSC_O4a_4KHZ_R1-1372200960-4096.hdf5,available_symlink,4096,4096.0,1372200960.0
GW230630_234532,L1,data/real_strain/GW230630_234532/L-L1_GWOSC_O4a_4KHZ_R1-1372200960-4096.hdf5,data/gwtc4p1/strain_4khz_hdf5/GW230630_234532/L-L1_GWOSC_O4a_4KHZ_R1-1372200960-4096.hdf5,available_symlink,4096,4096.0,1372200960.0
GW230702_162025,H1,data/real_strain/GW230702_162025/H-H1_GWOSC_O4a_4KHZ_R1-1372348416-4096.hdf5,data/gwtc4p1/strain_4khz_hdf5/GW230702_162025/H-H1_GWOSC_O4a_4KHZ_R1-1372348416-4096.hdf5,available_symlink,4096,4096.0,1372348416.0
GW230702_162025,L1,data/real_strain/GW230702_162025/L-L1_GWOSC_O4a_4KHZ_R1-1372348416-4096.hdf5,data/gwtc4p1/strain_4khz_hdf5/GW230702_162025/L-L1_GWOSC_O4a_4KHZ_R1-1372348416-4096.hdf5,available_symlink,4096,4096.0,1372348416.0
GW230702_185453,H1,data/real_strain/GW230702_185453/H-H1_GWOSC_O4a_4KHZ_R1-1372356608-4096.hdf5,data/gwtc4p1/strain_4khz_hdf5/GW230702_185453/H-H1_GWOSC_O4a_4KHZ_R1-1372356608-4096.hdf5,available_symlink,4096,4096.0,1372356608.0
GW230702_185453,L1,data/real_strain/GW230702_185453/L-L1_GWOSC_O4a_4KHZ_R1-1372356608-4096.hdf5,data/gwtc4p1/strain_4khz_hdf5/GW230702_185453/L-L1_GWOSC_O4a_4KHZ_R1-1372356608-4096.hdf5,available_symlink,4096,4096.0,1372356608.0
GW230704_021211,H1,data/real_strain/GW230704_021211/H-H1_GWOSC_O4a_4KHZ_R1-1372471296-4096.hdf5,data/gwtc4p1/strain_4khz_hdf5/GW230704_021211/H-H1_GWOSC_O4a_4KHZ_R1-1372471296-4096.hdf5,available_symlink,4096,4096.0,1372471296.0
GW230704_021211,L1,data/real_strain/GW230704_021211/L-L1_GWOSC_O4a_4KHZ_R1-1372471296-4096.hdf5,data/gwtc4p1/strain_4khz_hdf5/GW230704_021211/L-L1_GWOSC_O4a_4KHZ_R1-1372471296-4096.hdf5,available_symlink,4096,4096.0,1372471296.0
GW230704_212616,H1,data/real_strain/GW230704_212616/H-H1_GWOSC_O4a_4KHZ_R1-1372540928-4096.hdf5,data/gwtc4p1/strain_4khz_hdf5/GW230704_212616/H-H1_GWOSC_O4a_4KHZ_R1-1372540928-4096.hdf5,available_symlink,4096,4096.0,1372540928.0
GW230704_212616,L1,data/real_strain/GW230704_212616/L-L1_GWOSC_O4a_4KHZ_R1-1372540928-4096.hdf5,data/gwtc4p1/strain_4khz_hdf5/GW230704_212616/L-L1_GWOSC_O4a_4KHZ_R1-1372540928-4096.hdf5,available_symlink,4096,4096.0,1372540928.0
GW230706_104333,H1,data/real_strain/GW230706_104333/H-H1_GWOSC_O4a_4KHZ_R1-1372672000-4096.hdf5,data/gwtc4p1/strain_4khz_hdf5/GW230706_104333/H-H1_GWOSC_O4a_4KHZ_R1-1372672000-4096.hdf5,available_symlink,4096,4096.0,1372672000.0
GW230706_104333,L1,data/real_strain/GW230706_104333/L-L1_GWOSC_O4a_4KHZ_R1-1372672000-4096.hdf5,data/gwtc4p1/strain_4khz_hdf5/GW230706_104333/L-L1_GWOSC_O4a_4KHZ_R1-1372672000-4096.hdf5,available_symlink,4096,4096.0,1372672000.0
GW230707_124047,H1,data/real_strain/GW230707_124047/H-H1_GWOSC_O4a_4KHZ_R1-1372766208-4096.hdf5,data/gwtc4p1/strain_4khz_hdf5/GW230707_124047/H-H1_GWOSC_O4a_4KHZ_R1-1372766208-4096.hdf5,available_symlink,4096,4096.0,1372766208.0
GW230707_124047,L1,data/real_strain/GW230707_124047/L-L1_GWOSC_O4a_4KHZ_R1-1372766208-4096.hdf5,data/gwtc4p1/strain_4khz_hdf5/GW230707_124047/L-L1_GWOSC_O4a_4KHZ_R1-1372766208-4096.hdf5,available_symlink,4096,4096.0,1372766208.0
GW230708_053705,H1,data/real_strain/GW230708_053705/H-H1_GWOSC_O4a_4KHZ_R1-1372827648-4096.hdf5,data/gwtc4p1/strain_4khz_hdf5/GW230708_053705/H-H1_GWOSC_O4a_4KHZ_R1-1372827648-4096.hdf5,available_symlink,4096,4096.0,1372827648.0
GW230708_053705,L1,data/real_strain/GW230708_053705/L-L1_GWOSC_O4a_4KHZ_R1-1372827648-4096.hdf5,data/gwtc4p1/strain_4khz_hdf5/GW230708_053705/L-L1_GWOSC_O4a_4KHZ_R1-1372827648-4096.hdf5,available_symlink,4096,4096.0,1372827648.0
GW230708_071859,H1,data/real_strain/GW230708_071859/H-H1_GWOSC_O4a_4KHZ_R1-1372835840-4096.hdf5,data/gwtc4p1/strain_4khz_hdf5/GW230708_071859/H-H1_GWOSC_O4a_4KHZ_R1-1372835840-4096.hdf5,available_symlink,4096,4096.0,1372835840.0
GW230708_071859,L1,data/real_strain/GW230708_071859/L-L1_GWOSC_O4a_4KHZ_R1-1372835840-4096.hdf5,data/gwtc4p1/strain_4khz_hdf5/GW230708_071859/L-L1_GWOSC_O4a_4KHZ_R1-1372835840-4096.hdf5,available_symlink,4096,4096.0,1372835840.0
GW230708_230935,H1,data/real_strain/GW230708_230935/H-H1_GWOSC_O4a_4KHZ_R1-1372889088-4096.hdf5,data/gwtc4p1/strain_4khz_hdf5/GW230708_230935/H-H1_GWOSC_O4a_4KHZ_R1-1372889088-4096.hdf5,available_symlink,4096,4096.0,1372889088.0
GW230708_230935,L1,data/real_strain/GW230708_230935/L-L1_GWOSC_O4a_4KHZ_R1-1372889088-4096.hdf5,data/gwtc4p1/strain_4khz_hdf5/GW230708_230935/L-L1_GWOSC_O4a_4KHZ_R1-1372889088-4096.hdf5,available_symlink,4096,4096.0,1372889088.0
GW230709_063445,H1,data/real_strain/GW230709_063445/H-H1_GWOSC_O4a_4KHZ_R1-1372917760-4096.hdf5,data/gwtc4p1/strain_4khz_hdf5/GW230709_063445/H-H1_GWOSC_O4a_4KHZ_R1-1372917760-4096.hdf5,available_symlink,4096,4096.0,1372917760.0
GW230709_063445,L1,data/real_strain/GW230709_063445/L-L1_GWOSC_O4a_4KHZ_R1-1372917760-4096.hdf5,data/gwtc4p1/strain_4khz_hdf5/GW230709_063445/L-L1_GWOSC_O4a_4KHZ_R1-1372917760-4096.hdf5,available_symlink,4096,4096.0,1372917760.0
GW230709_122727,H1,data/real_strain/GW230709_122727/H-H1_GWOSC_O4a_4KHZ_R1-1372938240-4096.hdf5,data/gwtc4p1/strain_4khz_hdf5/GW230709_122727/H-H1_GWOSC_O4a_4KHZ_R1-1372938240-4096.hdf5,available_symlink,4096,4096.0,1372938240.0
GW230709_122727,L1,data/real_strain/GW230709_122727/L-L1_GWOSC_O4a_4KHZ_R1-1372938240-4096.hdf5,data/gwtc4p1/strain_4khz_hdf5/GW230709_122727/L-L1_GWOSC_O4a_4KHZ_R1-1372938240-4096.hdf5,available_symlink,4096,4096.0,1372938240.0
GW230712_090405,H1,data/real_strain/GW230712_090405/H-H1_GWOSC_O4a_4KHZ_R1-1373184000-4096.hdf5,data/gwtc4p1/strain_4khz_hdf5/GW230712_090405/H-H1_GWOSC_O4a_4KHZ_R1-1373184000-4096.hdf5,available_symlink,4096,4096.0,1373184000.0
GW230712_090405,L1,data/real_strain/GW230712_090405/L-L1_GWOSC_O4a_4KHZ_R1-1373184000-4096.hdf5,data/gwtc4p1/strain_4khz_hdf5/GW230712_090405/L-L1_GWOSC_O4a_4KHZ_R1-1373184000-4096.hdf5,available_symlink,4096,4096.0,1373184000.0
GW230717_102139,H1,data/real_strain/GW230717_102139/H-H1_GWOSC_O4a_4KHZ_R1-1373622272-4096.hdf5,data/gwtc4p1/strain_4khz_hdf5/GW230717_102139/H-H1_GWOSC_O4a_4KHZ_R1-1373622272-4096.hdf5,available_symlink,4096,4096.0,1373622272.0
GW230717_102139,L1,data/real_strain/GW230717_102139/L-L1_GWOSC_O4a_4KHZ_R1-1373622272-4096.hdf5,data/gwtc4p1/strain_4khz_hdf5/GW230717_102139/L-L1_GWOSC_O4a_4KHZ_R1-1373622272-4096.hdf5,available_symlink,4096,4096.0,1373622272.0
GW230721_222634,H1,data/real_strain/GW230721_222634/H-H1_GWOSC_O4a_4KHZ_R1-1374011392-4096.hdf5,data/gwtc4p1/strain_4khz_hdf5/GW230721_222634/H-H1_GWOSC_O4a_4KHZ_R1-1374011392-4096.hdf5,available_symlink,4096,4096.0,1374011392.0
GW230721_222634,L1,data/real_strain/GW230721_222634/L-L1_GWOSC_O4a_4KHZ_R1-1374011392-4096.hdf5,data/gwtc4p1/strain_4khz_hdf5/GW230721_222634/L-L1_GWOSC_O4a_4KHZ_R1-1374011392-4096.hdf5,available_symlink,4096,4096.0,1374011392.0
GW230723_084820,H1,data/real_strain/GW230723_084820/H-H1_GWOSC_O4a_4KHZ_R1-1374134272-4096.hdf5,data/gwtc4p1/strain_4khz_hdf5/GW230723_084820/H-H1_GWOSC_O4a_4KHZ_R1-1374134272-4096.hdf5,available_symlink,4096,4096.0,1374134272.0
GW230723_084820,L1,data/real_strain/GW230723_084820/L-L1_GWOSC_O4a_4KHZ_R1-1374134272-4096.hdf5,data/gwtc4p1/strain_4khz_hdf5/GW230723_084820/L-L1_GWOSC_O4a_4KHZ_R1-1374134272-4096.hdf5,available_symlink,4096,4096.0,1374134272.0
GW230723_101834,H1,data/real_strain/GW230723_101834/H-H1_GWOSC_O4a_4KHZ_R1-1374142464-4096.hdf5,data/gwtc4p1/strain_4khz_hdf5/GW230723_101834/H-H1_GWOSC_O4a_4KHZ_R1-1374142464-4096.hdf5,available_symlink,4096,4096.0,1374142464.0
GW230723_101834,L1,data/real_strain/GW230723_101834/L-L1_GWOSC_O4a_4KHZ_R1-1374142464-4096.hdf5,data/gwtc4p1/strain_4khz_hdf5/GW230723_101834/L-L1_GWOSC_O4a_4KHZ_R1-1374142464-4096.hdf5,available_symlink,4096,4096.0,1374142464.0
GW230726_002940,H1,data/real_strain/GW230726_002940/H-H1_GWOSC_O4a_4KHZ_R1-1374363648-4096.hdf5,data/gwtc4p1/strain_4khz_hdf5/GW230726_002940/H-H1_GWOSC_O4a_4KHZ_R1-1374363648-4096.hdf5,available_symlink,4096,4096.0,1374363648.0
GW230726_002940,L1,data/real_strain/GW230726_002940/L-L1_GWOSC_O4a_4KHZ_R1-1374363648-4096.hdf5,data/gwtc4p1/strain_4khz_hdf5/GW230726_002940/L-L1_GWOSC_O4a_4KHZ_R1-1374363648-4096.hdf5,available_symlink,4096,4096.0,1374363648.0
GW230728_083628,H1,data/real_strain/GW230728_083628/H-H1_GWOSC_O4a_4KHZ_R1-1374568448-4096.hdf5,data/gwtc4p1/strain_4khz_hdf5/GW230728_083628/H-H1_GWOSC_O4a_4KHZ_R1-1374568448-4096.hdf5,available_symlink,4096,4096.0,1374568448.0
GW230728_083628,L1,data/real_strain/GW230728_083628/L-L1_GWOSC_O4a_4KHZ_R1-1374568448-4096.hdf5,data/gwtc4p1/strain_4khz_hdf5/GW230728_083628/L-L1_GWOSC_O4a_4KHZ_R1-1374568448-4096.hdf5,available_symlink,4096,4096.0,1374568448.0
GW230729_082317,H1,data/real_strain/GW230729_082317/H-H1_GWOSC_O4a_4KHZ_R1-1374650368-4096.hdf5,data/gwtc4p1/strain_4khz_hdf5/GW230729_082317/H-H1_GWOSC_O4a_4KHZ_R1-1374650368-4096.hdf5,available_symlink,4096,4096.0,1374650368.0
GW230729_082317,L1,data/real_strain/GW230729_082317/L-L1_GWOSC_O4a_4KHZ_R1-1374650368-4096.hdf5,data/gwtc4p1/strain_4khz_hdf5/GW230729_082317/L-L1_GWOSC_O4a_4KHZ_R1-1374650368-4096.hdf5,available_symlink,4096,4096.0,1374650368.0
GW230731_215307,H1,data/real_strain/GW230731_215307/H-H1_GWOSC_O4a_4KHZ_R1-1374871552-4096.hdf5,data/gwtc4p1/strain_4khz_hdf5/GW230731_215307/H-H1_GWOSC_O4a_4KHZ_R1-1374871552-4096.hdf5,available_symlink,4096,4096.0,1374871552.0
GW230731_215307,L1,data/real_strain/GW230731_215307/L-L1_GWOSC_O4a_4KHZ_R1-1374871552-4096.hdf5,data/gwtc4p1/strain_4khz_hdf5/GW230731_215307/L-L1_GWOSC_O4a_4KHZ_R1-1374871552-4096.hdf5,available_symlink,4096,4096.0,1374871552.0
GW230803_033412,H1,data/real_strain/GW230803_033412/H-H1_GWOSC_O4a_4KHZ_R1-1375068160-4096.hdf5,data/gwtc4p1/strain_4khz_hdf5/GW230803_033412/H-H1_GWOSC_O4a_4KHZ_R1-1375068160-4096.hdf5,available_symlink,4096,4096.0,1375068160.0
GW230803_033412,L1,data/real_strain/GW230803_033412/L-L1_GWOSC_O4a_4KHZ_R1-1375068160-4096.hdf5,data/gwtc4p1/strain_4khz_hdf5/GW230803_033412/L-L1_GWOSC_O4a_4KHZ_R1-1375068160-4096.hdf5,available_symlink,4096,4096.0,1375068160.0
GW230805_034249,H1,data/real_strain/GW230805_034249/H-H1_GWOSC_O4a_4KHZ_R1-1375240192-4096.hdf5,data/gwtc4p1/strain_4khz_hdf5/GW230805_034249/H-H1_GWOSC_O4a_4KHZ_R1-1375240192-4096.hdf5,available_symlink,4096,4096.0,1375240192.0
GW230805_034249,L1,data/real_strain/GW230805_034249/L-L1_GWOSC_O4a_4KHZ_R1-1375240192-4096.hdf5,data/gwtc4p1/strain_4khz_hdf5/GW230805_034249/L-L1_GWOSC_O4a_4KHZ_R1-1375240192-4096.hdf5,available_symlink,4096,4096.0,1375240192.0
GW230806_204041,H1,data/real_strain/GW230806_204041/H-H1_GWOSC_O4a_4KHZ_R1-1375387648-4096.hdf5,data/gwtc4p1/strain_4khz_hdf5/GW230806_204041/H-H1_GWOSC_O4a_4KHZ_R1-1375387648-4096.hdf5,available_symlink,4096,4096.0,1375387648.0
GW230806_204041,L1,data/real_strain/GW230806_204041/L-L1_GWOSC_O4a_4KHZ_R1-1375387648-4096.hdf5,data/gwtc4p1/strain_4khz_hdf5/GW230806_204041/L-L1_GWOSC_O4a_4KHZ_R1-1375387648-4096.hdf5,available_symlink,4096,4096.0,1375387648.0
GW230807_205045,H1,data/real_strain/GW230807_205045/H-H1_GWOSC_O4a_4KHZ_R1-1375473664-4096.hdf5,data/gwtc4p1/strain_4khz_hdf5/GW230807_205045/H-H1_GWOSC_O4a_4KHZ_R1-1375473664-4096.hdf5,available_symlink,4096,4096.0,1375473664.0
GW230807_205045,L1,data/real_strain/GW230807_205045/L-L1_GWOSC_O4a_4KHZ_R1-1375473664-4096.hdf5,data/gwtc4p1/strain_4khz_hdf5/GW230807_205045/L-L1_GWOSC_O4a_4KHZ_R1-1375473664-4096.hdf5,available_symlink,4096,4096.0,1375473664.0
GW230811_032116,H1,data/real_strain/GW230811_032116/H-H1_GWOSC_O4a_4KHZ_R1-1375756288-4096.hdf5,data/gwtc4p1/strain_4khz_hdf5/GW230811_032116/H-H1_GWOSC_O4a_4KHZ_R1-1375756288-4096.hdf5,available_symlink,4096,4096.0,1375756288.0
GW230811_032116,L1,data/real_strain/GW230811_032116/L-L1_GWOSC_O4a_4KHZ_R1-1375756288-4096.hdf5,data/gwtc4p1/strain_4khz_hdf5/GW230811_032116/L-L1_GWOSC_O4a_4KHZ_R1-1375756288-4096.hdf5,available_symlink,4096,4096.0,1375756288.0
GW230814_061920,H1,data/real_strain/GW230814_061920/H-H1_GWOSC_O4a_4KHZ_R1-1376026624-4096.hdf5,data/gwtc4p1/strain_4khz_hdf5/GW230814_061920/H-H1_GWOSC_O4a_4KHZ_R1-1376026624-4096.hdf5,available_symlink,4096,4096.0,1376026624.0
GW230814_061920,L1,data/real_strain/GW230814_061920/L-L1_GWOSC_O4a_4KHZ_R1-1376026624-4096.hdf5,data/gwtc4p1/strain_4khz_hdf5/GW230814_061920/L-L1_GWOSC_O4a_4KHZ_R1-1376026624-4096.hdf5,available_symlink,4096,4096.0,1376026624.0
GW230814_230901,H1,data/real_strain/GW230814_230901/H-H1_GWOSC_O4a_4KHZ_R1-1376088064-4096.hdf5,data/gwtc4p1/strain_4khz_hdf5/GW230814_230901/H-H1_GWOSC_O4a_4KHZ_R1-1376088064-4096.hdf5,available_symlink,4096,4096.0,1376088064.0
GW230814_230901,L1,data/real_strain/GW230814_230901/L-L1_GWOSC_O4a_4KHZ_R1-1376088064-4096.hdf5,data/gwtc4p1/strain_4khz_hdf5/GW230814_230901/L-L1_GWOSC_O4a_4KHZ_R1-1376088064-4096.hdf5,available_symlink,4096,4096.0,1376088064.0
GW230817_212349,H1,data/real_strain/GW230817_212349/H-H1_GWOSC_O4a_4KHZ_R1-1376342016-4096.hdf5,data/gwtc4p1/strain_4khz_hdf5/GW230817_212349/H-H1_GWOSC_O4a_4KHZ_R1-1376342016-4096.hdf5,available_symlink,4096,4096.0,1376342016.0
GW230817_212349,L1,data/real_strain/GW230817_212349/L-L1_GWOSC_O4a_4KHZ_R1-1376342016-4096.hdf5,data/gwtc4p1/strain_4khz_hdf5/GW230817_212349/L-L1_GWOSC_O4a_4KHZ_R1-1376342016-4096.hdf5,available_symlink,4096,4096.0,1376342016.0
GW230819_171910,H1,data/real_strain/GW230819_171910/H-H1_GWOSC_O4a_4KHZ_R1-1376497664-4096.hdf5,data/gwtc4p1/strain_4khz_hdf5/GW230819_171910/H-H1_GWOSC_O4a_4KHZ_R1-1376497664-4096.hdf5,available_symlink,4096,4096.0,1376497664.0
GW230819_171910,L1,data/real_strain/GW230819_171910/L-L1_GWOSC_O4a_4KHZ_R1-1376497664-4096.hdf5,data/gwtc4p1/strain_4khz_hdf5/GW230819_171910/L-L1_GWOSC_O4a_4KHZ_R1-1376497664-4096.hdf5,available_symlink,4096,4096.0,1376497664.0
GW230820_212515,H1,data/real_strain/GW230820_212515/H-H1_GWOSC_O4a_4KHZ_R1-1376600064-4096.hdf5,data/gwtc4p1/strain_4khz_hdf5/GW230820_212515/H-H1_GWOSC_O4a_4KHZ_R1-1376600064-4096.hdf5,available_symlink,4096,4096.0,1376600064.0
GW230820_212515,L1,data/real_strain/GW230820_212515/L-L1_GWOSC_O4a_4KHZ_R1-1376600064-4096.hdf5,data/gwtc4p1/strain_4khz_hdf5/GW230820_212515/L-L1_GWOSC_O4a_4KHZ_R1-1376600064-4096.hdf5,available_symlink,4096,4096.0,1376600064.0
GW230822_230337,H1,data/real_strain/GW230822_230337/H-H1_GWOSC_O4a_4KHZ_R1-1376780288-4096.hdf5,data/gwtc4p1/strain_4khz_hdf5/GW230822_230337/H-H1_GWOSC_O4a_4KHZ_R1-1376780288-4096.hdf5,available_symlink,4096,4096.0,1376780288.0
GW230822_230337,L1,data/real_strain/GW230822_230337/L-L1_GWOSC_O4a_4KHZ_R1-1376780288-4096.hdf5,data/gwtc4p1/strain_4khz_hdf5/GW230822_230337/L-L1_GWOSC_O4a_4KHZ_R1-1376780288-4096.hdf5,available_symlink,4096,4096.0,1376780288.0
GW230823_142524,H1,data/real_strain/GW230823_142524/H-H1_GWOSC_O4a_4KHZ_R1-1376833536-4096.hdf5,data/gwtc4p1/strain_4khz_hdf5/GW230823_142524/H-H1_GWOSC_O4a_4KHZ_R1-1376833536-4096.hdf5,available_symlink,4096,4096.0,1376833536.0
GW230823_142524,L1,data/real_strain/GW230823_142524/L-L1_GWOSC_O4a_4KHZ_R1-1376833536-4096.hdf5,data/gwtc4p1/strain_4khz_hdf5/GW230823_142524/L-L1_GWOSC_O4a_4KHZ_R1-1376833536-4096.hdf5,available_symlink,4096,4096.0,1376833536.0
GW230824_033047,H1,data/real_strain/GW230824_033047/H-H1_GWOSC_O4a_4KHZ_R1-1376882688-4096.hdf5,data/gwtc4p1/strain_4khz_hdf5/GW230824_033047/H-H1_GWOSC_O4a_4KHZ_R1-1376882688-4096.hdf5,available_symlink,4096,4096.0,1376882688.0
GW230824_033047,L1,data/real_strain/GW230824_033047/L-L1_GWOSC_O4a_4KHZ_R1-1376882688-4096.hdf5,data/gwtc4p1/strain_4khz_hdf5/GW230824_033047/L-L1_GWOSC_O4a_4KHZ_R1-1376882688-4096.hdf5,available_symlink,4096,4096.0,1376882688.0
GW230824_135331,H1,data/real_strain/GW230824_135331/H-H1_GWOSC_O4a_4KHZ_R1-1376919552-4096.hdf5,data/gwtc4p1/strain_4khz_hdf5/GW230824_135331/H-H1_GWOSC_O4a_4KHZ_R1-1376919552-4096.hdf5,available_symlink,4096,4096.0,1376919552.0
GW230824_135331,L1,data/real_strain/GW230824_135331/L-L1_GWOSC_O4a_4KHZ_R1-1376919552-4096.hdf5,data/gwtc4p1/strain_4khz_hdf5/GW230824_135331/L-L1_GWOSC_O4a_4KHZ_R1-1376919552-4096.hdf5,available_symlink,4096,4096.0,1376919552.0
GW230825_041334,H1,data/real_strain/GW230825_041334/H-H1_GWOSC_O4a_4KHZ_R1-1376968704-4096.hdf5,data/gwtc4p1/strain_4khz_hdf5/GW230825_041334/H-H1_GWOSC_O4a_4KHZ_R1-1376968704-4096.hdf5,available_symlink,4096,4096.0,1376968704.0
GW230825_041334,L1,data/real_strain/GW230825_041334/L-L1_GWOSC_O4a_4KHZ_R1-1376968704-4096.hdf5,data/gwtc4p1/strain_4khz_hdf5/GW230825_041334/L-L1_GWOSC_O4a_4KHZ_R1-1376968704-4096.hdf5,available_symlink,4096,4096.0,1376968704.0
GW230830_064744,H1,data/real_strain/GW230830_064744/H-H1_GWOSC_O4a_4KHZ_R1-1377411072-4096.hdf5,data/gwtc4p1/strain_4khz_hdf5/GW230830_064744/H-H1_GWOSC_O4a_4KHZ_R1-1377411072-4096.hdf5,available_symlink,4096,4096.0,1377411072.0
GW230830_064744,L1,data/real_strain/GW230830_064744/L-L1_GWOSC_O4a_4KHZ_R1-1377411072-4096.hdf5,data/gwtc4p1/strain_4khz_hdf5/GW230830_064744/L-L1_GWOSC_O4a_4KHZ_R1-1377411072-4096.hdf5,available_symlink,4096,4096.0,1377411072.0
GW230831_015414,H1,data/real_strain/GW230831_015414/H-H1_GWOSC_O4a_4KHZ_R1-1377480704-4096.hdf5,data/gwtc4p1/strain_4khz_hdf5/GW230831_015414/H-H1_GWOSC_O4a_4KHZ_R1-1377480704-4096.hdf5,available_symlink,4096,4096.0,1377480704.0
GW230831_015414,L1,data/real_strain/GW230831_015414/L-L1_GWOSC_O4a_4KHZ_R1-1377480704-4096.hdf5,data/gwtc4p1/strain_4khz_hdf5/GW230831_015414/L-L1_GWOSC_O4a_4KHZ_R1-1377480704-4096.hdf5,available_symlink,4096,4096.0,1377480704.0
GW230831_134621,H1,data/real_strain/GW230831_134621/H-H1_GWOSC_O4a_4KHZ_R1-1377521664-4096.hdf5,data/gwtc4p1/strain_4khz_hdf5/GW230831_134621/H-H1_GWOSC_O4a_4KHZ_R1-1377521664-4096.hdf5,available_symlink,4096,4096.0,1377521664.0
GW230831_134621,L1,data/real_strain/GW230831_134621/L-L1_GWOSC_O4a_4KHZ_R1-1377521664-4096.hdf5,data/gwtc4p1/strain_4khz_hdf5/GW230831_134621/L-L1_GWOSC_O4a_4KHZ_R1-1377521664-4096.hdf5,available_symlink,4096,4096.0,1377521664.0
GW230902_122814,H1,data/real_strain/GW230902_122814/H-H1_GWOSC_O4a_4KHZ_R1-1377689600-4096.hdf5,data/gwtc4p1/strain_4khz_hdf5/GW230902_122814/H-H1_GWOSC_O4a_4KHZ_R1-1377689600-4096.hdf5,available_symlink,4096,4096.0,1377689600.0
GW230902_122814,L1,data/real_strain/GW230902_122814/L-L1_GWOSC_O4a_4KHZ_R1-1377689600-4096.hdf5,data/gwtc4p1/strain_4khz_hdf5/GW230902_122814/L-L1_GWOSC_O4a_4KHZ_R1-1377689600-4096.hdf5,available_symlink,4096,4096.0,1377689600.0
GW230902_150325,H1,data/real_strain/GW230902_150325/H-H1_GWOSC_O4a_4KHZ_R1-1377701888-4096.hdf5,data/gwtc4p1/strain_4khz_hdf5/GW230902_150325/H-H1_GWOSC_O4a_4KHZ_R1-1377701888-4096.hdf5,available_symlink,4096,4096.0,1377701888.0
GW230902_150325,L1,data/real_strain/GW230902_150325/L-L1_GWOSC_O4a_4KHZ_R1-1377701888-4096.hdf5,data/gwtc4p1/strain_4khz_hdf5/GW230902_150325/L-L1_GWOSC_O4a_4KHZ_R1-1377701888-4096.hdf5,available_symlink,4096,4096.0,1377701888.0
GW230902_172430,H1,data/real_strain/GW230902_172430/H-H1_GWOSC_O4a_4KHZ_R1-1377710080-4096.hdf5,data/gwtc4p1/strain_4khz_hdf5/GW230902_172430/H-H1_GWOSC_O4a_4KHZ_R1-1377710080-4096.hdf5,available_symlink,4096,4096.0,1377710080.0
GW230902_172430,L1,data/real_strain/GW230902_172430/L-L1_GWOSC_O4a_4KHZ_R1-1377710080-4096.hdf5,data/gwtc4p1/strain_4khz_hdf5/GW230902_172430/L-L1_GWOSC_O4a_4KHZ_R1-1377710080-4096.hdf5,available_symlink,4096,4096.0,1377710080.0
GW230902_224555,H1,data/real_strain/GW230902_224555/H-H1_GWOSC_O4a_4KHZ_R1-1377726464-4096.hdf5,data/gwtc4p1/strain_4khz_hdf5/GW230902_224555/H-H1_GWOSC_O4a_4KHZ_R1-1377726464-4096.hdf5,available_symlink,4096,4096.0,1377726464.0
GW230902_224555,L1,data/real_strain/GW230902_224555/L-L1_GWOSC_O4a_4KHZ_R1-1377726464-4096.hdf5,data/gwtc4p1/strain_4khz_hdf5/GW230902_224555/L-L1_GWOSC_O4a_4KHZ_R1-1377726464-4096.hdf5,available_symlink,4096,4096.0,1377726464.0
GW230904_051013,H1,data/real_strain/GW230904_051013/H-H1_GWOSC_O4a_4KHZ_R1-1377837056-4096.hdf5,data/gwtc4p1/strain_4khz_hdf5/GW230904_051013/H-H1_GWOSC_O4a_4KHZ_R1-1377837056-4096.hdf5,available_symlink,4096,4096.0,1377837056.0
GW230904_051013,L1,data/real_strain/GW230904_051013/L-L1_GWOSC_O4a_4KHZ_R1-1377837056-4096.hdf5,data/gwtc4p1/strain_4khz_hdf5/GW230904_051013/L-L1_GWOSC_O4a_4KHZ_R1-1377837056-4096.hdf5,available_symlink,4096,4096.0,1377837056.0
GW230904_152545,H1,data/real_strain/GW230904_152545/H-H1_GWOSC_O4a_4KHZ_R1-1377873920-4096.hdf5,data/gwtc4p1/strain_4khz_hdf5/GW230904_152545/H-H1_GWOSC_O4a_4KHZ_R1-1377873920-4096.hdf5,available_symlink,4096,4096.0,1377873920.0
GW230904_152545,L1,data/real_strain/GW230904_152545/L-L1_GWOSC_O4a_4KHZ_R1-1377873920-4096.hdf5,data/gwtc4p1/strain_4khz_hdf5/GW230904_152545/L-L1_GWOSC_O4a_4KHZ_R1-1377873920-4096.hdf5,available_symlink,4096,4096.0,1377873920.0
GW230911_195324,H1,data/real_strain/GW230911_195324/H-H1_GWOSC_O4a_4KHZ_R1-1378496512-4096.hdf5,data/gwtc4p1/strain_4khz_hdf5/GW230911_195324/H-H1_GWOSC_O4a_4KHZ_R1-1378496512-4096.hdf5,available_symlink,4096,4096.0,1378496512.0
GW230911_195324,L1,data/real_strain/GW230911_195324/L-L1_GWOSC_O4a_4KHZ_R1-1378496512-4096.hdf5,data/gwtc4p1/strain_4khz_hdf5/GW230911_195324/L-L1_GWOSC_O4a_4KHZ_R1-1378496512-4096.hdf5,available_symlink,4096,4096.0,1378496512.0
GW230914_111401,H1,data/real_strain/GW230914_111401/H-H1_GWOSC_O4a_4KHZ_R1-1378721792-4096.hdf5,data/gwtc4p1/strain_4khz_hdf5/GW230914_111401/H-H1_GWOSC_O4a_4KHZ_R1-1378721792-4096.hdf5,available_symlink,4096,4096.0,1378721792.0
GW230914_111401,L1,data/real_strain/GW230914_111401/L-L1_GWOSC_O4a_4KHZ_R1-1378721792-4096.hdf5,data/gwtc4p1/strain_4khz_hdf5/GW230914_111401/L-L1_GWOSC_O4a_4KHZ_R1-1378721792-4096.hdf5,available_symlink,4096,4096.0,1378721792.0
GW230919_215712,H1,data/real_strain/GW230919_215712/H-H1_GWOSC_O4a_4KHZ_R1-1379192832-4096.hdf5,data/gwtc4p1/strain_4khz_hdf5/GW230919_215712/H-H1_GWOSC_O4a_4KHZ_R1-1379192832-4096.hdf5,available_symlink,4096,4096.0,1379192832.0
GW230919_215712,L1,data/real_strain/GW230919_215712/L-L1_GWOSC_O4a_4KHZ_R1-1379192832-4096.hdf5,data/gwtc4p1/strain_4khz_hdf5/GW230919_215712/L-L1_GWOSC_O4a_4KHZ_R1-1379192832-4096.hdf5,available_symlink,4096,4096.0,1379192832.0
GW230920_064709,H1,data/real_strain/GW230920_064709/H-H1_GWOSC_O4a_4KHZ_R1-1379225600-4096.hdf5,data/gwtc4p1/strain_4khz_hdf5/GW230920_064709/H-H1_GWOSC_O4a_4KHZ_R1-1379225600-4096.hdf5,available_symlink,4096,4096.0,1379225600.0
GW230920_064709,L1,data/real_strain/GW230920_064709/L-L1_GWOSC_O4a_4KHZ_R1-1379225600-4096.hdf5,data/gwtc4p1/strain_4khz_hdf5/GW230920_064709/L-L1_GWOSC_O4a_4KHZ_R1-1379225600-4096.hdf5,available_symlink,4096,4096.0,1379225600.0
GW230920_071124,H1,data/real_strain/GW230920_071124/H-H1_GWOSC_O4a_4KHZ_R1-1379225600-4096.hdf5,data/gwtc4p1/strain_4khz_hdf5/GW230920_071124/H-H1_GWOSC_O4a_4KHZ_R1-1379225600-4096.hdf5,available_symlink,4096,4096.0,1379225600.0
GW230920_071124,L1,data/real_strain/GW230920_071124/L-L1_GWOSC_O4a_4KHZ_R1-1379225600-4096.hdf5,data/gwtc4p1/strain_4khz_hdf5/GW230920_071124/L-L1_GWOSC_O4a_4KHZ_R1-1379225600-4096.hdf5,available_symlink,4096,4096.0,1379225600.0
GW230922_020344,H1,data/real_strain/GW230922_020344/H-H1_GWOSC_O4a_4KHZ_R1-1379381248-4096.hdf5,data/gwtc4p1/strain_4khz_hdf5/GW230922_020344/H-H1_GWOSC_O4a_4KHZ_R1-1379381248-4096.hdf5,available_symlink,4096,4096.0,1379381248.0
GW230922_020344,L1,data/real_strain/GW230922_020344/L-L1_GWOSC_O4a_4KHZ_R1-1379381248-4096.hdf5,data/gwtc4p1/strain_4khz_hdf5/GW230922_020344/L-L1_GWOSC_O4a_4KHZ_R1-1379381248-4096.hdf5,available_symlink,4096,4096.0,1379381248.0
GW230922_040658,H1,data/real_strain/GW230922_040658/H-H1_GWOSC_O4a_4KHZ_R1-1379389440-4096.hdf5,data/gwtc4p1/strain_4khz_hdf5/GW230922_040658/H-H1_GWOSC_O4a_4KHZ_R1-1379389440-4096.hdf5,available_symlink,4096,4096.0,1379389440.0
GW230922_040658,L1,data/real_strain/GW230922_040658/L-L1_GWOSC_O4a_4KHZ_R1-1379389440-4096.hdf5,data/gwtc4p1/strain_4khz_hdf5/GW230922_040658/L-L1_GWOSC_O4a_4KHZ_R1-1379389440-4096.hdf5,available_symlink,4096,4096.0,1379389440.0
GW230924_124453,H1,data/real_strain/GW230924_124453/H-H1_GWOSC_O4a_4KHZ_R1-1379594240-4096.hdf5,data/gwtc4p1/strain_4khz_hdf5/GW230924_124453/H-H1_GWOSC_O4a_4KHZ_R1-1379594240-4096.hdf5,available_symlink,4096,4096.0,1379594240.0
GW230924_124453,L1,data/real_strain/GW230924_124453/L-L1_GWOSC_O4a_4KHZ_R1-1379594240-4096.hdf5,data/gwtc4p1/strain_4khz_hdf5/GW230924_124453/L-L1_GWOSC_O4a_4KHZ_R1-1379594240-4096.hdf5,available_symlink,4096,4096.0,1379594240.0
GW230925_143957,H1,data/real_strain/GW230925_143957/H-H1_GWOSC_O4a_4KHZ_R1-1379684352-4096.hdf5,data/gwtc4p1/strain_4khz_hdf5/GW230925_143957/H-H1_GWOSC_O4a_4KHZ_R1-1379684352-4096.hdf5,available_symlink,4096,4096.0,1379684352.0
GW230925_143957,L1,data/real_strain/GW230925_143957/L-L1_GWOSC_O4a_4KHZ_R1-1379684352-4096.hdf5,data/gwtc4p1/strain_4khz_hdf5/GW230925_143957/L-L1_GWOSC_O4a_4KHZ_R1-1379684352-4096.hdf5,available_symlink,4096,4096.0,1379684352.0
GW230927_043729,H1,data/real_strain/GW230927_043729/H-H1_GWOSC_O4a_4KHZ_R1-1379823616-4096.hdf5,data/gwtc4p1/strain_4khz_hdf5/GW230927_043729/H-H1_GWOSC_O4a_4KHZ_R1-1379823616-4096.hdf5,available_symlink,4096,4096.0,1379823616.0
GW230927_043729,L1,data/real_strain/GW230927_043729/L-L1_GWOSC_O4a_4KHZ_R1-1379823616-4096.hdf5,data/gwtc4p1/strain_4khz_hdf5/GW230927_043729/L-L1_GWOSC_O4a_4KHZ_R1-1379823616-4096.hdf5,available_symlink,4096,4096.0,1379823616.0
GW230927_153832,H1,data/real_strain/GW230927_153832/H-H1_GWOSC_O4a_4KHZ_R1-1379860480-4096.hdf5,data/gwtc4p1/strain_4khz_hdf5/GW230927_153832/H-H1_GWOSC_O4a_4KHZ_R1-1379860480-4096.hdf5,available_symlink,4096,4096.0,1379860480.0
GW230927_153832,L1,data/real_strain/GW230927_153832/L-L1_GWOSC_O4a_4KHZ_R1-1379860480-4096.hdf5,data/gwtc4p1/strain_4khz_hdf5/GW230927_153832/L-L1_GWOSC_O4a_4KHZ_R1-1379860480-4096.hdf5,available_symlink,4096,4096.0,1379860480.0
GW230928_215827,H1,data/real_strain/GW230928_215827/H-H1_GWOSC_O4a_4KHZ_R1-1379971072-4096.hdf5,data/gwtc4p1/strain_4khz_hdf5/GW230928_215827/H-H1_GWOSC_O4a_4KHZ_R1-1379971072-4096.hdf5,available_symlink,4096,4096.0,1379971072.0
GW230928_215827,L1,data/real_strain/GW230928_215827/L-L1_GWOSC_O4a_4KHZ_R1-1379971072-4096.hdf5,data/gwtc4p1/strain_4khz_hdf5/GW230928_215827/L-L1_GWOSC_O4a_4KHZ_R1-1379971072-4096.hdf5,available_symlink,4096,4096.0,1379971072.0
GW230930_110730,H1,data/real_strain/GW230930_110730/H-H1_GWOSC_O4a_4KHZ_R1-1380106240-4096.hdf5,data/gwtc4p1/strain_4khz_hdf5/GW230930_110730/H-H1_GWOSC_O4a_4KHZ_R1-1380106240-4096.hdf5,available_symlink,4096,4096.0,1380106240.0
GW230930_110730,L1,data/real_strain/GW230930_110730/L-L1_GWOSC_O4a_4KHZ_R1-1380106240-4096.hdf5,data/gwtc4p1/strain_4khz_hdf5/GW230930_110730/L-L1_GWOSC_O4a_4KHZ_R1-1380106240-4096.hdf5,available_symlink,4096,4096.0,1380106240.0
GW231001_140220,H1,data/real_strain/GW231001_140220/H-H1_GWOSC_O4a_4KHZ_R1-1380200448-4096.hdf5,data/gwtc4p1/strain_4khz_hdf5/GW231001_140220/H-H1_GWOSC_O4a_4KHZ_R1-1380200448-4096.hdf5,available_symlink,4096,4096.0,1380200448.0
GW231001_140220,L1,data/real_strain/GW231001_140220/L-L1_GWOSC_O4a_4KHZ_R1-1380200448-4096.hdf5,data/gwtc4p1/strain_4khz_hdf5/GW231001_140220/L-L1_GWOSC_O4a_4KHZ_R1-1380200448-4096.hdf5,available_symlink,4096,4096.0,1380200448.0
GW231002_143916,H1,data/real_strain/GW231002_143916/H-H1_GWOSC_O4a_4KHZ_R1-1380290560-4096.hdf5,data/gwtc4p1/strain_4khz_hdf5/GW231002_143916/H-H1_GWOSC_O4a_4KHZ_R1-1380290560-4096.hdf5,available_symlink,4096,4096.0,1380290560.0
GW231002_143916,L1,data/real_strain/GW231002_143916/L-L1_GWOSC_O4a_4KHZ_R1-1380290560-4096.hdf5,data/gwtc4p1/strain_4khz_hdf5/GW231002_143916/L-L1_GWOSC_O4a_4KHZ_R1-1380290560-4096.hdf5,available_symlink,4096,4096.0,1380290560.0
GW231004_232346,H1,data/real_strain/GW231004_232346/H-H1_GWOSC_O4a_4KHZ_R1-1380495360-4096.hdf5,data/gwtc4p1/strain_4khz_hdf5/GW231004_232346/H-H1_GWOSC_O4a_4KHZ_R1-1380495360-4096.hdf5,available_symlink,4096,4096.0,1380495360.0
GW231004_232346,L1,data/real_strain/GW231004_232346/L-L1_GWOSC_O4a_4KHZ_R1-1380495360-4096.hdf5,data/gwtc4p1/strain_4khz_hdf5/GW231004_232346/L-L1_GWOSC_O4a_4KHZ_R1-1380495360-4096.hdf5,available_symlink,4096,4096.0,1380495360.0
GW231005_021030,H1,data/real_strain/GW231005_021030/H-H1_GWOSC_O4a_4KHZ_R1-1380503552-4096.hdf5,data/gwtc4p1/strain_4khz_hdf5/GW231005_021030/H-H1_GWOSC_O4a_4KHZ_R1-1380503552-4096.hdf5,available_symlink,4096,4096.0,1380503552.0
GW231005_021030,L1,data/real_strain/GW231005_021030/L-L1_GWOSC_O4a_4KHZ_R1-1380503552-4096.hdf5,data/gwtc4p1/strain_4khz_hdf5/GW231005_021030/L-L1_GWOSC_O4a_4KHZ_R1-1380503552-4096.hdf5,available_symlink,4096,4096.0,1380503552.0
GW231005_091549,H1,data/real_strain/GW231005_091549/H-H1_GWOSC_O4a_4KHZ_R1-1380532224-4096.hdf5,data/gwtc4p1/strain_4khz_hdf5/GW231005_091549/H-H1_GWOSC_O4a_4KHZ_R1-1380532224-4096.hdf5,available_symlink,4096,4096.0,1380532224.0
GW231005_091549,L1,data/real_strain/GW231005_091549/L-L1_GWOSC_O4a_4KHZ_R1-1380532224-4096.hdf5,data/gwtc4p1/strain_4khz_hdf5/GW231005_091549/L-L1_GWOSC_O4a_4KHZ_R1-1380532224-4096.hdf5,available_symlink,4096,4096.0,1380532224.0
GW231005_144455,H1,data/real_strain/GW231005_144455/H-H1_GWOSC_O4a_4KHZ_R1-1380548608-4096.hdf5,data/gwtc4p1/strain_4khz_hdf5/GW231005_144455/H-H1_GWOSC_O4a_4KHZ_R1-1380548608-4096.hdf5,available_symlink,4096,4096.0,1380548608.0
GW231005_144455,L1,data/real_strain/GW231005_144455/L-L1_GWOSC_O4a_4KHZ_R1-1380548608-4096.hdf5,data/gwtc4p1/strain_4khz_hdf5/GW231005_144455/L-L1_GWOSC_O4a_4KHZ_R1-1380548608-4096.hdf5,available_symlink,4096,4096.0,1380548608.0
GW231007_134720,H1,data/real_strain/GW231007_134720/H-H1_GWOSC_O4a_4KHZ_R1-1380720640-4096.hdf5,data/gwtc4p1/strain_4khz_hdf5/GW231007_134720/H-H1_GWOSC_O4a_4KHZ_R1-1380720640-4096.hdf5,available_symlink,4096,4096.0,1380720640.0
GW231007_134720,L1,data/real_strain/GW231007_134720/L-L1_GWOSC_O4a_4KHZ_R1-1380720640-4096.hdf5,data/gwtc4p1/strain_4khz_hdf5/GW231007_134720/L-L1_GWOSC_O4a_4KHZ_R1-1380720640-4096.hdf5,available_symlink,4096,4096.0,1380720640.0
GW231008_142521,H1,data/real_strain/GW231008_142521/H-H1_GWOSC_O4a_4KHZ_R1-1380806656-4096.hdf5,data/gwtc4p1/strain_4khz_hdf5/GW231008_142521/H-H1_GWOSC_O4a_4KHZ_R1-1380806656-4096.hdf5,available_symlink,4096,4096.0,1380806656.0
GW231008_142521,L1,data/real_strain/GW231008_142521/L-L1_GWOSC_O4a_4KHZ_R1-1380806656-4096.hdf5,data/gwtc4p1/strain_4khz_hdf5/GW231008_142521/L-L1_GWOSC_O4a_4KHZ_R1-1380806656-4096.hdf5,available_symlink,4096,4096.0,1380806656.0
GW231013_135504,H1,data/real_strain/GW231013_135504/H-H1_GWOSC_O4a_4KHZ_R1-1381236736-4096.hdf5,data/gwtc4p1/strain_4khz_hdf5/GW231013_135504/H-H1_GWOSC_O4a_4KHZ_R1-1381236736-4096.hdf5,available_symlink,4096,4096.0,1381236736.0
GW231013_135504,L1,data/real_strain/GW231013_135504/L-L1_GWOSC_O4a_4KHZ_R1-1381236736-4096.hdf5,data/gwtc4p1/strain_4khz_hdf5/GW231013_135504/L-L1_GWOSC_O4a_4KHZ_R1-1381236736-4096.hdf5,available_symlink,4096,4096.0,1381236736.0
GW231014_040532,H1,data/real_strain/GW231014_040532/H-H1_GWOSC_O4a_4KHZ_R1-1381289984-4096.hdf5,data/gwtc4p1/strain_4khz_hdf5/GW231014_040532/H-H1_GWOSC_O4a_4KHZ_R1-1381289984-4096.hdf5,available_symlink,4096,4096.0,1381289984.0
GW231014_040532,L1,data/real_strain/GW231014_040532/L-L1_GWOSC_O4a_4KHZ_R1-1381289984-4096.hdf5,data/gwtc4p1/strain_4khz_hdf5/GW231014_040532/L-L1_GWOSC_O4a_4KHZ_R1-1381289984-4096.hdf5,available_symlink,4096,4096.0,1381289984.0
GW231018_233037,H1,data/real_strain/GW231018_233037/H-H1_GWOSC_O4a_4KHZ_R1-1381703680-4096.hdf5,data/gwtc4p1/strain_4khz_hdf5/GW231018_233037/H-H1_GWOSC_O4a_4KHZ_R1-1381703680-4096.hdf5,available_symlink,4096,4096.0,1381703680.0
GW231018_233037,L1,data/real_strain/GW231018_233037/L-L1_GWOSC_O4a_4KHZ_R1-1381703680-4096.hdf5,data/gwtc4p1/strain_4khz_hdf5/GW231018_233037/L-L1_GWOSC_O4a_4KHZ_R1-1381703680-4096.hdf5,available_symlink,4096,4096.0,1381703680.0
GW231020_142947,H1,data/real_strain/GW231020_142947/H-H1_GWOSC_O4a_4KHZ_R1-1381847040-4096.hdf5,data/gwtc4p1/strain_4khz_hdf5/GW231020_142947/H-H1_GWOSC_O4a_4KHZ_R1-1381847040-4096.hdf5,available_symlink,4096,4096.0,1381847040.0
GW231020_142947,L1,data/real_strain/GW231020_142947/L-L1_GWOSC_O4a_4KHZ_R1-1381847040-4096.hdf5,data/gwtc4p1/strain_4khz_hdf5/GW231020_142947/L-L1_GWOSC_O4a_4KHZ_R1-1381847040-4096.hdf5,available_symlink,4096,4096.0,1381847040.0
GW231024_023603,H1,data/real_strain/GW231024_023603/H-H1_GWOSC_O4a_4KHZ_R1-1382150144-4096.hdf5,data/gwtc4p1/strain_4khz_hdf5/GW231024_023603/H-H1_GWOSC_O4a_4KHZ_R1-1382150144-4096.hdf5,available_symlink,4096,4096.0,1382150144.0
GW231024_023603,L1,data/real_strain/GW231024_023603/L-L1_GWOSC_O4a_4KHZ_R1-1382150144-4096.hdf5,data/gwtc4p1/strain_4khz_hdf5/GW231024_023603/L-L1_GWOSC_O4a_4KHZ_R1-1382150144-4096.hdf5,available_symlink,4096,4096.0,1382150144.0
GW231025_142306,H1,data/real_strain/GW231025_142306/H-H1_GWOSC_O4a_4KHZ_R1-1382277120-4096.hdf5,data/gwtc4p1/strain_4khz_hdf5/GW231025_142306/H-H1_GWOSC_O4a_4KHZ_R1-1382277120-4096.hdf5,available_symlink,4096,4096.0,1382277120.0
GW231025_142306,L1,data/real_strain/GW231025_142306/L-L1_GWOSC_O4a_4KHZ_R1-1382277120-4096.hdf5,data/gwtc4p1/strain_4khz_hdf5/GW231025_142306/L-L1_GWOSC_O4a_4KHZ_R1-1382277120-4096.hdf5,available_symlink,4096,4096.0,1382277120.0
GW231026_130704,H1,data/real_strain/GW231026_130704/H-H1_GWOSC_O4a_4KHZ_R1-1382359040-4096.hdf5,data/gwtc4p1/strain_4khz_hdf5/GW231026_130704/H-H1_GWOSC_O4a_4KHZ_R1-1382359040-4096.hdf5,available_symlink,4096,4096.0,1382359040.0
GW231026_130704,L1,data/real_strain/GW231026_130704/L-L1_GWOSC_O4a_4KHZ_R1-1382359040-4096.hdf5,data/gwtc4p1/strain_4khz_hdf5/GW231026_130704/L-L1_GWOSC_O4a_4KHZ_R1-1382359040-4096.hdf5,available_symlink,4096,4096.0,1382359040.0
GW231028_153006,H1,data/real_strain/GW231028_153006/H-H1_GWOSC_O4a_4KHZ_R1-1382539264-4096.hdf5,data/gwtc4p1/strain_4khz_hdf5/GW231028_153006/H-H1_GWOSC_O4a_4KHZ_R1-1382539264-4096.hdf5,available_symlink,4096,4096.0,1382539264.0
GW231028_153006,L1,data/real_strain/GW231028_153006/L-L1_GWOSC_O4a_4KHZ_R1-1382539264-4096.hdf5,data/gwtc4p1/strain_4khz_hdf5/GW231028_153006/L-L1_GWOSC_O4a_4KHZ_R1-1382539264-4096.hdf5,available_symlink,4096,4096.0,1382539264.0
GW231029_111508,L1,data/real_strain/GW231029_111508/L-L1_GWOSC_O4a_4KHZ_R1-1382612992-4096.hdf5,data/gwtc4p1/strain_4khz_hdf5/GW231029_111508/L-L1_GWOSC_O4a_4KHZ_R1-1382612992-4096.hdf5,available_symlink,4096,4096.0,1382612992.0
GW231102_052214,H1,data/real_strain/GW231102_052214/H-H1_GWOSC_O4a_4KHZ_R1-1382936576-4096.hdf5,data/gwtc4p1/strain_4khz_hdf5/GW231102_052214/H-H1_GWOSC_O4a_4KHZ_R1-1382936576-4096.hdf5,available_symlink,4096,4096.0,1382936576.0
GW231102_052214,L1,data/real_strain/GW231102_052214/L-L1_GWOSC_O4a_4KHZ_R1-1382936576-4096.hdf5,data/gwtc4p1/strain_4khz_hdf5/GW231102_052214/L-L1_GWOSC_O4a_4KHZ_R1-1382936576-4096.hdf5,available_symlink,4096,4096.0,1382936576.0
GW231102_071736,H1,data/real_strain/GW231102_071736/H-H1_GWOSC_O4a_4KHZ_R1-1382940672-4096.hdf5,data/gwtc4p1/strain_4khz_hdf5/GW231102_071736/H-H1_GWOSC_O4a_4KHZ_R1-1382940672-4096.hdf5,available_symlink,4096,4096.0,1382940672.0
GW231102_071736,L1,data/real_strain/GW231102_071736/L-L1_GWOSC_O4a_4KHZ_R1-1382940672-4096.hdf5,data/gwtc4p1/strain_4khz_hdf5/GW231102_071736/L-L1_GWOSC_O4a_4KHZ_R1-1382940672-4096.hdf5,available_symlink,4096,4096.0,1382940672.0
GW231102_232433,H1,data/real_strain/GW231102_232433/H-H1_GWOSC_O4a_4KHZ_R1-1383002112-4096.hdf5,data/gwtc4p1/strain_4khz_hdf5/GW231102_232433/H-H1_GWOSC_O4a_4KHZ_R1-1383002112-4096.hdf5,available_symlink,4096,4096.0,1383002112.0
GW231102_232433,L1,data/real_strain/GW231102_232433/L-L1_GWOSC_O4a_4KHZ_R1-1383002112-4096.hdf5,data/gwtc4p1/strain_4khz_hdf5/GW231102_232433/L-L1_GWOSC_O4a_4KHZ_R1-1383002112-4096.hdf5,available_symlink,4096,4096.0,1383002112.0
GW231104_133418,H1,data/real_strain/GW231104_133418/H-H1_GWOSC_O4a_4KHZ_R1-1383137280-4096.hdf5,data/gwtc4p1/strain_4khz_hdf5/GW231104_133418/H-H1_GWOSC_O4a_4KHZ_R1-1383137280-4096.hdf5,available_symlink,4096,4096.0,1383137280.0
GW231104_133418,L1,data/real_strain/GW231104_133418/L-L1_GWOSC_O4a_4KHZ_R1-1383137280-4096.hdf5,data/gwtc4p1/strain_4khz_hdf5/GW231104_133418/L-L1_GWOSC_O4a_4KHZ_R1-1383137280-4096.hdf5,available_symlink,4096,4096.0,1383137280.0
GW231108_125142,H1,data/real_strain/GW231108_125142/H-H1_GWOSC_O4a_4KHZ_R1-1383481344-4096.hdf5,data/gwtc4p1/strain_4khz_hdf5/GW231108_125142/H-H1_GWOSC_O4a_4KHZ_R1-1383481344-4096.hdf5,available_symlink,4096,4096.0,1383481344.0
GW231108_125142,L1,data/real_strain/GW231108_125142/L-L1_GWOSC_O4a_4KHZ_R1-1383481344-4096.hdf5,data/gwtc4p1/strain_4khz_hdf5/GW231108_125142/L-L1_GWOSC_O4a_4KHZ_R1-1383481344-4096.hdf5,available_symlink,4096,4096.0,1383481344.0
GW231110_040320,H1,data/real_strain/GW231110_040320/H-H1_GWOSC_O4a_4KHZ_R1-1383620608-4096.hdf5,data/gwtc4p1/strain_4khz_hdf5/GW231110_040320/H-H1_GWOSC_O4a_4KHZ_R1-1383620608-4096.hdf5,available_symlink,4096,4096.0,1383620608.0
GW231110_040320,L1,data/real_strain/GW231110_040320/L-L1_GWOSC_O4a_4KHZ_R1-1383620608-4096.hdf5,data/gwtc4p1/strain_4khz_hdf5/GW231110_040320/L-L1_GWOSC_O4a_4KHZ_R1-1383620608-4096.hdf5,available_symlink,4096,4096.0,1383620608.0
GW231113_062050,H1,data/real_strain/GW231113_062050/H-H1_GWOSC_O4a_4KHZ_R1-1383890944-4096.hdf5,data/gwtc4p1/strain_4khz_hdf5/GW231113_062050/H-H1_GWOSC_O4a_4KHZ_R1-1383890944-4096.hdf5,available_symlink,4096,4096.0,1383890944.0
GW231113_062050,L1,data/real_strain/GW231113_062050/L-L1_GWOSC_O4a_4KHZ_R1-1383890944-4096.hdf5,data/gwtc4p1/strain_4khz_hdf5/GW231113_062050/L-L1_GWOSC_O4a_4KHZ_R1-1383890944-4096.hdf5,available_symlink,4096,4096.0,1383890944.0
GW231113_112825,H1,data/real_strain/GW231113_112825/H-H1_GWOSC_O4a_4KHZ_R1-1383907328-4096.hdf5,data/gwtc4p1/strain_4khz_hdf5/GW231113_112825/H-H1_GWOSC_O4a_4KHZ_R1-1383907328-4096.hdf5,available_symlink,4096,4096.0,1383907328.0
GW231113_112825,L1,data/real_strain/GW231113_112825/L-L1_GWOSC_O4a_4KHZ_R1-1383907328-4096.hdf5,data/gwtc4p1/strain_4khz_hdf5/GW231113_112825/L-L1_GWOSC_O4a_4KHZ_R1-1383907328-4096.hdf5,available_symlink,4096,4096.0,1383907328.0
GW231113_122623,H1,data/real_strain/GW231113_122623/H-H1_GWOSC_O4a_4KHZ_R1-1383911424-4096.hdf5,data/gwtc4p1/strain_4khz_hdf5/GW231113_122623/H-H1_GWOSC_O4a_4KHZ_R1-1383911424-4096.hdf5,available_symlink,4096,4096.0,1383911424.0
GW231113_122623,L1,data/real_strain/GW231113_122623/L-L1_GWOSC_O4a_4KHZ_R1-1383911424-4096.hdf5,data/gwtc4p1/strain_4khz_hdf5/GW231113_122623/L-L1_GWOSC_O4a_4KHZ_R1-1383911424-4096.hdf5,available_symlink,4096,4096.0,1383911424.0
GW231113_150041,H1,data/real_strain/GW231113_150041/H-H1_GWOSC_O4a_4KHZ_R1-1383919616-4096.hdf5,data/gwtc4p1/strain_4khz_hdf5/GW231113_150041/H-H1_GWOSC_O4a_4KHZ_R1-1383919616-4096.hdf5,available_symlink,4096,4096.0,1383919616.0
GW231113_150041,L1,data/real_strain/GW231113_150041/L-L1_GWOSC_O4a_4KHZ_R1-1383919616-4096.hdf5,data/gwtc4p1/strain_4khz_hdf5/GW231113_150041/L-L1_GWOSC_O4a_4KHZ_R1-1383919616-4096.hdf5,available_symlink,4096,4096.0,1383919616.0
GW231113_200417,H1,data/real_strain/GW231113_200417/H-H1_GWOSC_O4a_4KHZ_R1-1383940096-4096.hdf5,data/gwtc4p1/strain_4khz_hdf5/GW231113_200417/H-H1_GWOSC_O4a_4KHZ_R1-1383940096-4096.hdf5,available_symlink,4096,4096.0,1383940096.0
GW231113_200417,L1,data/real_strain/GW231113_200417/L-L1_GWOSC_O4a_4KHZ_R1-1383940096-4096.hdf5,data/gwtc4p1/strain_4khz_hdf5/GW231113_200417/L-L1_GWOSC_O4a_4KHZ_R1-1383940096-4096.hdf5,available_symlink,4096,4096.0,1383940096.0
GW231114_043211,H1,data/real_strain/GW231114_043211/H-H1_GWOSC_O4a_4KHZ_R1-1383968768-4096.hdf5,data/gwtc4p1/strain_4khz_hdf5/GW231114_043211/H-H1_GWOSC_O4a_4KHZ_R1-1383968768-4096.hdf5,available_symlink,4096,4096.0,1383968768.0
GW231114_043211,L1,data/real_strain/GW231114_043211/L-L1_GWOSC_O4a_4KHZ_R1-1383968768-4096.hdf5,data/gwtc4p1/strain_4khz_hdf5/GW231114_043211/L-L1_GWOSC_O4a_4KHZ_R1-1383968768-4096.hdf5,available_symlink,4096,4096.0,1383968768.0
GW231118_005626,H1,data/real_strain/GW231118_005626/H-H1_GWOSC_O4a_4KHZ_R1-1384300544-4096.hdf5,data/gwtc4p1/strain_4khz_hdf5/GW231118_005626/H-H1_GWOSC_O4a_4KHZ_R1-1384300544-4096.hdf5,available_symlink,4096,4096.0,1384300544.0
GW231118_005626,L1,data/real_strain/GW231118_005626/L-L1_GWOSC_O4a_4KHZ_R1-1384300544-4096.hdf5,data/gwtc4p1/strain_4khz_hdf5/GW231118_005626/L-L1_GWOSC_O4a_4KHZ_R1-1384300544-4096.hdf5,available_symlink,4096,4096.0,1384300544.0
GW231118_071402,H1,data/real_strain/GW231118_071402/H-H1_GWOSC_O4a_4KHZ_R1-1384325120-4096.hdf5,data/gwtc4p1/strain_4khz_hdf5/GW231118_071402/H-H1_GWOSC_O4a_4KHZ_R1-1384325120-4096.hdf5,available_symlink,4096,4096.0,1384325120.0
GW231118_071402,L1,data/real_strain/GW231118_071402/L-L1_GWOSC_O4a_4KHZ_R1-1384325120-4096.hdf5,data/gwtc4p1/strain_4khz_hdf5/GW231118_071402/L-L1_GWOSC_O4a_4KHZ_R1-1384325120-4096.hdf5,available_symlink,4096,4096.0,1384325120.0
GW231118_090602,H1,data/real_strain/GW231118_090602/H-H1_GWOSC_O4a_4KHZ_R1-1384333312-4096.hdf5,data/gwtc4p1/strain_4khz_hdf5/GW231118_090602/H-H1_GWOSC_O4a_4KHZ_R1-1384333312-4096.hdf5,available_symlink,4096,4096.0,1384333312.0
GW231118_090602,L1,data/real_strain/GW231118_090602/L-L1_GWOSC_O4a_4KHZ_R1-1384333312-4096.hdf5,data/gwtc4p1/strain_4khz_hdf5/GW231118_090602/L-L1_GWOSC_O4a_4KHZ_R1-1384333312-4096.hdf5,available_symlink,4096,4096.0,1384333312.0
GW231119_075248,H1,data/real_strain/GW231119_075248/H-H1_GWOSC_O4a_4KHZ_R1-1384415232-4096.hdf5,data/gwtc4p1/strain_4khz_hdf5/GW231119_075248/H-H1_GWOSC_O4a_4KHZ_R1-1384415232-4096.hdf5,available_symlink,4096,4096.0,1384415232.0
GW231119_075248,L1,data/real_strain/GW231119_075248/L-L1_GWOSC_O4a_4KHZ_R1-1384415232-4096.hdf5,data/gwtc4p1/strain_4khz_hdf5/GW231119_075248/L-L1_GWOSC_O4a_4KHZ_R1-1384415232-4096.hdf5,available_symlink,4096,4096.0,1384415232.0
GW231120_022103,H1,data/real_strain/GW231120_022103/H-H1_GWOSC_O4a_4KHZ_R1-1384480768-4096.hdf5,data/gwtc4p1/strain_4khz_hdf5/GW231120_022103/H-H1_GWOSC_O4a_4KHZ_R1-1384480768-4096.hdf5,available_symlink,4096,4096.0,1384480768.0
GW231120_022103,L1,data/real_strain/GW231120_022103/L-L1_GWOSC_O4a_4KHZ_R1-1384480768-4096.hdf5,data/gwtc4p1/strain_4khz_hdf5/GW231120_022103/L-L1_GWOSC_O4a_4KHZ_R1-1384480768-4096.hdf5,available_symlink,4096,4096.0,1384480768.0
GW231123_135430,H1,data/real_strain/GW231123_135430/H-H1_GWOSC_O4a_4KHZ_R1-1384779776-4096.hdf5,data/gwtc4p1/strain_4khz_hdf5/GW231123_135430/H-H1_GWOSC_O4a_4KHZ_R1-1384779776-4096.hdf5,available_symlink,4096,4096.0,1384779776.0
GW231123_135430,L1,data/real_strain/GW231123_135430/L-L1_GWOSC_O4a_4KHZ_R1-1384779776-4096.hdf5,data/gwtc4p1/strain_4khz_hdf5/GW231123_135430/L-L1_GWOSC_O4a_4KHZ_R1-1384779776-4096.hdf5,available_symlink,4096,4096.0,1384779776.0
GW231126_010928,H1,data/real_strain/GW231126_010928/H-H1_GWOSC_O4a_4KHZ_R1-1384992768-4096.hdf5,data/gwtc4p1/strain_4khz_hdf5/GW231126_010928/H-H1_GWOSC_O4a_4KHZ_R1-1384992768-4096.hdf5,available_symlink,4096,4096.0,1384992768.0
GW231126_010928,L1,data/real_strain/GW231126_010928/L-L1_GWOSC_O4a_4KHZ_R1-1384992768-4096.hdf5,data/gwtc4p1/strain_4khz_hdf5/GW231126_010928/L-L1_GWOSC_O4a_4KHZ_R1-1384992768-4096.hdf5,available_symlink,4096,4096.0,1384992768.0
GW231127_061546,H1,data/real_strain/GW231127_061546/H-H1_GWOSC_O4a_4KHZ_R1-1385099264-4096.hdf5,data/gwtc4p1/strain_4khz_hdf5/GW231127_061546/H-H1_GWOSC_O4a_4KHZ_R1-1385099264-4096.hdf5,available_symlink,4096,4096.0,1385099264.0
GW231127_061546,L1,data/real_strain/GW231127_061546/L-L1_GWOSC_O4a_4KHZ_R1-1385099264-4096.hdf5,data/gwtc4p1/strain_4khz_hdf5/GW231127_061546/L-L1_GWOSC_O4a_4KHZ_R1-1385099264-4096.hdf5,available_symlink,4096,4096.0,1385099264.0
GW231127_165300,H1,data/real_strain/GW231127_165300/H-H1_GWOSC_O4a_4KHZ_R1-1385136128-4096.hdf5,data/gwtc4p1/strain_4khz_hdf5/GW231127_165300/H-H1_GWOSC_O4a_4KHZ_R1-1385136128-4096.hdf5,available_symlink,4096,4096.0,1385136128.0
GW231127_165300,L1,data/real_strain/GW231127_165300/L-L1_GWOSC_O4a_4KHZ_R1-1385136128-4096.hdf5,data/gwtc4p1/strain_4khz_hdf5/GW231127_165300/L-L1_GWOSC_O4a_4KHZ_R1-1385136128-4096.hdf5,available_symlink,4096,4096.0,1385136128.0
GW231129_081745,H1,data/real_strain/GW231129_081745/H-H1_GWOSC_O4a_4KHZ_R1-1385279488-4096.hdf5,data/gwtc4p1/strain_4khz_hdf5/GW231129_081745/H-H1_GWOSC_O4a_4KHZ_R1-1385279488-4096.hdf5,available_symlink,4096,4096.0,1385279488.0
GW231129_081745,L1,data/real_strain/GW231129_081745/L-L1_GWOSC_O4a_4KHZ_R1-1385279488-4096.hdf5,data/gwtc4p1/strain_4khz_hdf5/GW231129_081745/L-L1_GWOSC_O4a_4KHZ_R1-1385279488-4096.hdf5,available_symlink,4096,4096.0,1385279488.0
GW231204_090648,H1,data/real_strain/GW231204_090648/H-H1_GWOSC_O4a_4KHZ_R1-1385713664-4096.hdf5,data/gwtc4p1/strain_4khz_hdf5/GW231204_090648/H-H1_GWOSC_O4a_4KHZ_R1-1385713664-4096.hdf5,available_symlink,4096,4096.0,1385713664.0
GW231204_090648,L1,data/real_strain/GW231204_090648/L-L1_GWOSC_O4a_4KHZ_R1-1385713664-4096.hdf5,data/gwtc4p1/strain_4khz_hdf5/GW231204_090648/L-L1_GWOSC_O4a_4KHZ_R1-1385713664-4096.hdf5,available_symlink,4096,4096.0,1385713664.0
GW231206_010629,H1,data/real_strain/GW231206_010629/H-H1_GWOSC_O4a_4KHZ_R1-1385857024-4096.hdf5,data/gwtc4p1/strain_4khz_hdf5/GW231206_010629/H-H1_GWOSC_O4a_4KHZ_R1-1385857024-4096.hdf5,available_symlink,4096,4096.0,1385857024.0
GW231206_010629,L1,data/real_strain/GW231206_010629/L-L1_GWOSC_O4a_4KHZ_R1-1385857024-4096.hdf5,data/gwtc4p1/strain_4khz_hdf5/GW231206_010629/L-L1_GWOSC_O4a_4KHZ_R1-1385857024-4096.hdf5,available_symlink,4096,4096.0,1385857024.0
GW231206_233134,H1,data/real_strain/GW231206_233134/H-H1_GWOSC_O4a_4KHZ_R1-1385938944-4096.hdf5,data/gwtc4p1/strain_4khz_hdf5/GW231206_233134/H-H1_GWOSC_O4a_4KHZ_R1-1385938944-4096.hdf5,available_symlink,4096,4096.0,1385938944.0
GW231206_233134,L1,data/real_strain/GW231206_233134/L-L1_GWOSC_O4a_4KHZ_R1-1385938944-4096.hdf5,data/gwtc4p1/strain_4khz_hdf5/GW231206_233134/L-L1_GWOSC_O4a_4KHZ_R1-1385938944-4096.hdf5,available_symlink,4096,4096.0,1385938944.0
GW231206_233901,H1,data/real_strain/GW231206_233901/H-H1_GWOSC_O4a_4KHZ_R1-1385938944-4096.hdf5,data/gwtc4p1/strain_4khz_hdf5/GW231206_233901/H-H1_GWOSC_O4a_4KHZ_R1-1385938944-4096.hdf5,available_symlink,4096,4096.0,1385938944.0
GW231206_233901,L1,data/real_strain/GW231206_233901/L-L1_GWOSC_O4a_4KHZ_R1-1385938944-4096.hdf5,data/gwtc4p1/strain_4khz_hdf5/GW231206_233901/L-L1_GWOSC_O4a_4KHZ_R1-1385938944-4096.hdf5,available_symlink,4096,4096.0,1385938944.0
GW231213_111417,H1,data/real_strain/GW231213_111417/H-H1_GWOSC_O4a_4KHZ_R1-1386500096-4096.hdf5,data/gwtc4p1/strain_4khz_hdf5/GW231213_111417/H-H1_GWOSC_O4a_4KHZ_R1-1386500096-4096.hdf5,available_symlink,4096,4096.0,1386500096.0
GW231213_111417,L1,data/real_strain/GW231213_111417/L-L1_GWOSC_O4a_4KHZ_R1-1386500096-4096.hdf5,data/gwtc4p1/strain_4khz_hdf5/GW231213_111417/L-L1_GWOSC_O4a_4KHZ_R1-1386500096-4096.hdf5,available_symlink,4096,4096.0,1386500096.0
GW231220_173406,H1,data/real_strain/GW231220_173406/H-H1_GWOSC_O4a_4KHZ_R1-1387126784-4096.hdf5,data/gwtc4p1/strain_4khz_hdf5/GW231220_173406/H-H1_GWOSC_O4a_4KHZ_R1-1387126784-4096.hdf5,available_symlink,4096,4096.0,1387126784.0
GW231220_173406,L1,data/real_strain/GW231220_173406/L-L1_GWOSC_O4a_4KHZ_R1-1387126784-4096.hdf5,data/gwtc4p1/strain_4khz_hdf5/GW231220_173406/L-L1_GWOSC_O4a_4KHZ_R1-1387126784-4096.hdf5,available_symlink,4096,4096.0,1387126784.0
GW231221_135041,H1,data/real_strain/GW231221_135041/H-H1_GWOSC_O4a_4KHZ_R1-1387200512-4096.hdf5,data/gwtc4p1/strain_4khz_hdf5/GW231221_135041/H-H1_GWOSC_O4a_4KHZ_R1-1387200512-4096.hdf5,available_symlink,4096,4096.0,1387200512.0
GW231221_135041,L1,data/real_strain/GW231221_135041/L-L1_GWOSC_O4a_4KHZ_R1-1387200512-4096.hdf5,data/gwtc4p1/strain_4khz_hdf5/GW231221_135041/L-L1_GWOSC_O4a_4KHZ_R1-1387200512-4096.hdf5,available_symlink,4096,4096.0,1387200512.0
GW231223_032836,H1,data/real_strain/GW231223_032836/H-H1_GWOSC_O4a_4KHZ_R1-1387335680-4096.hdf5,data/gwtc4p1/strain_4khz_hdf5/GW231223_032836/H-H1_GWOSC_O4a_4KHZ_R1-1387335680-4096.hdf5,available_symlink,4096,4096.0,1387335680.0
GW231223_032836,L1,data/real_strain/GW231223_032836/L-L1_GWOSC_O4a_4KHZ_R1-1387335680-4096.hdf5,data/gwtc4p1/strain_4khz_hdf5/GW231223_032836/L-L1_GWOSC_O4a_4KHZ_R1-1387335680-4096.hdf5,available_symlink,4096,4096.0,1387335680.0
GW231223_075055,H1,data/real_strain/GW231223_075055/H-H1_GWOSC_O4a_4KHZ_R1-1387352064-4096.hdf5,data/gwtc4p1/strain_4khz_hdf5/GW231223_075055/H-H1_GWOSC_O4a_4KHZ_R1-1387352064-4096.hdf5,available_symlink,4096,4096.0,1387352064.0
GW231223_075055,L1,data/real_strain/GW231223_075055/L-L1_GWOSC_O4a_4KHZ_R1-1387352064-4096.hdf5,data/gwtc4p1/strain_4khz_hdf5/GW231223_075055/L-L1_GWOSC_O4a_4KHZ_R1-1387352064-4096.hdf5,available_symlink,4096,4096.0,1387352064.0
GW231223_202619,H1,data/real_strain/GW231223_202619/H-H1_GWOSC_O4a_4KHZ_R1-1387397120-4096.hdf5,data/gwtc4p1/strain_4khz_hdf5/GW231223_202619/H-H1_GWOSC_O4a_4KHZ_R1-1387397120-4096.hdf5,available_symlink,4096,4096.0,1387397120.0
GW231223_202619,L1,data/real_strain/GW231223_202619/L-L1_GWOSC_O4a_4KHZ_R1-1387397120-4096.hdf5,data/gwtc4p1/strain_4khz_hdf5/GW231223_202619/L-L1_GWOSC_O4a_4KHZ_R1-1387397120-4096.hdf5,available_symlink,4096,4096.0,1387397120.0
GW231224_024321,H1,data/real_strain/GW231224_024321/H-H1_GWOSC_O4a_4KHZ_R1-1387417600-4096.hdf5,data/gwtc4p1/strain_4khz_hdf5/GW231224_024321/H-H1_GWOSC_O4a_4KHZ_R1-1387417600-4096.hdf5,available_symlink,4096,4096.0,1387417600.0
GW231224_024321,L1,data/real_strain/GW231224_024321/L-L1_GWOSC_O4a_4KHZ_R1-1387417600-4096.hdf5,data/gwtc4p1/strain_4khz_hdf5/GW231224_024321/L-L1_GWOSC_O4a_4KHZ_R1-1387417600-4096.hdf5,available_symlink,4096,4096.0,1387417600.0
GW231226_101520,H1,data/real_strain/GW231226_101520/H-H1_GWOSC_O4a_4KHZ_R1-1387618304-4096.hdf5,data/gwtc4p1/strain_4khz_hdf5/GW231226_101520/H-H1_GWOSC_O4a_4KHZ_R1-1387618304-4096.hdf5,available_symlink,4096,4096.0,1387618304.0
GW231226_101520,L1,data/real_strain/GW231226_101520/L-L1_GWOSC_O4a_4KHZ_R1-1387618304-4096.hdf5,data/gwtc4p1/strain_4khz_hdf5/GW231226_101520/L-L1_GWOSC_O4a_4KHZ_R1-1387618304-4096.hdf5,available_symlink,4096,4096.0,1387618304.0
GW231230_170116,H1,data/real_strain/GW231230_170116/H-H1_GWOSC_O4a_4KHZ_R1-1387986944-4096.hdf5,data/gwtc4p1/strain_4khz_hdf5/GW231230_170116/H-H1_GWOSC_O4a_4KHZ_R1-1387986944-4096.hdf5,available_symlink,4096,4096.0,1387986944.0
GW231230_170116,L1,data/real_strain/GW231230_170116/L-L1_GWOSC_O4a_4KHZ_R1-1387986944-4096.hdf5,data/gwtc4p1/strain_4khz_hdf5/GW231230_170116/L-L1_GWOSC_O4a_4KHZ_R1-1387986944-4096.hdf5,available_symlink,4096,4096.0,1387986944.0
GW231231_120147,H1,data/real_strain/GW231231_120147/H-H1_GWOSC_O4a_4KHZ_R1-1388056576-4096.hdf5,data/gwtc4p1/strain_4khz_hdf5/GW231231_120147/H-H1_GWOSC_O4a_4KHZ_R1-1388056576-4096.hdf5,available_symlink,4096,4096.0,1388056576.0
GW231231_120147,L1,data/real_strain/GW231231_120147/L-L1_GWOSC_O4a_4KHZ_R1-1388056576-4096.hdf5,data/gwtc4p1/strain_4khz_hdf5/GW231231_120147/L-L1_GWOSC_O4a_4KHZ_R1-1388056576-4096.hdf5,available_symlink,4096,4096.0,1388056576.0
GW231231_154016,H1,data/real_strain/GW231231_154016/H-H1_GWOSC_O4a_4KHZ_R1-1388068864-4096.hdf5,data/gwtc4p1/strain_4khz_hdf5/GW231231_154016/H-H1_GWOSC_O4a_4KHZ_R1-1388068864-4096.hdf5,available_symlink,4096,4096.0,1388068864.0
GW231231_154016,L1,data/real_strain/GW231231_154016/L-L1_GWOSC_O4a_4KHZ_R1-1388068864-4096.hdf5,data/gwtc4p1/strain_4khz_hdf5/GW231231_154016/L-L1_GWOSC_O4a_4KHZ_R1-1388068864-4096.hdf5,available_symlink,4096,4096.0,1388068864.0
GW240104_164932,H1,data/real_strain/GW240104_164932/H-H1_GWOSC_O4a_4KHZ_R1-1388421120-4096.hdf5,data/gwtc4p1/strain_4khz_hdf5/GW240104_164932/H-H1_GWOSC_O4a_4KHZ_R1-1388421120-4096.hdf5,available_symlink,4096,4096.0,1388421120.0
GW240104_164932,L1,data/real_strain/GW240104_164932/L-L1_GWOSC_O4a_4KHZ_R1-1388421120-4096.hdf5,data/gwtc4p1/strain_4khz_hdf5/GW240104_164932/L-L1_GWOSC_O4a_4KHZ_R1-1388421120-4096.hdf5,available_symlink,4096,4096.0,1388421120.0
GW240105_151143,H1,data/real_strain/GW240105_151143/H-H1_GWOSC_O4a_4KHZ_R1-1388498944-4096.hdf5,data/gwtc4p1/strain_4khz_hdf5/GW240105_151143/H-H1_GWOSC_O4a_4KHZ_R1-1388498944-4096.hdf5,available_symlink,4096,4096.0,1388498944.0
GW240107_013215,H1,data/real_strain/GW240107_013215/H-H1_GWOSC_O4a_4KHZ_R1-1388625920-4096.hdf5,data/gwtc4p1/strain_4khz_hdf5/GW240107_013215/H-H1_GWOSC_O4a_4KHZ_R1-1388625920-4096.hdf5,available_symlink,4096,4096.0,1388625920.0
GW240107_013215,L1,data/real_strain/GW240107_013215/L-L1_GWOSC_O4a_4KHZ_R1-1388625920-4096.hdf5,data/gwtc4p1/strain_4khz_hdf5/GW240107_013215/L-L1_GWOSC_O4a_4KHZ_R1-1388625920-4096.hdf5,available_symlink,4096,4096.0,1388625920.0
GW240109_050431,H1,data/real_strain/GW240109_050431/H-H1_GWOSC_O4a_4KHZ_R1-1388810240-4096.hdf5,data/gwtc4p1/strain_4khz_hdf5/GW240109_050431/H-H1_GWOSC_O4a_4KHZ_R1-1388810240-4096.hdf5,available_symlink,4096,4096.0,1388810240.0
