dataset,data_type,event_name,detector,url,doi_or_source,local_path,download_status,duration_s,gps_start
GWTC-3/O1-O3,strain_hdf5_4khz,GW150914,H1,https://gwosc.org/archive/data/O1/1126170624/H-H1_LOSC_4_V1-1126256640-4096.hdf5,GWOSC,data/real_strain/GW150914/H-H1_LOSC_4_V1-1126256640-4096.hdf5,already_exists,4096.0,1126256640.0
GWTC-3/O1-O3,strain_hdf5_4khz,GW150914,L1,https://gwosc.org/archive/data/O1/1126170624/L-L1_LOSC_4_V1-1126256640-4096.hdf5,GWOSC,data/real_strain/GW150914/L-L1_LOSC_4_V1-1126256640-4096.hdf5,already_exists,4096.0,1126256640.0
GWTC-3/O1-O3,strain_hdf5_4khz,GW151012,H1,https://gwosc.org/archive/data/O1/1128267776/H-H1_LOSC_4_V1-1128677376-4096.hdf5,GWOSC,data/real_strain/GW151012/H-H1_LOSC_4_V1-1128677376-4096.hdf5,already_exists,4096.0,1128677376.0
GWTC-3/O1-O3,strain_hdf5_4khz,GW151012,L1,https://gwosc.org/archive/data/O1/1128267776/L-L1_LOSC_4_V1-1128677376-4096.hdf5,GWOSC,data/real_strain/GW151012/L-L1_LOSC_4_V1-1128677376-4096.hdf5,already_exists,4096.0,1128677376.0
GWTC-3/O1-O3,strain_hdf5_4khz,GW151226,H1,https://gwosc.org/archive/data/O1/1134559232/H-H1_LOSC_4_V1-1135132672-4096.hdf5,GWOSC,data/real_strain/GW151226/H-H1_LOSC_4_V1-1135132672-4096.hdf5,already_exists,4096.0,1135132672.0
GWTC-3/O1-O3,strain_hdf5_4khz,GW151226,L1,https://gwosc.org/archive/data/O1/1134559232/L-L1_LOSC_4_V1-1135132672-4096.hdf5,GWOSC,data/real_strain/GW151226/L-L1_LOSC_4_V1-1135132672-4096.hdf5,already_exists,4096.0,1135132672.0
GWTC-3/O1-O3,strain_hdf5_4khz,GW170104,H1,https://gwosc.org/archive/data/O2_4KHZ_R1/1167065088/H-H1_GWOSC_O2_4KHZ_R1-1167556608-4096.hdf5,GWOSC,data/real_strain/GW170104/H-H1_GWOSC_O2_4KHZ_R1-1167556608-4096.hdf5,already_exists,4096.0,1167556608.0
GWTC-3/O1-O3,strain_hdf5_4khz,GW170104,L1,https://gwosc.org/archive/data/O2_4KHZ_R1/1167065088/L-L1_GWOSC_O2_4KHZ_R1-1167556608-4096.hdf5,GWOSC,data/real_strain/GW170104/L-L1_GWOSC_O2_4KHZ_R1-1167556608-4096.hdf5,already_exists,4096.0,1167556608.0
GWTC-3/O1-O3,strain_hdf5_4khz,GW170608,H1,,GWOSC,,no_gwosc_url,,
GWTC-3/O1-O3,strain_hdf5_4khz,GW170608,L1,https://gwosc.org/archive/data/O2_4KHZ_R1/1180696576/L-L1_GWOSC_O2_4KHZ_R1-1180921856-4096.hdf5,GWOSC,data/real_strain/GW170608/L-L1_GWOSC_O2_4KHZ_R1-1180921856-4096.hdf5,already_exists,4096.0,1180921856.0
GWTC-3/O1-O3,strain_hdf5_4khz,GW170729,H1,https://gwosc.org/archive/data/O2_4KHZ_R1/1184890880/H-H1_GWOSC_O2_4KHZ_R1-1185386496-4096.hdf5,GWOSC,data/real_strain/GW170729/H-H1_GWOSC_O2_4KHZ_R1-1185386496-4096.hdf5,already_exists,4096.0,1185386496.0
GWTC-3/O1-O3,strain_hdf5_4khz,GW170729,L1,https://gwosc.org/archive/data/O2_4KHZ_R1/1184890880/L-L1_GWOSC_O2_4KHZ_R1-1185386496-4096.hdf5,GWOSC,data/real_strain/GW170729/L-L1_GWOSC_O2_4KHZ_R1-1185386496-4096.hdf5,already_exists,4096.0,1185386496.0
GWTC-3/O1-O3,strain_hdf5_4khz,GW170809,H1,https://gwosc.org/archive/data/O2_4KHZ_R1/1185939456/H-H1_GWOSC_O2_4KHZ_R1-1186299904-4096.hdf5,GWOSC,data/real_strain/GW170809/H-H1_GWOSC_O2_4KHZ_R1-1186299904-4096.hdf5,already_exists,4096.0,1186299904.0
GWTC-3/O1-O3,strain_hdf5_4khz,GW170809,L1,https://gwosc.org/archive/data/O2_4KHZ_R1/1185939456/L-L1_GWOSC_O2_4KHZ_R1-1186299904-4096.hdf5,GWOSC,data/real_strain/GW170809/L-L1_GWOSC_O2_4KHZ_R1-1186299904-4096.hdf5,already_exists,4096.0,1186299904.0
GWTC-3/O1-O3,strain_hdf5_4khz,GW170814,H1,https://gwosc.org/archive/data/O2_4KHZ_R1/1185939456/H-H1_GWOSC_O2_4KHZ_R1-1186738176-4096.hdf5,GWOSC,data/real_strain/GW170814/H-H1_GWOSC_O2_4KHZ_R1-1186738176-4096.hdf5,already_exists,4096.0,1186738176.0
GWTC-3/O1-O3,strain_hdf5_4khz,GW170814,L1,https://gwosc.org/archive/data/O2_4KHZ_R1/1185939456/L-L1_GWOSC_O2_4KHZ_R1-1186738176-4096.hdf5,GWOSC,data/real_strain/GW170814/L-L1_GWOSC_O2_4KHZ_R1-1186738176-4096.hdf5,already_exists,4096.0,1186738176.0
GWTC-3/O1-O3,strain_hdf5_4khz,GW170818,H1,https://gwosc.org/archive/data/O2_4KHZ_R1/1186988032/H-H1_GWOSC_O2_4KHZ_R1-1187057664-4096.hdf5,GWOSC,data/real_strain/GW170818/H-H1_GWOSC_O2_4KHZ_R1-1187057664-4096.hdf5,already_exists,4096.0,1187057664.0
GWTC-3/O1-O3,strain_hdf5_4khz,GW170818,L1,https://gwosc.org/archive/data/O2_4KHZ_R1/1186988032/L-L1_GWOSC_O2_4KHZ_R1-1187057664-4096.hdf5,GWOSC,data/real_strain/GW170818/L-L1_GWOSC_O2_4KHZ_R1-1187057664-4096.hdf5,already_exists,4096.0,1187057664.0
GWTC-3/O1-O3,strain_hdf5_4khz,GW170823,H1,https://gwosc.org/archive/data/O2_4KHZ_R1/1186988032/H-H1_GWOSC_O2_4KHZ_R1-1187528704-4096.hdf5,GWOSC,data/real_strain/GW170823/H-H1_GWOSC_O2_4KHZ_R1-1187528704-4096.hdf5,already_exists,4096.0,1187528704.0
GWTC-3/O1-O3,strain_hdf5_4khz,GW170823,L1,https://gwosc.org/archive/data/O2_4KHZ_R1/1186988032/L-L1_GWOSC_O2_4KHZ_R1-1187528704-4096.hdf5,GWOSC,data/real_strain/GW170823/L-L1_GWOSC_O2_4KHZ_R1-1187528704-4096.hdf5,already_exists,4096.0,1187528704.0
GWTC-3/O1-O3,strain_hdf5_4khz,GW190408_181802,H1,https://gwosc.org/archive/data/O3a_4KHZ_R1/1238368256/H-H1_GWOSC_O3a_4KHZ_R1-1238781952-4096.hdf5,GWOSC,data/real_strain/GW190408_181802/H-H1_GWOSC_O3a_4KHZ_R1-1238781952-4096.hdf5,already_exists,4096.0,1238781952.0
GWTC-3/O1-O3,strain_hdf5_4khz,GW190408_181802,L1,https://gwosc.org/archive/data/O3a_4KHZ_R1/1238368256/L-L1_GWOSC_O3a_4KHZ_R1-1238781952-4096.hdf5,GWOSC,data/real_strain/GW190408_181802/L-L1_GWOSC_O3a_4KHZ_R1-1238781952-4096.hdf5,already_exists,4096.0,1238781952.0
GWTC-3/O1-O3,strain_hdf5_4khz,GW190412,H1,https://gwosc.org/archive/data/O3a_4KHZ_R1/1238368256/H-H1_GWOSC_O3a_4KHZ_R1-1239080960-4096.hdf5,GWOSC,data/real_strain/GW190412/H-H1_GWOSC_O3a_4KHZ_R1-1239080960-4096.hdf5,already_exists,4096.0,1239080960.0
GWTC-3/O1-O3,strain_hdf5_4khz,GW190412,L1,https://gwosc.org/archive/data/O3a_4KHZ_R1/1238368256/L-L1_GWOSC_O3a_4KHZ_R1-1239080960-4096.hdf5,GWOSC,data/real_strain/GW190412/L-L1_GWOSC_O3a_4KHZ_R1-1239080960-4096.hdf5,already_exists,4096.0,1239080960.0
GWTC-3/O1-O3,strain_hdf5_4khz,GW190413_134308,H1,https://gwosc.org/archive/data/O3a_4KHZ_R1/1238368256/H-H1_GWOSC_O3a_4KHZ_R1-1239195648-4096.hdf5,GWOSC,data/real_strain/GW190413_134308/H-H1_GWOSC_O3a_4KHZ_R1-1239195648-4096.hdf5,already_exists,4096.0,1239195648.0
GWTC-3/O1-O3,strain_hdf5_4khz,GW190413_134308,L1,https://gwosc.org/archive/data/O3a_4KHZ_R1/1238368256/L-L1_GWOSC_O3a_4KHZ_R1-1239195648-4096.hdf5,GWOSC,data/real_strain/GW190413_134308/L-L1_GWOSC_O3a_4KHZ_R1-1239195648-4096.hdf5,already_exists,4096.0,1239195648.0
GWTC-3/O1-O3,strain_hdf5_4khz,GW190421_213856,H1,https://gwosc.org/archive/data/O3a_4KHZ_R1/1239416832/H-H1_GWOSC_O3a_4KHZ_R1-1239916544-4096.hdf5,GWOSC,data/real_strain/GW190421_213856/H-H1_GWOSC_O3a_4KHZ_R1-1239916544-4096.hdf5,already_exists,4096.0,1239916544.0
GWTC-3/O1-O3,strain_hdf5_4khz,GW190421_213856,L1,https://gwosc.org/archive/data/O3a_4KHZ_R1/1239416832/L-L1_GWOSC_O3a_4KHZ_R1-1239916544-4096.hdf5,GWOSC,data/real_strain/GW190421_213856/L-L1_GWOSC_O3a_4KHZ_R1-1239916544-4096.hdf5,already_exists,4096.0,1239916544.0
GWTC-3/O1-O3,strain_hdf5_4khz,GW190503_185404,H1,https://gwosc.org/archive/data/O3a_4KHZ_R1/1240465408/H-H1_GWOSC_O3a_4KHZ_R1-1240944640-4096.hdf5,GWOSC,data/real_strain/GW190503_185404/H-H1_GWOSC_O3a_4KHZ_R1-1240944640-4096.hdf5,already_exists,4096.0,1240944640.0
GWTC-3/O1-O3,strain_hdf5_4khz,GW190503_185404,L1,https://gwosc.org/archive/data/O3a_4KHZ_R1/1240465408/L-L1_GWOSC_O3a_4KHZ_R1-1240944640-4096.hdf5,GWOSC,data/real_strain/GW190503_185404/L-L1_GWOSC_O3a_4KHZ_R1-1240944640-4096.hdf5,already_exists,4096.0,1240944640.0
GWTC-3/O1-O3,strain_hdf5_4khz,GW190512_180714,H1,https://gwosc.org/archive/data/O3a_4KHZ_R1/1241513984/H-H1_GWOSC_O3a_4KHZ_R1-1241718784-4096.hdf5,GWOSC,data/real_strain/GW190512_180714/H-H1_GWOSC_O3a_4KHZ_R1-1241718784-4096.hdf5,already_exists,4096.0,1241718784.0
GWTC-3/O1-O3,strain_hdf5_4khz,GW190512_180714,L1,https://gwosc.org/archive/data/O3a_4KHZ_R1/1241513984/L-L1_GWOSC_O3a_4KHZ_R1-1241718784-4096.hdf5,GWOSC,data/real_strain/GW190512_180714/L-L1_GWOSC_O3a_4KHZ_R1-1241718784-4096.hdf5,already_exists,4096.0,1241718784.0
GWTC-3/O1-O3,strain_hdf5_4khz,GW190513_205428,H1,https://gwosc.org/archive/data/O3a_4KHZ_R1/1241513984/H-H1_GWOSC_O3a_4KHZ_R1-1241812992-4096.hdf5,GWOSC,data/real_strain/GW190513_205428/H-H1_GWOSC_O3a_4KHZ_R1-1241812992-4096.hdf5,already_exists,4096.0,1241812992.0
GWTC-3/O1-O3,strain_hdf5_4khz,GW190513_205428,L1,https://gwosc.org/archive/data/O3a_4KHZ_R1/1241513984/L-L1_GWOSC_O3a_4KHZ_R1-1241812992-4096.hdf5,GWOSC,data/real_strain/GW190513_205428/L-L1_GWOSC_O3a_4KHZ_R1-1241812992-4096.hdf5,already_exists,4096.0,1241812992.0
GWTC-3/O1-O3,strain_hdf5_4khz,GW190517_055101,H1,https://gwosc.org/archive/data/O3a_4KHZ_R1/1241513984/H-H1_GWOSC_O3a_4KHZ_R1-1242103808-4096.hdf5,GWOSC,data/real_strain/GW190517_055101/H-H1_GWOSC_O3a_4KHZ_R1-1242103808-4096.hdf5,already_exists,4096.0,1242103808.0
GWTC-3/O1-O3,strain_hdf5_4khz,GW190517_055101,L1,https://gwosc.org/archive/data/O3a_4KHZ_R1/1241513984/L-L1_GWOSC_O3a_4KHZ_R1-1242103808-4096.hdf5,GWOSC,data/real_strain/GW190517_055101/L-L1_GWOSC_O3a_4KHZ_R1-1242103808-4096.hdf5,already_exists,4096.0,1242103808.0
GWTC-3/O1-O3,strain_hdf5_4khz,GW190519_153544,H1,https://gwosc.org/archive/data/O3a_4KHZ_R1/1241513984/H-H1_GWOSC_O3a_4KHZ_R1-1242312704-4096.hdf5,GWOSC,data/real_strain/GW190519_153544/H-H1_GWOSC_O3a_4KHZ_R1-1242312704-4096.hdf5,already_exists,4096.0,1242312704.0
GWTC-3/O1-O3,strain_hdf5_4khz,GW190519_153544,L1,https://gwosc.org/archive/data/O3a_4KHZ_R1/1241513984/L-L1_GWOSC_O3a_4KHZ_R1-1242312704-4096.hdf5,GWOSC,data/real_strain/GW190519_153544/L-L1_GWOSC_O3a_4KHZ_R1-1242312704-4096.hdf5,already_exists,4096.0,1242312704.0
GWTC-3/O1-O3,strain_hdf5_4khz,GW190521,H1,https://gwosc.org/eventapi/json/GWTC-2.1-confident/GW190521/v4/H-H1_GWOSC_4KHZ_R1-1242440920-4096.hdf5,GWOSC,data/real_strain/GW190521/H-H1_GWOSC_4KHZ_R1-1242440920-4096.hdf5,already_exists,4096.0,1242440920.0
GWTC-3/O1-O3,strain_hdf5_4khz,GW190521,L1,https://gwosc.org/eventapi/json/GWTC-2.1-confident/GW190521/v4/L-L1_GWOSC_4KHZ_R1-1242440920-4096.hdf5,GWOSC,data/real_strain/GW190521/L-L1_GWOSC_4KHZ_R1-1242440920-4096.hdf5,already_exists,4096.0,1242440920.0
GWTC-3/O1-O3,strain_hdf5_4khz,GW190521_074359,H1,https://gwosc.org/archive/data/O3a_4KHZ_R1/1241513984/H-H1_GWOSC_O3a_4KHZ_R1-1242456064-4096.hdf5,GWOSC,data/real_strain/GW190521_074359/H-H1_GWOSC_O3a_4KHZ_R1-1242456064-4096.hdf5,already_exists,4096.0,1242456064.0
GWTC-3/O1-O3,strain_hdf5_4khz,GW190521_074359,L1,https://gwosc.org/archive/data/O3a_4KHZ_R1/1241513984/L-L1_GWOSC_O3a_4KHZ_R1-1242456064-4096.hdf5,GWOSC,data/real_strain/GW190521_074359/L-L1_GWOSC_O3a_4KHZ_R1-1242456064-4096.hdf5,already_exists,4096.0,1242456064.0
GWTC-3/O1-O3,strain_hdf5_4khz,GW190602_175927,H1,https://gwosc.org/archive/data/O3a_4KHZ_R1/1242562560/H-H1_GWOSC_O3a_4KHZ_R1-1243533312-4096.hdf5,GWOSC,data/real_strain/GW190602_175927/H-H1_GWOSC_O3a_4KHZ_R1-1243533312-4096.hdf5,already_exists,4096.0,1243533312.0
GWTC-3/O1-O3,strain_hdf5_4khz,GW190602_175927,L1,https://gwosc.org/archive/data/O3a_4KHZ_R1/1242562560/L-L1_GWOSC_O3a_4KHZ_R1-1243533312-4096.hdf5,GWOSC,data/real_strain/GW190602_175927/L-L1_GWOSC_O3a_4KHZ_R1-1243533312-4096.hdf5,already_exists,4096.0,1243533312.0
GWTC-3/O1-O3,strain_hdf5_4khz,GW190620_030421,H1,,GWOSC,,no_gwosc_url,,
GWTC-3/O1-O3,strain_hdf5_4khz,GW190620_030421,L1,https://gwosc.org/eventapi/json/GWTC-2.1-confident/GW190620_030421/v2/L-L1_GWOSC_4KHZ_R1-1245033032-4096.hdf5,GWOSC,data/real_strain/GW190620_030421/L-L1_GWOSC_4KHZ_R1-1245033032-4096.hdf5,already_exists,4096.0,1245033032.0
GWTC-3/O1-O3,strain_hdf5_4khz,GW190630_185205,H1,,GWOSC,,no_gwosc_url,,
GWTC-3/O1-O3,strain_hdf5_4khz,GW190630_185205,L1,https://gwosc.org/eventapi/json/GWTC-2.1-confident/GW190630_185205/v2/L-L1_GWOSC_4KHZ_R1-1245953896-4096.hdf5,GWOSC,data/real_strain/GW190630_185205/L-L1_GWOSC_4KHZ_R1-1245953896-4096.hdf5,already_exists,4096.0,1245953896.0
GWTC-3/O1-O3,strain_hdf5_4khz,GW190701_203306,H1,https://gwosc.org/eventapi/json/GWTC-2.1-confident/GW190701_203306/v2/H-H1_GWOSC_4KHZ_R1-1246046357-4096.hdf5,GWOSC,data/real_strain/GW190701_203306/H-H1_GWOSC_4KHZ_R1-1246046357-4096.hdf5,already_exists,4096.0,1246046357.0
GWTC-3/O1-O3,strain_hdf5_4khz,GW190701_203306,L1,https://gwosc.org/eventapi/json/GWTC-2.1-confident/GW190701_203306/v2/L-L1_GWOSC_4KHZ_R1-1246046357-4096.hdf5,GWOSC,data/real_strain/GW190701_203306/L-L1_GWOSC_4KHZ_R1-1246046357-4096.hdf5,already_exists,4096.0,1246046357.0
GWTC-3/O1-O3,strain_hdf5_4khz,GW190706_222641,H1,https://gwosc.org/archive/data/O3a_4KHZ_R1/1245708288/H-H1_GWOSC_O3a_4KHZ_R1-1246486528-4096.hdf5,GWOSC,data/real_strain/GW190706_222641/H-H1_GWOSC_O3a_4KHZ_R1-1246486528-4096.hdf5,already_exists,4096.0,1246486528.0
GWTC-3/O1-O3,strain_hdf5_4khz,GW190706_222641,L1,https://gwosc.org/archive/data/O3a_4KHZ_R1/1245708288/L-L1_GWOSC_O3a_4KHZ_R1-1246486528-4096.hdf5,GWOSC,data/real_strain/GW190706_222641/L-L1_GWOSC_O3a_4KHZ_R1-1246486528-4096.hdf5,already_exists,4096.0,1246486528.0
GWTC-3/O1-O3,strain_hdf5_4khz,GW190707_093326,H1,https://gwosc.org/archive/data/O3a_4KHZ_R1/1245708288/H-H1_GWOSC_O3a_4KHZ_R1-1246523392-4096.hdf5,GWOSC,data/real_strain/GW190707_093326/H-H1_GWOSC_O3a_4KHZ_R1-1246523392-4096.hdf5,already_exists,4096.0,1246523392.0
GWTC-3/O1-O3,strain_hdf5_4khz,GW190707_093326,L1,https://gwosc.org/archive/data/O3a_4KHZ_R1/1245708288/L-L1_GWOSC_O3a_4KHZ_R1-1246523392-4096.hdf5,GWOSC,data/real_strain/GW190707_093326/L-L1_GWOSC_O3a_4KHZ_R1-1246523392-4096.hdf5,already_exists,4096.0,1246523392.0
GWTC-3/O1-O3,strain_hdf5_4khz,GW190708_232457,H1,,GWOSC,,no_gwosc_url,,
GWTC-3/O1-O3,strain_hdf5_4khz,GW190708_232457,L1,https://gwosc.org/eventapi/json/GWTC-2.1-confident/GW190708_232457/v2/L-L1_GWOSC_4KHZ_R1-1246661468-4096.hdf5,GWOSC,data/real_strain/GW190708_232457/L-L1_GWOSC_4KHZ_R1-1246661468-4096.hdf5,already_exists,4096.0,1246661468.0
GWTC-3/O1-O3,strain_hdf5_4khz,GW190720_000836,H1,https://gwosc.org/archive/data/O3a_4KHZ_R1/1246756864/H-H1_GWOSC_O3a_4KHZ_R1-1247612928-4096.hdf5,GWOSC,data/real_strain/GW190720_000836/H-H1_GWOSC_O3a_4KHZ_R1-1247612928-4096.hdf5,already_exists,4096.0,1247612928.0
GWTC-3/O1-O3,strain_hdf5_4khz,GW190720_000836,L1,https://gwosc.org/archive/data/O3a_4KHZ_R1/1246756864/L-L1_GWOSC_O3a_4KHZ_R1-1247612928-4096.hdf5,GWOSC,data/real_strain/GW190720_000836/L-L1_GWOSC_O3a_4KHZ_R1-1247612928-4096.hdf5,already_exists,4096.0,1247612928.0
GWTC-3/O1-O3,strain_hdf5_4khz,GW190725_174728,H1,https://gwosc.org/archive/data/O3a_4KHZ_R1/1247805440/H-H1_GWOSC_O3a_4KHZ_R1-1248108544-4096.hdf5,GWOSC,data/real_strain/GW190725_174728/H-H1_GWOSC_O3a_4KHZ_R1-1248108544-4096.hdf5,already_exists,4096.0,1248108544.0
GWTC-3/O1-O3,strain_hdf5_4khz,GW190725_174728,L1,https://gwosc.org/archive/data/O3a_4KHZ_R1/1247805440/L-L1_GWOSC_O3a_4KHZ_R1-1248108544-4096.hdf5,GWOSC,data/real_strain/GW190725_174728/L-L1_GWOSC_O3a_4KHZ_R1-1248108544-4096.hdf5,already_exists,4096.0,1248108544.0
GWTC-3/O1-O3,strain_hdf5_4khz,GW190727_060333,H1,https://gwosc.org/archive/data/O3a_4KHZ_R1/1247805440/H-H1_GWOSC_O3a_4KHZ_R1-1248239616-4096.hdf5,GWOSC,data/real_strain/GW190727_060333/H-H1_GWOSC_O3a_4KHZ_R1-1248239616-4096.hdf5,already_exists,4096.0,1248239616.0
GWTC-3/O1-O3,strain_hdf5_4khz,GW190727_060333,L1,https://gwosc.org/archive/data/O3a_4KHZ_R1/1247805440/L-L1_GWOSC_O3a_4KHZ_R1-1248239616-4096.hdf5,GWOSC,data/real_strain/GW190727_060333/L-L1_GWOSC_O3a_4KHZ_R1-1248239616-4096.hdf5,already_exists,4096.0,1248239616.0
GWTC-3/O1-O3,strain_hdf5_4khz,GW190728_064510,H1,https://gwosc.org/archive/data/O3a_4KHZ_R1/1247805440/H-H1_GWOSC_O3a_4KHZ_R1-1248329728-4096.hdf5,GWOSC,data/real_strain/GW190728_064510/H-H1_GWOSC_O3a_4KHZ_R1-1248329728-4096.hdf5,already_exists,4096.0,1248329728.0
GWTC-3/O1-O3,strain_hdf5_4khz,GW190728_064510,L1,https://gwosc.org/archive/data/O3a_4KHZ_R1/1247805440/L-L1_GWOSC_O3a_4KHZ_R1-1248329728-4096.hdf5,GWOSC,data/real_strain/GW190728_064510/L-L1_GWOSC_O3a_4KHZ_R1-1248329728-4096.hdf5,already_exists,4096.0,1248329728.0
GWTC-3/O1-O3,strain_hdf5_4khz,GW190803_022701,H1,https://gwosc.org/archive/data/O3a_4KHZ_R1/1247805440/H-H1_GWOSC_O3a_4KHZ_R1-1248833536-4096.hdf5,GWOSC,data/real_strain/GW190803_022701/H-H1_GWOSC_O3a_4KHZ_R1-1248833536-4096.hdf5,already_exists,4096.0,1248833536.0
GWTC-3/O1-O3,strain_hdf5_4khz,GW190803_022701,L1,https://gwosc.org/archive/data/O3a_4KHZ_R1/1247805440/L-L1_GWOSC_O3a_4KHZ_R1-1248833536-4096.hdf5,GWOSC,data/real_strain/GW190803_022701/L-L1_GWOSC_O3a_4KHZ_R1-1248833536-4096.hdf5,already_exists,4096.0,1248833536.0
GWTC-3/O1-O3,strain_hdf5_4khz,GW190828_063405,H1,https://gwosc.org/archive/data/O3a_4KHZ_R1/1250951168/H-H1_GWOSC_O3a_4KHZ_R1-1251008512-4096.hdf5,GWOSC,data/real_strain/GW190828_063405/H-H1_GWOSC_O3a_4KHZ_R1-1251008512-4096.hdf5,already_exists,4096.0,1251008512.0
GWTC-3/O1-O3,strain_hdf5_4khz,GW190828_063405,L1,https://gwosc.org/archive/data/O3a_4KHZ_R1/1250951168/L-L1_GWOSC_O3a_4KHZ_R1-1251008512-4096.hdf5,GWOSC,data/real_strain/GW190828_063405/L-L1_GWOSC_O3a_4KHZ_R1-1251008512-4096.hdf5,already_exists,4096.0,1251008512.0
GWTC-3/O1-O3,strain_hdf5_4khz,GW190828_065509,H1,https://gwosc.org/archive/data/O3a_4KHZ_R1/1250951168/H-H1_GWOSC_O3a_4KHZ_R1-1251008512-4096.hdf5,GWOSC,data/real_strain/GW190828_065509/H-H1_GWOSC_O3a_4KHZ_R1-1251008512-4096.hdf5,already_exists,4096.0,1251008512.0
GWTC-3/O1-O3,strain_hdf5_4khz,GW190828_065509,L1,https://gwosc.org/archive/data/O3a_4KHZ_R1/1250951168/L-L1_GWOSC_O3a_4KHZ_R1-1251008512-4096.hdf5,GWOSC,data/real_strain/GW190828_065509/L-L1_GWOSC_O3a_4KHZ_R1-1251008512-4096.hdf5,already_exists,4096.0,1251008512.0
GWTC-3/O1-O3,strain_hdf5_4khz,GW190910_112807,H1,https://gwosc.org/archive/data/O3a_4KHZ_R1/1251999744/H-H1_GWOSC_O3a_4KHZ_R1-1252147200-4096.hdf5,GWOSC,data/real_strain/GW190910_112807/H-H1_GWOSC_O3a_4KHZ_R1-1252147200-4096.hdf5,already_exists,4096.0,1252147200.0
GWTC-3/O1-O3,strain_hdf5_4khz,GW190910_112807,L1,https://gwosc.org/eventapi/json/GWTC-2.1-confident/GW190910_112807/v2/L-L1_GWOSC_4KHZ_R1-1252148058-4096.hdf5,GWOSC,data/real_strain/GW190910_112807/L-L1_GWOSC_4KHZ_R1-1252148058-4096.hdf5,already_exists,4096.0,1252148058.0
GWTC-3/O1-O3,strain_hdf5_4khz,GW190915_235702,H1,https://gwosc.org/archive/data/O3a_4KHZ_R1/1251999744/H-H1_GWOSC_O3a_4KHZ_R1-1252626432-4096.hdf5,GWOSC,data/real_strain/GW190915_235702/H-H1_GWOSC_O3a_4KHZ_R1-1252626432-4096.hdf5,already_exists,4096.0,1252626432.0
GWTC-3/O1-O3,strain_hdf5_4khz,GW190915_235702,L1,https://gwosc.org/archive/data/O3a_4KHZ_R1/1251999744/L-L1_GWOSC_O3a_4KHZ_R1-1252626432-4096.hdf5,GWOSC,data/real_strain/GW190915_235702/L-L1_GWOSC_O3a_4KHZ_R1-1252626432-4096.hdf5,already_exists,4096.0,1252626432.0
GWTC-3/O1-O3,strain_hdf5_4khz,GW190924_021846,H1,https://gwosc.org/eventapi/json/GWTC-2.1-confident/GW190924_021846/v2/H-H1_GWOSC_4KHZ_R1-1253324697-4096.hdf5,GWOSC,data/real_strain/GW190924_021846/H-H1_GWOSC_4KHZ_R1-1253324697-4096.hdf5,already_exists,4096.0,1253324697.0
GWTC-3/O1-O3,strain_hdf5_4khz,GW190924_021846,L1,https://gwosc.org/eventapi/json/GWTC-2.1-confident/GW190924_021846/v2/L-L1_GWOSC_4KHZ_R1-1253324697-4096.hdf5,GWOSC,data/real_strain/GW190924_021846/L-L1_GWOSC_4KHZ_R1-1253324697-4096.hdf5,already_exists,4096.0,1253324697.0
GWTC-3/O1-O3,strain_hdf5_4khz,GW190925_232845,H1,https://gwosc.org/eventapi/json/GWTC-2.1-confident/GW190925_232845/v1/H-H1_GWOSC_4KHZ_R1-1253487296-4096.hdf5,GWOSC,data/real_strain/GW190925_232845/H-H1_GWOSC_4KHZ_R1-1253487296-4096.hdf5,already_exists,4096.0,1253487296.0
GWTC-3/O1-O3,strain_hdf5_4khz,GW190925_232845,L1,,GWOSC,,no_gwosc_url,,
GWTC-3/O1-O3,strain_hdf5_4khz,GW190929_012149,H1,https://gwosc.org/archive/data/O3a_4KHZ_R1/1253048320/H-H1_GWOSC_O3a_4KHZ_R1-1253752832-4096.hdf5,GWOSC,data/real_strain/GW190929_012149/H-H1_GWOSC_O3a_4KHZ_R1-1253752832-4096.hdf5,already_exists,4096.0,1253752832.0
GWTC-3/O1-O3,strain_hdf5_4khz,GW190929_012149,L1,https://gwosc.org/archive/data/O3a_4KHZ_R1/1253048320/L-L1_GWOSC_O3a_4KHZ_R1-1253752832-4096.hdf5,GWOSC,data/real_strain/GW190929_012149/L-L1_GWOSC_O3a_4KHZ_R1-1253752832-4096.hdf5,already_exists,4096.0,1253752832.0
GWTC-3/O1-O3,strain_hdf5_4khz,GW190930_133541,H1,https://gwosc.org/archive/data/O3a_4KHZ_R1/1253048320/H-H1_GWOSC_O3a_4KHZ_R1-1253883904-4096.hdf5,GWOSC,data/real_strain/GW190930_133541/H-H1_GWOSC_O3a_4KHZ_R1-1253883904-4096.hdf5,already_exists,4096.0,1253883904.0
GWTC-3/O1-O3,strain_hdf5_4khz,GW190930_133541,L1,https://gwosc.org/archive/data/O3a_4KHZ_R1/1253048320/L-L1_GWOSC_O3a_4KHZ_R1-1253883904-4096.hdf5,GWOSC,data/real_strain/GW190930_133541/L-L1_GWOSC_O3a_4KHZ_R1-1253883904-4096.hdf5,already_exists,4096.0,1253883904.0
GWTC-3/O1-O3,strain_hdf5_4khz,GW191105_143521,H1,https://gwosc.org/eventapi/json/GWTC-3-confident/GW191105_143521/v1/H-H1_GWOSC_4KHZ_R1-1256997692-4096.hdf5,GWOSC,data/real_strain/GW191105_143521/H-H1_GWOSC_4KHZ_R1-1256997692-4096.hdf5,already_exists,4096.0,1256997692.0
GWTC-3/O1-O3,strain_hdf5_4khz,GW191105_143521,L1,https://gwosc.org/eventapi/json/GWTC-3-confident/GW191105_143521/v1/L-L1_GWOSC_4KHZ_R1-1256997692-4096.hdf5,GWOSC,data/real_strain/GW191105_143521/L-L1_GWOSC_4KHZ_R1-1256997692-4096.hdf5,already_exists,4096.0,1256997692.0
GWTC-3/O1-O3,strain_hdf5_4khz,GW191109_010717,H1,https://gwosc.org/eventapi/json/GWTC-3-confident/GW191109_010717/v1/H-H1_GWOSC_4KHZ_R1-1257294808-4096.hdf5,GWOSC,data/real_strain/GW191109_010717/H-H1_GWOSC_4KHZ_R1-1257294808-4096.hdf5,already_exists,4096.0,1257294808.0
GWTC-3/O1-O3,strain_hdf5_4khz,GW191109_010717,L1,https://gwosc.org/eventapi/json/GWTC-3-confident/GW191109_010717/v1/L-L1_GWOSC_4KHZ_R1-1257294808-4096.hdf5,GWOSC,data/real_strain/GW191109_010717/L-L1_GWOSC_4KHZ_R1-1257294808-4096.hdf5,already_exists,4096.0,1257294808.0
GWTC-3/O1-O3,strain_hdf5_4khz,GW191127_050227,H1,https://gwosc.org/eventapi/json/GWTC-3-confident/GW191127_050227/v1/H-H1_GWOSC_4KHZ_R1-1258864118-4096.hdf5,GWOSC,data/real_strain/GW191127_050227/H-H1_GWOSC_4KHZ_R1-1258864118-4096.hdf5,already_exists,4096.0,1258864118.0
GWTC-3/O1-O3,strain_hdf5_4khz,GW191127_050227,L1,https://gwosc.org/eventapi/json/GWTC-3-confident/GW191127_050227/v1/L-L1_GWOSC_4KHZ_R1-1258864118-4096.hdf5,GWOSC,data/real_strain/GW191127_050227/L-L1_GWOSC_4KHZ_R1-1258864118-4096.hdf5,already_exists,4096.0,1258864118.0
GWTC-3/O1-O3,strain_hdf5_4khz,GW191129_134029,H1,https://gwosc.org/eventapi/json/GWTC-3-confident/GW191129_134029/v1/H-H1_GWOSC_4KHZ_R1-1259068000-4096.hdf5,GWOSC,data/real_strain/GW191129_134029/H-H1_GWOSC_4KHZ_R1-1259068000-4096.hdf5,already_exists,4096.0,1259068000.0
GWTC-3/O1-O3,strain_hdf5_4khz,GW191129_134029,L1,https://gwosc.org/eventapi/json/GWTC-3-confident/GW191129_134029/v1/L-L1_GWOSC_4KHZ_R1-1259068000-4096.hdf5,GWOSC,data/real_strain/GW191129_134029/L-L1_GWOSC_4KHZ_R1-1259068000-4096.hdf5,already_exists,4096.0,1259068000.0
GWTC-3/O1-O3,strain_hdf5_4khz,GW191204_171526,H1,https://gwosc.org/eventapi/json/GWTC-3-confident/GW191204_171526/v1/H-H1_GWOSC_4KHZ_R1-1259512896-4096.hdf5,GWOSC,data/real_strain/GW191204_171526/H-H1_GWOSC_4KHZ_R1-1259512896-4096.hdf5,already_exists,4096.0,1259512896.0
GWTC-3/O1-O3,strain_hdf5_4khz,GW191204_171526,L1,https://gwosc.org/eventapi/json/GWTC-3-confident/GW191204_171526/v1/L-L1_GWOSC_4KHZ_R1-1259512896-4096.hdf5,GWOSC,data/real_strain/GW191204_171526/L-L1_GWOSC_4KHZ_R1-1259512896-4096.hdf5,already_exists,4096.0,1259512896.0
GWTC-3/O1-O3,strain_hdf5_4khz,GW191215_223052,H1,https://gwosc.org/eventapi/json/GWTC-3-confident/GW191215_223052/v1/H-H1_GWOSC_4KHZ_R1-1260482223-4096.hdf5,GWOSC,data/real_strain/GW191215_223052/H-H1_GWOSC_4KHZ_R1-1260482223-4096.hdf5,already_exists,4096.0,1260482223.0
GWTC-3/O1-O3,strain_hdf5_4khz,GW191215_223052,L1,https://gwosc.org/eventapi/json/GWTC-3-confident/GW191215_223052/v1/L-L1_GWOSC_4KHZ_R1-1260482223-4096.hdf5,GWOSC,data/real_strain/GW191215_223052/L-L1_GWOSC_4KHZ_R1-1260482223-4096.hdf5,already_exists,4096.0,1260482223.0
GWTC-3/O1-O3,strain_hdf5_4khz,GW191216_213338,H1,https://gwosc.org/eventapi/json/GWTC-3-confident/GW191216_213338/v1/H-H1_GWOSC_4KHZ_R1-1260565189-4096.hdf5,GWOSC,data/real_strain/GW191216_213338/H-H1_GWOSC_4KHZ_R1-1260565189-4096.hdf5,already_exists,4096.0,1260565189.0
GWTC-3/O1-O3,strain_hdf5_4khz,GW191216_213338,L1,,GWOSC,,no_gwosc_url,,
GWTC-3/O1-O3,strain_hdf5_4khz,GW191219_163120,H1,https://gwosc.org/eventapi/json/GWTC-3-confident/GW191219_163120/v1/H-H1_GWOSC_4KHZ_R1-1260806251-4096.hdf5,GWOSC,data/real_strain/GW191219_163120/H-H1_GWOSC_4KHZ_R1-1260806251-4096.hdf5,already_exists,4096.0,1260806251.0
GWTC-3/O1-O3,strain_hdf5_4khz,GW191219_163120,L1,https://gwosc.org/eventapi/json/GWTC-3-confident/GW191219_163120/v1/L-L1_GWOSC_4KHZ_R1-1260806251-4096.hdf5,GWOSC,data/real_strain/GW191219_163120/L-L1_GWOSC_4KHZ_R1-1260806251-4096.hdf5,already_exists,4096.0,1260806251.0
GWTC-3/O1-O3,strain_hdf5_4khz,GW191222_033537,H1,https://gwosc.org/eventapi/json/GWTC-3-confident/GW191222_033537/v1/H-H1_GWOSC_4KHZ_R1-1261018908-4096.hdf5,GWOSC,data/real_strain/GW191222_033537/H-H1_GWOSC_4KHZ_R1-1261018908-4096.hdf5,already_exists,4096.0,1261018908.0
GWTC-3/O1-O3,strain_hdf5_4khz,GW191222_033537,L1,https://gwosc.org/eventapi/json/GWTC-3-confident/GW191222_033537/v1/L-L1_GWOSC_4KHZ_R1-1261018908-4096.hdf5,GWOSC,data/real_strain/GW191222_033537/L-L1_GWOSC_4KHZ_R1-1261018908-4096.hdf5,already_exists,4096.0,1261018908.0
GWTC-3/O1-O3,strain_hdf5_4khz,GW191230_180458,H1,https://gwosc.org/eventapi/json/GWTC-3-confident/GW191230_180458/v1/H-H1_GWOSC_4KHZ_R1-1261762269-4096.hdf5,GWOSC,data/real_strain/GW191230_180458/H-H1_GWOSC_4KHZ_R1-1261762269-4096.hdf5,already_exists,4096.0,1261762269.0
GWTC-3/O1-O3,strain_hdf5_4khz,GW191230_180458,L1,https://gwosc.org/eventapi/json/GWTC-3-confident/GW191230_180458/v1/L-L1_GWOSC_4KHZ_R1-1261762269-4096.hdf5,GWOSC,data/real_strain/GW191230_180458/L-L1_GWOSC_4KHZ_R1-1261762269-4096.hdf5,already_exists,4096.0,1261762269.0
GWTC-3/O1-O3,strain_hdf5_4khz,GW200112_155838,H1,,GWOSC,,no_gwosc_url,,
GWTC-3/O1-O3,strain_hdf5_4khz,GW200112_155838,L1,https://gwosc.org/eventapi/json/GWTC-3-confident/GW200112_155838/v1/L-L1_GWOSC_4KHZ_R1-1262877888-4096.hdf5,GWOSC,data/real_strain/GW200112_155838/L-L1_GWOSC_4KHZ_R1-1262877888-4096.hdf5,already_exists,4096.0,1262877888.0
GWTC-3/O1-O3,strain_hdf5_4khz,GW200128_022011,H1,https://gwosc.org/eventapi/json/GWTC-3-confident/GW200128_022011/v1/H-H1_GWOSC_4KHZ_R1-1264211182-4096.hdf5,GWOSC,data/real_strain/GW200128_022011/H-H1_GWOSC_4KHZ_R1-1264211182-4096.hdf5,already_exists,4096.0,1264211182.0
GWTC-3/O1-O3,strain_hdf5_4khz,GW200128_022011,L1,https://gwosc.org/eventapi/json/GWTC-3-confident/GW200128_022011/v1/L-L1_GWOSC_4KHZ_R1-1264211182-4096.hdf5,GWOSC,data/real_strain/GW200128_022011/L-L1_GWOSC_4KHZ_R1-1264211182-4096.hdf5,already_exists,4096.0,1264211182.0
GWTC-3/O1-O3,strain_hdf5_4khz,GW200129_065458,H1,https://gwosc.org/eventapi/json/GWTC-3-confident/GW200129_065458/v1/H-H1_GWOSC_4KHZ_R1-1264314069-4096.hdf5,GWOSC,data/real_strain/GW200129_065458/H-H1_GWOSC_4KHZ_R1-1264314069-4096.hdf5,already_exists,4096.0,1264314069.0
GWTC-3/O1-O3,strain_hdf5_4khz,GW200129_065458,L1,https://gwosc.org/eventapi/json/GWTC-3-confident/GW200129_065458/v1/L-L1_GWOSC_4KHZ_R1-1264314069-4096.hdf5,GWOSC,data/real_strain/GW200129_065458/L-L1_GWOSC_4KHZ_R1-1264314069-4096.hdf5,already_exists,4096.0,1264314069.0
GWTC-3/O1-O3,strain_hdf5_4khz,GW200202_154313,H1,https://gwosc.org/eventapi/json/GWTC-3-confident/GW200202_154313/v1/H-H1_GWOSC_4KHZ_R1-1264691364-4096.hdf5,GWOSC,data/real_strain/GW200202_154313/H-H1_GWOSC_4KHZ_R1-1264691364-4096.hdf5,already_exists,4096.0,1264691364.0
GWTC-3/O1-O3,strain_hdf5_4khz,GW200202_154313,L1,https://gwosc.org/eventapi/json/GWTC-3-confident/GW200202_154313/v1/L-L1_GWOSC_4KHZ_R1-1264691364-4096.hdf5,GWOSC,data/real_strain/GW200202_154313/L-L1_GWOSC_4KHZ_R1-1264691364-4096.hdf5,already_exists,4096.0,1264691364.0
GWTC-3/O1-O3,strain_hdf5_4khz,GW200208_130117,H1,https://gwosc.org/eventapi/json/GWTC-3-confident/GW200208_130117/v1/H-H1_GWOSC_4KHZ_R1-1265200048-4096.hdf5,GWOSC,data/real_strain/GW200208_130117/H-H1_GWOSC_4KHZ_R1-1265200048-4096.hdf5,already_exists,4096.0,1265200048.0
GWTC-3/O1-O3,strain_hdf5_4khz,GW200208_130117,L1,https://gwosc.org/eventapi/json/GWTC-3-confident/GW200208_130117/v1/L-L1_GWOSC_4KHZ_R1-1265200048-4096.hdf5,GWOSC,data/real_strain/GW200208_130117/L-L1_GWOSC_4KHZ_R1-1265200048-4096.hdf5,already_exists,4096.0,1265200048.0
GWTC-3/O1-O3,strain_hdf5_4khz,GW200209_085452,H1,https://gwosc.org/eventapi/json/GWTC-3-confident/GW200209_085452/v1/H-H1_GWOSC_4KHZ_R1-1265271663-4096.hdf5,GWOSC,data/real_strain/GW200209_085452/H-H1_GWOSC_4KHZ_R1-1265271663-4096.hdf5,already_exists,4096.0,1265271663.0
GWTC-3/O1-O3,strain_hdf5_4khz,GW200209_085452,L1,https://gwosc.org/eventapi/json/GWTC-3-confident/GW200209_085452/v1/L-L1_GWOSC_4KHZ_R1-1265271663-4096.hdf5,GWOSC,data/real_strain/GW200209_085452/L-L1_GWOSC_4KHZ_R1-1265271663-4096.hdf5,already_exists,4096.0,1265271663.0
GWTC-3/O1-O3,strain_hdf5_4khz,GW200219_094415,H1,https://gwosc.org/eventapi/json/GWTC-3-confident/GW200219_094415/v1/H-H1_GWOSC_4KHZ_R1-1266138626-4096.hdf5,GWOSC,data/real_strain/GW200219_094415/H-H1_GWOSC_4KHZ_R1-1266138626-4096.hdf5,already_exists,4096.0,1266138626.0
GWTC-3/O1-O3,strain_hdf5_4khz,GW200219_094415,L1,https://gwosc.org/eventapi/json/GWTC-3-confident/GW200219_094415/v1/L-L1_GWOSC_4KHZ_R1-1266138626-4096.hdf5,GWOSC,data/real_strain/GW200219_094415/L-L1_GWOSC_4KHZ_R1-1266138626-4096.hdf5,already_exists,4096.0,1266138626.0
GWTC-3/O1-O3,strain_hdf5_4khz,GW200224_222234,H1,https://gwosc.org/eventapi/json/GWTC-3-confident/GW200224_222234/v1/H-H1_GWOSC_4KHZ_R1-1266616125-4096.hdf5,GWOSC,data/real_strain/GW200224_222234/H-H1_GWOSC_4KHZ_R1-1266616125-4096.hdf5,already_exists,4096.0,1266616125.0
GWTC-3/O1-O3,strain_hdf5_4khz,GW200224_222234,L1,https://gwosc.org/eventapi/json/GWTC-3-confident/GW200224_222234/v1/L-L1_GWOSC_4KHZ_R1-1266616125-4096.hdf5,GWOSC,data/real_strain/GW200224_222234/L-L1_GWOSC_4KHZ_R1-1266616125-4096.hdf5,already_exists,4096.0,1266616125.0
GWTC-3/O1-O3,strain_hdf5_4khz,GW200225_060421,H1,https://gwosc.org/eventapi/json/GWTC-3-confident/GW200225_060421/v1/H-H1_GWOSC_4KHZ_R1-1266643832-4096.hdf5,GWOSC,data/real_strain/GW200225_060421/H-H1_GWOSC_4KHZ_R1-1266643832-4096.hdf5,already_exists,4096.0,1266643832.0
GWTC-3/O1-O3,strain_hdf5_4khz,GW200225_060421,L1,https://gwosc.org/eventapi/json/GWTC-3-confident/GW200225_060421/v1/L-L1_GWOSC_4KHZ_R1-1266643832-4096.hdf5,GWOSC,data/real_strain/GW200225_060421/L-L1_GWOSC_4KHZ_R1-1266643832-4096.hdf5,already_exists,4096.0,1266643832.0
GWTC-3/O1-O3,strain_hdf5_4khz,GW200302_015811,H1,https://gwosc.org/eventapi/json/GWTC-3-confident/GW200302_015811/v1/H-H1_GWOSC_4KHZ_R1-1267147462-4096.hdf5,GWOSC,data/real_strain/GW200302_015811/H-H1_GWOSC_4KHZ_R1-1267147462-4096.hdf5,already_exists,4096.0,1267147462.0
GWTC-3/O1-O3,strain_hdf5_4khz,GW200302_015811,L1,,GWOSC,,no_gwosc_url,,
GWTC-3/O1-O3,strain_hdf5_4khz,GW200311_115853,H1,https://gwosc.org/eventapi/json/GWTC-3-confident/GW200311_115853/v1/H-H1_GWOSC_4KHZ_R1-1267961104-4096.hdf5,GWOSC,data/real_strain/GW200311_115853/H-H1_GWOSC_4KHZ_R1-1267961104-4096.hdf5,already_exists,4096.0,1267961104.0
GWTC-3/O1-O3,strain_hdf5_4khz,GW200311_115853,L1,https://gwosc.org/eventapi/json/GWTC-3-confident/GW200311_115853/v1/L-L1_GWOSC_4KHZ_R1-1267961104-4096.hdf5,GWOSC,data/real_strain/GW200311_115853/L-L1_GWOSC_4KHZ_R1-1267961104-4096.hdf5,already_exists,4096.0,1267961104.0
GWTC-3/O1-O3,strain_hdf5_4khz,GW200316_215756,H1,https://gwosc.org/eventapi/json/GWTC-3-confident/GW200316_215756/v1/H-H1_GWOSC_4KHZ_R1-1268429047-4096.hdf5,GWOSC,data/real_strain/GW200316_215756/H-H1_GWOSC_4KHZ_R1-1268429047-4096.hdf5,already_exists,4096.0,1268429047.0
GWTC-3/O1-O3,strain_hdf5_4khz,GW200316_215756,L1,https://gwosc.org/eventapi/json/GWTC-3-confident/GW200316_215756/v1/L-L1_GWOSC_4KHZ_R1-1268429047-4096.hdf5,GWOSC,data/real_strain/GW200316_215756/L-L1_GWOSC_4KHZ_R1-1268429047-4096.hdf5,already_exists,4096.0,1268429047.0
