detector,data_mode,stage,variant,subset,catalog,candidate_kind,query_total,catalog_total,sis_lensed_images,sis_unlensed,pm_lensed_images,pm_unlensed,total_lensed_images,total_unlensed,epochs,backbone,preprocess,liao_label,liao_delay_count,observed_sky_label,a90_ref_deg2,test_a90_median_deg2,test_a90_p90_deg2,weight_grid,component_keys,val_selected_r@1,val_selected_r@5,val_selected_r@10,lambda_waveform,valid,r@1,r@5,r@10,r@50,r@100,r@500,median_true_rank,top_1pct_k,top_1pct,top_5pct_k,top_5pct,top_10pct_k,top_10pct,lambda_raw_time,lambda_liao_time_lr,lambda_observed_sky_step,lambda_observed_sky_log_overlap
ET3,noisy,stage7_modality_combinations,waveform_only,overall,fresh50_mixed_SIS_PM_unlensed_full_catalog,full_catalog,6000,9000,3000,1500,3000,1500,6000,3000,50,inceptiontime,bandpass,GW-LMC ET BBH Any_Detected_SNR8,4388,ET three-arm network-SNR A90 approximation,100.0,20.0,27.413530636754054,"[0.25, 0.5, 1.0, 2.0, 4.0]",waveform,0.6476666666666666,0.8116666666666666,0.8641666666666666,1.0,6000,0.6245,0.7978333333333333,0.8541666666666666,0.936,0.9613333333333334,0.987,1.0,90,0.9585,450,0.9863333333333333,900,0.9903333333333333,,,,
ET3,noisy,stage7_modality_combinations,waveform_only,SIS,fresh50_mixed_SIS_PM_unlensed_full_catalog,full_catalog,6000,9000,3000,1500,3000,1500,6000,3000,50,inceptiontime,bandpass,GW-LMC ET BBH Any_Detected_SNR8,4388,ET three-arm network-SNR A90 approximation,100.0,20.0,27.413530636754054,"[0.25, 0.5, 1.0, 2.0, 4.0]",waveform,0.6476666666666666,0.8116666666666666,0.8641666666666666,1.0,3000,0.674,0.8446666666666667,0.8906666666666667,0.9586666666666667,0.977,0.9936666666666667,1.0,90,0.975,450,0.9933333333333333,900,0.9946666666666667,,,,
ET3,noisy,stage7_modality_combinations,waveform_only,PM,fresh50_mixed_SIS_PM_unlensed_full_catalog,full_catalog,6000,9000,3000,1500,3000,1500,6000,3000,50,inceptiontime,bandpass,GW-LMC ET BBH Any_Detected_SNR8,4388,ET three-arm network-SNR A90 approximation,100.0,20.0,27.413530636754054,"[0.25, 0.5, 1.0, 2.0, 4.0]",waveform,0.6476666666666666,0.8116666666666666,0.8641666666666666,1.0,3000,0.575,0.751,0.8176666666666667,0.9133333333333333,0.9456666666666667,0.9803333333333333,1.0,90,0.942,450,0.9793333333333333,900,0.986,,,,
ET3,noisy,stage7_modality_combinations,waveform_only,macro,fresh50_mixed_SIS_PM_unlensed_full_catalog,full_catalog,6000,9000,3000,1500,3000,1500,6000,3000,50,inceptiontime,bandpass,GW-LMC ET BBH Any_Detected_SNR8,4388,ET three-arm network-SNR A90 approximation,100.0,20.0,27.413530636754054,"[0.25, 0.5, 1.0, 2.0, 4.0]",waveform,0.6476666666666666,0.8116666666666666,0.8641666666666666,1.0,6000,0.6245,0.7978333333333334,0.8541666666666667,0.9359999999999999,0.9613333333333334,0.987,1.0,90,0.9584999999999999,450,0.9863333333333333,900,0.9903333333333333,,,,
ET3,noisy,stage7_modality_combinations,raw_time_only,overall,fresh50_mixed_SIS_PM_unlensed_full_catalog,full_catalog,6000,9000,3000,1500,3000,1500,6000,3000,50,inceptiontime,bandpass,GW-LMC ET BBH Any_Detected_SNR8,4388,ET three-arm network-SNR A90 approximation,100.0,20.0,27.413530636754054,"[0.25, 0.5, 1.0, 2.0, 4.0]",raw_time,0.1375,0.4131666666666667,0.5318333333333334,,6000,0.13516666666666666,0.405,0.5298333333333334,0.6326666666666667,0.6893333333333334,0.8475,9.0,90,0.6778333333333333,450,0.8386666666666667,900,0.9093333333333333,1.0,,,
ET3,noisy,stage7_modality_combinations,raw_time_only,SIS,fresh50_mixed_SIS_PM_unlensed_full_catalog,full_catalog,6000,9000,3000,1500,3000,1500,6000,3000,50,inceptiontime,bandpass,GW-LMC ET BBH Any_Detected_SNR8,4388,ET three-arm network-SNR A90 approximation,100.0,20.0,27.413530636754054,"[0.25, 0.5, 1.0, 2.0, 4.0]",raw_time,0.1375,0.4131666666666667,0.5318333333333334,,3000,0.009666666666666667,0.052333333333333336,0.102,0.2653333333333333,0.37866666666666665,0.695,188.0,90,0.3556666666666667,450,0.6773333333333333,900,0.8186666666666667,1.0,,,
ET3,noisy,stage7_modality_combinations,raw_time_only,PM,fresh50_mixed_SIS_PM_unlensed_full_catalog,full_catalog,6000,9000,3000,1500,3000,1500,6000,3000,50,inceptiontime,bandpass,GW-LMC ET BBH Any_Detected_SNR8,4388,ET three-arm network-SNR A90 approximation,100.0,20.0,27.413530636754054,"[0.25, 0.5, 1.0, 2.0, 4.0]",raw_time,0.1375,0.4131666666666667,0.5318333333333334,,3000,0.26066666666666666,0.7576666666666667,0.9576666666666667,1.0,1.0,1.0,3.0,90,1.0,450,1.0,900,1.0,1.0,,,
ET3,noisy,stage7_modality_combinations,raw_time_only,macro,fresh50_mixed_SIS_PM_unlensed_full_catalog,full_catalog,6000,9000,3000,1500,3000,1500,6000,3000,50,inceptiontime,bandpass,GW-LMC ET BBH Any_Detected_SNR8,4388,ET three-arm network-SNR A90 approximation,100.0,20.0,27.413530636754054,"[0.25, 0.5, 1.0, 2.0, 4.0]",raw_time,0.1375,0.4131666666666667,0.5318333333333334,,6000,0.13516666666666666,0.405,0.5298333333333334,0.6326666666666667,0.6893333333333334,0.8474999999999999,95.5,90,0.6778333333333333,450,0.8386666666666667,900,0.9093333333333333,1.0,,,
ET3,noisy,stage7_modality_combinations,liao_time_lr_only,overall,fresh50_mixed_SIS_PM_unlensed_full_catalog,full_catalog,6000,9000,3000,1500,3000,1500,6000,3000,50,inceptiontime,bandpass,GW-LMC ET BBH Any_Detected_SNR8,4388,ET three-arm network-SNR A90 approximation,100.0,20.0,27.413530636754054,"[0.25, 0.5, 1.0, 2.0, 4.0]",liao_time_lr,0.1405,0.4086666666666667,0.5306666666666666,,6000,0.12966666666666668,0.404,0.5308333333333334,0.6373333333333333,0.6966666666666667,0.855,9.0,90,0.683,450,0.845,900,0.9161666666666667,,1.0,,
ET3,noisy,stage7_modality_combinations,liao_time_lr_only,SIS,fresh50_mixed_SIS_PM_unlensed_full_catalog,full_catalog,6000,9000,3000,1500,3000,1500,6000,3000,50,inceptiontime,bandpass,GW-LMC ET BBH Any_Detected_SNR8,4388,ET three-arm network-SNR A90 approximation,100.0,20.0,27.413530636754054,"[0.25, 0.5, 1.0, 2.0, 4.0]",liao_time_lr,0.1405,0.4086666666666667,0.5306666666666666,,3000,0.012,0.057,0.111,0.27466666666666667,0.3933333333333333,0.71,172.0,90,0.366,450,0.69,900,0.8323333333333334,,1.0,,
ET3,noisy,stage7_modality_combinations,liao_time_lr_only,PM,fresh50_mixed_SIS_PM_unlensed_full_catalog,full_catalog,6000,9000,3000,1500,3000,1500,6000,3000,50,inceptiontime,bandpass,GW-LMC ET BBH Any_Detected_SNR8,4388,ET three-arm network-SNR A90 approximation,100.0,20.0,27.413530636754054,"[0.25, 0.5, 1.0, 2.0, 4.0]",liao_time_lr,0.1405,0.4086666666666667,0.5306666666666666,,3000,0.24733333333333332,0.751,0.9506666666666667,1.0,1.0,1.0,3.0,90,1.0,450,1.0,900,1.0,,1.0,,
ET3,noisy,stage7_modality_combinations,liao_time_lr_only,macro,fresh50_mixed_SIS_PM_unlensed_full_catalog,full_catalog,6000,9000,3000,1500,3000,1500,6000,3000,50,inceptiontime,bandpass,GW-LMC ET BBH Any_Detected_SNR8,4388,ET three-arm network-SNR A90 approximation,100.0,20.0,27.413530636754054,"[0.25, 0.5, 1.0, 2.0, 4.0]",liao_time_lr,0.1405,0.4086666666666667,0.5306666666666666,,6000,0.12966666666666665,0.404,0.5308333333333334,0.6373333333333333,0.6966666666666667,0.855,87.5,90,0.683,450,0.845,900,0.9161666666666667,,1.0,,
ET3,noisy,stage7_modality_combinations,observed_sky_step_only,overall,fresh50_mixed_SIS_PM_unlensed_full_catalog,full_catalog,6000,9000,3000,1500,3000,1500,6000,3000,50,inceptiontime,bandpass,GW-LMC ET BBH Any_Detected_SNR8,4388,ET three-arm network-SNR A90 approximation,100.0,20.0,27.413530636754054,"[0.25, 0.5, 1.0, 2.0, 4.0]",observed_sky_step,0.5145,0.8078333333333333,0.9301666666666667,,6000,0.5421666666666667,0.8278333333333333,0.945,0.9996666666666667,1.0,1.0,1.0,90,1.0,450,1.0,900,1.0,,,1.0,
ET3,noisy,stage7_modality_combinations,observed_sky_step_only,SIS,fresh50_mixed_SIS_PM_unlensed_full_catalog,full_catalog,6000,9000,3000,1500,3000,1500,6000,3000,50,inceptiontime,bandpass,GW-LMC ET BBH Any_Detected_SNR8,4388,ET three-arm network-SNR A90 approximation,100.0,20.0,27.413530636754054,"[0.25, 0.5, 1.0, 2.0, 4.0]",observed_sky_step,0.5145,0.8078333333333333,0.9301666666666667,,3000,0.5386666666666666,0.8376666666666667,0.947,1.0,1.0,1.0,1.0,90,1.0,450,1.0,900,1.0,,,1.0,
ET3,noisy,stage7_modality_combinations,observed_sky_step_only,PM,fresh50_mixed_SIS_PM_unlensed_full_catalog,full_catalog,6000,9000,3000,1500,3000,1500,6000,3000,50,inceptiontime,bandpass,GW-LMC ET BBH Any_Detected_SNR8,4388,ET three-arm network-SNR A90 approximation,100.0,20.0,27.413530636754054,"[0.25, 0.5, 1.0, 2.0, 4.0]",observed_sky_step,0.5145,0.8078333333333333,0.9301666666666667,,3000,0.5456666666666666,0.818,0.943,0.9993333333333333,1.0,1.0,1.0,90,1.0,450,1.0,900,1.0,,,1.0,
ET3,noisy,stage7_modality_combinations,observed_sky_step_only,macro,fresh50_mixed_SIS_PM_unlensed_full_catalog,full_catalog,6000,9000,3000,1500,3000,1500,6000,3000,50,inceptiontime,bandpass,GW-LMC ET BBH Any_Detected_SNR8,4388,ET three-arm network-SNR A90 approximation,100.0,20.0,27.413530636754054,"[0.25, 0.5, 1.0, 2.0, 4.0]",observed_sky_step,0.5145,0.8078333333333333,0.9301666666666667,,6000,0.5421666666666667,0.8278333333333333,0.945,0.9996666666666667,1.0,1.0,1.0,90,1.0,450,1.0,900,1.0,,,1.0,
ET3,noisy,stage7_modality_combinations,observed_sky_log_overlap_only,overall,fresh50_mixed_SIS_PM_unlensed_full_catalog,full_catalog,6000,9000,3000,1500,3000,1500,6000,3000,50,inceptiontime,bandpass,GW-LMC ET BBH Any_Detected_SNR8,4388,ET three-arm network-SNR A90 approximation,100.0,20.0,27.413530636754054,"[0.25, 0.5, 1.0, 2.0, 4.0]",observed_sky_log_overlap,0.22883333333333333,0.6728333333333333,0.8728333333333333,,6000,0.24166666666666667,0.6933333333333334,0.8883333333333333,0.9988333333333334,1.0,1.0,3.0,90,0.9998333333333334,450,1.0,900,1.0,,,,1.0
ET3,noisy,stage7_modality_combinations,observed_sky_log_overlap_only,SIS,fresh50_mixed_SIS_PM_unlensed_full_catalog,full_catalog,6000,9000,3000,1500,3000,1500,6000,3000,50,inceptiontime,bandpass,GW-LMC ET BBH Any_Detected_SNR8,4388,ET three-arm network-SNR A90 approximation,100.0,20.0,27.413530636754054,"[0.25, 0.5, 1.0, 2.0, 4.0]",observed_sky_log_overlap,0.22883333333333333,0.6728333333333333,0.8728333333333333,,3000,0.239,0.6953333333333334,0.8926666666666667,0.999,1.0,1.0,3.0,90,0.9996666666666667,450,1.0,900,1.0,,,,1.0
ET3,noisy,stage7_modality_combinations,observed_sky_log_overlap_only,PM,fresh50_mixed_SIS_PM_unlensed_full_catalog,full_catalog,6000,9000,3000,1500,3000,1500,6000,3000,50,inceptiontime,bandpass,GW-LMC ET BBH Any_Detected_SNR8,4388,ET three-arm network-SNR A90 approximation,100.0,20.0,27.413530636754054,"[0.25, 0.5, 1.0, 2.0, 4.0]",observed_sky_log_overlap,0.22883333333333333,0.6728333333333333,0.8728333333333333,,3000,0.24433333333333335,0.6913333333333334,0.884,0.9986666666666667,1.0,1.0,3.0,90,1.0,450,1.0,900,1.0,,,,1.0
ET3,noisy,stage7_modality_combinations,observed_sky_log_overlap_only,macro,fresh50_mixed_SIS_PM_unlensed_full_catalog,full_catalog,6000,9000,3000,1500,3000,1500,6000,3000,50,inceptiontime,bandpass,GW-LMC ET BBH Any_Detected_SNR8,4388,ET three-arm network-SNR A90 approximation,100.0,20.0,27.413530636754054,"[0.25, 0.5, 1.0, 2.0, 4.0]",observed_sky_log_overlap,0.22883333333333333,0.6728333333333333,0.8728333333333333,,6000,0.24166666666666667,0.6933333333333334,0.8883333333333334,0.9988333333333334,1.0,1.0,3.0,90,0.9998333333333334,450,1.0,900,1.0,,,,1.0
ET3,noisy,stage7_modality_combinations,waveform_plus_raw_time,overall,fresh50_mixed_SIS_PM_unlensed_full_catalog,full_catalog,6000,9000,3000,1500,3000,1500,6000,3000,50,inceptiontime,bandpass,GW-LMC ET BBH Any_Detected_SNR8,4388,ET three-arm network-SNR A90 approximation,100.0,20.0,27.413530636754054,"[0.25, 0.5, 1.0, 2.0, 4.0]","waveform,raw_time",0.872,0.9503333333333334,0.9636666666666667,1.0,6000,0.858,0.9438333333333333,0.9648333333333333,0.9883333333333333,0.9931666666666666,0.9976666666666667,1.0,90,0.9923333333333333,450,0.9976666666666667,900,0.9983333333333333,0.5,,,
ET3,noisy,stage7_modality_combinations,waveform_plus_raw_time,SIS,fresh50_mixed_SIS_PM_unlensed_full_catalog,full_catalog,6000,9000,3000,1500,3000,1500,6000,3000,50,inceptiontime,bandpass,GW-LMC ET BBH Any_Detected_SNR8,4388,ET three-arm network-SNR A90 approximation,100.0,20.0,27.413530636754054,"[0.25, 0.5, 1.0, 2.0, 4.0]","waveform,raw_time",0.872,0.9503333333333334,0.9636666666666667,1.0,3000,0.7863333333333333,0.9183333333333333,0.9503333333333334,0.9843333333333333,0.9906666666666667,0.996,1.0,90,0.9893333333333333,450,0.996,900,0.9966666666666667,0.5,,,
ET3,noisy,stage7_modality_combinations,waveform_plus_raw_time,PM,fresh50_mixed_SIS_PM_unlensed_full_catalog,full_catalog,6000,9000,3000,1500,3000,1500,6000,3000,50,inceptiontime,bandpass,GW-LMC ET BBH Any_Detected_SNR8,4388,ET three-arm network-SNR A90 approximation,100.0,20.0,27.413530636754054,"[0.25, 0.5, 1.0, 2.0, 4.0]","waveform,raw_time",0.872,0.9503333333333334,0.9636666666666667,1.0,3000,0.9296666666666666,0.9693333333333334,0.9793333333333333,0.9923333333333333,0.9956666666666667,0.9993333333333333,1.0,90,0.9953333333333333,450,0.9993333333333333,900,1.0,0.5,,,
ET3,noisy,stage7_modality_combinations,waveform_plus_raw_time,macro,fresh50_mixed_SIS_PM_unlensed_full_catalog,full_catalog,6000,9000,3000,1500,3000,1500,6000,3000,50,inceptiontime,bandpass,GW-LMC ET BBH Any_Detected_SNR8,4388,ET three-arm network-SNR A90 approximation,100.0,20.0,27.413530636754054,"[0.25, 0.5, 1.0, 2.0, 4.0]","waveform,raw_time",0.872,0.9503333333333334,0.9636666666666667,1.0,6000,0.858,0.9438333333333333,0.9648333333333333,0.9883333333333333,0.9931666666666668,0.9976666666666667,1.0,90,0.9923333333333333,450,0.9976666666666667,900,0.9983333333333333,0.5,,,
ET3,noisy,stage7_modality_combinations,waveform_plus_liao_time_lr,overall,fresh50_mixed_SIS_PM_unlensed_full_catalog,full_catalog,6000,9000,3000,1500,3000,1500,6000,3000,50,inceptiontime,bandpass,GW-LMC ET BBH Any_Detected_SNR8,4388,ET three-arm network-SNR A90 approximation,100.0,20.0,27.413530636754054,"[0.25, 0.5, 1.0, 2.0, 4.0]","waveform,liao_time_lr",0.8426666666666667,0.9358333333333333,0.9605,1.0,6000,0.83,0.931,0.9596666666666667,0.9861666666666666,0.992,0.9983333333333333,1.0,90,0.9918333333333333,450,0.998,900,0.9988333333333334,,1.0,,
ET3,noisy,stage7_modality_combinations,waveform_plus_liao_time_lr,SIS,fresh50_mixed_SIS_PM_unlensed_full_catalog,full_catalog,6000,9000,3000,1500,3000,1500,6000,3000,50,inceptiontime,bandpass,GW-LMC ET BBH Any_Detected_SNR8,4388,ET three-arm network-SNR A90 approximation,100.0,20.0,27.413530636754054,"[0.25, 0.5, 1.0, 2.0, 4.0]","waveform,liao_time_lr",0.8426666666666667,0.9358333333333333,0.9605,1.0,3000,0.72,0.8823333333333333,0.933,0.9763333333333334,0.9853333333333333,0.9966666666666667,1.0,90,0.9853333333333333,450,0.996,900,0.9976666666666667,,1.0,,
ET3,noisy,stage7_modality_combinations,waveform_plus_liao_time_lr,PM,fresh50_mixed_SIS_PM_unlensed_full_catalog,full_catalog,6000,9000,3000,1500,3000,1500,6000,3000,50,inceptiontime,bandpass,GW-LMC ET BBH Any_Detected_SNR8,4388,ET three-arm network-SNR A90 approximation,100.0,20.0,27.413530636754054,"[0.25, 0.5, 1.0, 2.0, 4.0]","waveform,liao_time_lr",0.8426666666666667,0.9358333333333333,0.9605,1.0,3000,0.94,0.9796666666666667,0.9863333333333333,0.996,0.9986666666666667,1.0,1.0,90,0.9983333333333333,450,1.0,900,1.0,,1.0,,
ET3,noisy,stage7_modality_combinations,waveform_plus_liao_time_lr,macro,fresh50_mixed_SIS_PM_unlensed_full_catalog,full_catalog,6000,9000,3000,1500,3000,1500,6000,3000,50,inceptiontime,bandpass,GW-LMC ET BBH Any_Detected_SNR8,4388,ET three-arm network-SNR A90 approximation,100.0,20.0,27.413530636754054,"[0.25, 0.5, 1.0, 2.0, 4.0]","waveform,liao_time_lr",0.8426666666666667,0.9358333333333333,0.9605,1.0,6000,0.83,0.931,0.9596666666666667,0.9861666666666666,0.992,0.9983333333333333,1.0,90,0.9918333333333333,450,0.998,900,0.9988333333333334,,1.0,,
ET3,noisy,stage7_modality_combinations,waveform_plus_observed_sky_step,overall,fresh50_mixed_SIS_PM_unlensed_full_catalog,full_catalog,6000,9000,3000,1500,3000,1500,6000,3000,50,inceptiontime,bandpass,GW-LMC ET BBH Any_Detected_SNR8,4388,ET three-arm network-SNR A90 approximation,100.0,20.0,27.413530636754054,"[0.25, 0.5, 1.0, 2.0, 4.0]","waveform,observed_sky_step",0.8985,0.9768333333333333,0.9891666666666666,1.0,6000,0.8968333333333334,0.9838333333333333,0.9931666666666666,0.9976666666666667,0.9981666666666666,0.9995,1.0,90,0.9981666666666666,450,0.9993333333333333,900,0.9998333333333334,,,0.25,
ET3,noisy,stage7_modality_combinations,waveform_plus_observed_sky_step,SIS,fresh50_mixed_SIS_PM_unlensed_full_catalog,full_catalog,6000,9000,3000,1500,3000,1500,6000,3000,50,inceptiontime,bandpass,GW-LMC ET BBH Any_Detected_SNR8,4388,ET three-arm network-SNR A90 approximation,100.0,20.0,27.413530636754054,"[0.25, 0.5, 1.0, 2.0, 4.0]","waveform,observed_sky_step",0.8985,0.9768333333333333,0.9891666666666666,1.0,3000,0.915,0.9886666666666667,0.9956666666666667,0.999,0.999,1.0,1.0,90,0.999,450,0.9996666666666667,900,1.0,,,0.25,
ET3,noisy,stage7_modality_combinations,waveform_plus_observed_sky_step,PM,fresh50_mixed_SIS_PM_unlensed_full_catalog,full_catalog,6000,9000,3000,1500,3000,1500,6000,3000,50,inceptiontime,bandpass,GW-LMC ET BBH Any_Detected_SNR8,4388,ET three-arm network-SNR A90 approximation,100.0,20.0,27.413530636754054,"[0.25, 0.5, 1.0, 2.0, 4.0]","waveform,observed_sky_step",0.8985,0.9768333333333333,0.9891666666666666,1.0,3000,0.8786666666666667,0.979,0.9906666666666667,0.9963333333333333,0.9973333333333333,0.999,1.0,90,0.9973333333333333,450,0.999,900,0.9996666666666667,,,0.25,
ET3,noisy,stage7_modality_combinations,waveform_plus_observed_sky_step,macro,fresh50_mixed_SIS_PM_unlensed_full_catalog,full_catalog,6000,9000,3000,1500,3000,1500,6000,3000,50,inceptiontime,bandpass,GW-LMC ET BBH Any_Detected_SNR8,4388,ET three-arm network-SNR A90 approximation,100.0,20.0,27.413530636754054,"[0.25, 0.5, 1.0, 2.0, 4.0]","waveform,observed_sky_step",0.8985,0.9768333333333333,0.9891666666666666,1.0,6000,0.8968333333333334,0.9838333333333333,0.9931666666666668,0.9976666666666667,0.9981666666666666,0.9995,1.0,90,0.9981666666666666,450,0.9993333333333334,900,0.9998333333333334,,,0.25,
ET3,noisy,stage7_modality_combinations,waveform_plus_observed_sky_log_overlap,overall,fresh50_mixed_SIS_PM_unlensed_full_catalog,full_catalog,6000,9000,3000,1500,3000,1500,6000,3000,50,inceptiontime,bandpass,GW-LMC ET BBH Any_Detected_SNR8,4388,ET three-arm network-SNR A90 approximation,100.0,20.0,27.413530636754054,"[0.25, 0.5, 1.0, 2.0, 4.0]","waveform,observed_sky_log_overlap",0.872,0.9428333333333333,0.9623333333333334,1.0,6000,0.8586666666666667,0.9365,0.961,0.987,0.9905,0.9978333333333333,1.0,90,0.9896666666666667,450,0.9975,900,0.999,,,,4.0
ET3,noisy,stage7_modality_combinations,waveform_plus_observed_sky_log_overlap,SIS,fresh50_mixed_SIS_PM_unlensed_full_catalog,full_catalog,6000,9000,3000,1500,3000,1500,6000,3000,50,inceptiontime,bandpass,GW-LMC ET BBH Any_Detected_SNR8,4388,ET three-arm network-SNR A90 approximation,100.0,20.0,27.413530636754054,"[0.25, 0.5, 1.0, 2.0, 4.0]","waveform,observed_sky_log_overlap",0.872,0.9428333333333333,0.9623333333333334,1.0,3000,0.8936666666666667,0.9573333333333334,0.977,0.9933333333333333,0.9946666666666667,0.9976666666666667,1.0,90,0.9946666666666667,450,0.9973333333333333,900,0.9993333333333333,,,,4.0
ET3,noisy,stage7_modality_combinations,waveform_plus_observed_sky_log_overlap,PM,fresh50_mixed_SIS_PM_unlensed_full_catalog,full_catalog,6000,9000,3000,1500,3000,1500,6000,3000,50,inceptiontime,bandpass,GW-LMC ET BBH Any_Detected_SNR8,4388,ET three-arm network-SNR A90 approximation,100.0,20.0,27.413530636754054,"[0.25, 0.5, 1.0, 2.0, 4.0]","waveform,observed_sky_log_overlap",0.872,0.9428333333333333,0.9623333333333334,1.0,3000,0.8236666666666667,0.9156666666666666,0.945,0.9806666666666667,0.9863333333333333,0.998,1.0,90,0.9846666666666667,450,0.9976666666666667,900,0.9986666666666667,,,,4.0
ET3,noisy,stage7_modality_combinations,waveform_plus_observed_sky_log_overlap,macro,fresh50_mixed_SIS_PM_unlensed_full_catalog,full_catalog,6000,9000,3000,1500,3000,1500,6000,3000,50,inceptiontime,bandpass,GW-LMC ET BBH Any_Detected_SNR8,4388,ET three-arm network-SNR A90 approximation,100.0,20.0,27.413530636754054,"[0.25, 0.5, 1.0, 2.0, 4.0]","waveform,observed_sky_log_overlap",0.872,0.9428333333333333,0.9623333333333334,1.0,6000,0.8586666666666667,0.9365,0.961,0.987,0.9904999999999999,0.9978333333333333,1.0,90,0.9896666666666667,450,0.9975,900,0.999,,,,4.0
ET3,noisy,stage7_modality_combinations,raw_time_plus_observed_sky_step,overall,fresh50_mixed_SIS_PM_unlensed_full_catalog,full_catalog,6000,9000,3000,1500,3000,1500,6000,3000,50,inceptiontime,bandpass,GW-LMC ET BBH Any_Detected_SNR8,4388,ET three-arm network-SNR A90 approximation,100.0,20.0,27.413530636754054,"[0.25, 0.5, 1.0, 2.0, 4.0]","raw_time,observed_sky_step",0.755,0.9318333333333333,0.9645,,6000,0.7683333333333333,0.9463333333333334,0.971,0.9915,0.9963333333333333,1.0,1.0,90,0.9956666666666667,450,0.9996666666666667,900,1.0,1.0,,0.25,
ET3,noisy,stage7_modality_combinations,raw_time_plus_observed_sky_step,SIS,fresh50_mixed_SIS_PM_unlensed_full_catalog,full_catalog,6000,9000,3000,1500,3000,1500,6000,3000,50,inceptiontime,bandpass,GW-LMC ET BBH Any_Detected_SNR8,4388,ET three-arm network-SNR A90 approximation,100.0,20.0,27.413530636754054,"[0.25, 0.5, 1.0, 2.0, 4.0]","raw_time,observed_sky_step",0.755,0.9318333333333333,0.9645,,3000,0.6033333333333334,0.899,0.9446666666666667,0.983,0.9926666666666667,1.0,1.0,90,0.9913333333333333,450,0.9993333333333333,900,1.0,1.0,,0.25,
ET3,noisy,stage7_modality_combinations,raw_time_plus_observed_sky_step,PM,fresh50_mixed_SIS_PM_unlensed_full_catalog,full_catalog,6000,9000,3000,1500,3000,1500,6000,3000,50,inceptiontime,bandpass,GW-LMC ET BBH Any_Detected_SNR8,4388,ET three-arm network-SNR A90 approximation,100.0,20.0,27.413530636754054,"[0.25, 0.5, 1.0, 2.0, 4.0]","raw_time,observed_sky_step",0.755,0.9318333333333333,0.9645,,3000,0.9333333333333333,0.9936666666666667,0.9973333333333333,1.0,1.0,1.0,1.0,90,1.0,450,1.0,900,1.0,1.0,,0.25,
ET3,noisy,stage7_modality_combinations,raw_time_plus_observed_sky_step,macro,fresh50_mixed_SIS_PM_unlensed_full_catalog,full_catalog,6000,9000,3000,1500,3000,1500,6000,3000,50,inceptiontime,bandpass,GW-LMC ET BBH Any_Detected_SNR8,4388,ET three-arm network-SNR A90 approximation,100.0,20.0,27.413530636754054,"[0.25, 0.5, 1.0, 2.0, 4.0]","raw_time,observed_sky_step",0.755,0.9318333333333333,0.9645,,6000,0.7683333333333333,0.9463333333333334,0.971,0.9915,0.9963333333333333,1.0,1.0,90,0.9956666666666667,450,0.9996666666666667,900,1.0,1.0,,0.25,
ET3,noisy,stage7_modality_combinations,raw_time_plus_observed_sky_log_overlap,overall,fresh50_mixed_SIS_PM_unlensed_full_catalog,full_catalog,6000,9000,3000,1500,3000,1500,6000,3000,50,inceptiontime,bandpass,GW-LMC ET BBH Any_Detected_SNR8,4388,ET three-arm network-SNR A90 approximation,100.0,20.0,27.413530636754054,"[0.25, 0.5, 1.0, 2.0, 4.0]","raw_time,observed_sky_log_overlap",0.6048333333333333,0.7383333333333333,0.8018333333333333,,6000,0.6025,0.7308333333333333,0.7916666666666666,0.9496666666666667,0.9911666666666666,1.0,1.0,90,0.9868333333333333,450,1.0,900,1.0,0.25,,,4.0
ET3,noisy,stage7_modality_combinations,raw_time_plus_observed_sky_log_overlap,SIS,fresh50_mixed_SIS_PM_unlensed_full_catalog,full_catalog,6000,9000,3000,1500,3000,1500,6000,3000,50,inceptiontime,bandpass,GW-LMC ET BBH Any_Detected_SNR8,4388,ET three-arm network-SNR A90 approximation,100.0,20.0,27.413530636754054,"[0.25, 0.5, 1.0, 2.0, 4.0]","raw_time,observed_sky_log_overlap",0.6048333333333333,0.7383333333333333,0.8018333333333333,,3000,0.237,0.46166666666666667,0.5833333333333334,0.8993333333333333,0.9823333333333333,1.0,7.0,90,0.9736666666666667,450,1.0,900,1.0,0.25,,,4.0
ET3,noisy,stage7_modality_combinations,raw_time_plus_observed_sky_log_overlap,PM,fresh50_mixed_SIS_PM_unlensed_full_catalog,full_catalog,6000,9000,3000,1500,3000,1500,6000,3000,50,inceptiontime,bandpass,GW-LMC ET BBH Any_Detected_SNR8,4388,ET three-arm network-SNR A90 approximation,100.0,20.0,27.413530636754054,"[0.25, 0.5, 1.0, 2.0, 4.0]","raw_time,observed_sky_log_overlap",0.6048333333333333,0.7383333333333333,0.8018333333333333,,3000,0.968,1.0,1.0,1.0,1.0,1.0,1.0,90,1.0,450,1.0,900,1.0,0.25,,,4.0
ET3,noisy,stage7_modality_combinations,raw_time_plus_observed_sky_log_overlap,macro,fresh50_mixed_SIS_PM_unlensed_full_catalog,full_catalog,6000,9000,3000,1500,3000,1500,6000,3000,50,inceptiontime,bandpass,GW-LMC ET BBH Any_Detected_SNR8,4388,ET three-arm network-SNR A90 approximation,100.0,20.0,27.413530636754054,"[0.25, 0.5, 1.0, 2.0, 4.0]","raw_time,observed_sky_log_overlap",0.6048333333333333,0.7383333333333333,0.8018333333333333,,6000,0.6025,0.7308333333333333,0.7916666666666667,0.9496666666666667,0.9911666666666666,1.0,4.0,90,0.9868333333333333,450,1.0,900,1.0,0.25,,,4.0
ET3,noisy,stage7_modality_combinations,liao_time_lr_plus_observed_sky_step,overall,fresh50_mixed_SIS_PM_unlensed_full_catalog,full_catalog,6000,9000,3000,1500,3000,1500,6000,3000,50,inceptiontime,bandpass,GW-LMC ET BBH Any_Detected_SNR8,4388,ET three-arm network-SNR A90 approximation,100.0,20.0,27.413530636754054,"[0.25, 0.5, 1.0, 2.0, 4.0]","liao_time_lr,observed_sky_step",0.7015,0.9335,0.9765,,6000,0.7148333333333333,0.9465,0.9808333333333333,0.995,0.9971666666666666,1.0,1.0,90,0.9966666666666667,450,1.0,900,1.0,,1.0,0.25,
ET3,noisy,stage7_modality_combinations,liao_time_lr_plus_observed_sky_step,SIS,fresh50_mixed_SIS_PM_unlensed_full_catalog,full_catalog,6000,9000,3000,1500,3000,1500,6000,3000,50,inceptiontime,bandpass,GW-LMC ET BBH Any_Detected_SNR8,4388,ET three-arm network-SNR A90 approximation,100.0,20.0,27.413530636754054,"[0.25, 0.5, 1.0, 2.0, 4.0]","liao_time_lr,observed_sky_step",0.7015,0.9335,0.9765,,3000,0.589,0.9053333333333333,0.9666666666666667,0.99,0.9943333333333333,1.0,1.0,90,0.9933333333333333,450,1.0,900,1.0,,1.0,0.25,
ET3,noisy,stage7_modality_combinations,liao_time_lr_plus_observed_sky_step,PM,fresh50_mixed_SIS_PM_unlensed_full_catalog,full_catalog,6000,9000,3000,1500,3000,1500,6000,3000,50,inceptiontime,bandpass,GW-LMC ET BBH Any_Detected_SNR8,4388,ET three-arm network-SNR A90 approximation,100.0,20.0,27.413530636754054,"[0.25, 0.5, 1.0, 2.0, 4.0]","liao_time_lr,observed_sky_step",0.7015,0.9335,0.9765,,3000,0.8406666666666667,0.9876666666666667,0.995,1.0,1.0,1.0,1.0,90,1.0,450,1.0,900,1.0,,1.0,0.25,
ET3,noisy,stage7_modality_combinations,liao_time_lr_plus_observed_sky_step,macro,fresh50_mixed_SIS_PM_unlensed_full_catalog,full_catalog,6000,9000,3000,1500,3000,1500,6000,3000,50,inceptiontime,bandpass,GW-LMC ET BBH Any_Detected_SNR8,4388,ET three-arm network-SNR A90 approximation,100.0,20.0,27.413530636754054,"[0.25, 0.5, 1.0, 2.0, 4.0]","liao_time_lr,observed_sky_step",0.7015,0.9335,0.9765,,6000,0.7148333333333333,0.9465,0.9808333333333333,0.995,0.9971666666666666,1.0,1.0,90,0.9966666666666666,450,1.0,900,1.0,,1.0,0.25,
ET3,noisy,stage7_modality_combinations,liao_time_lr_plus_observed_sky_log_overlap,overall,fresh50_mixed_SIS_PM_unlensed_full_catalog,full_catalog,6000,9000,3000,1500,3000,1500,6000,3000,50,inceptiontime,bandpass,GW-LMC ET BBH Any_Detected_SNR8,4388,ET three-arm network-SNR A90 approximation,100.0,20.0,27.413530636754054,"[0.25, 0.5, 1.0, 2.0, 4.0]","liao_time_lr,observed_sky_log_overlap",0.6321666666666667,0.7931666666666667,0.8411666666666666,,6000,0.6323333333333333,0.7823333333333333,0.833,0.9435,0.9831666666666666,1.0,1.0,90,0.979,450,1.0,900,1.0,,0.25,,4.0
ET3,noisy,stage7_modality_combinations,liao_time_lr_plus_observed_sky_log_overlap,SIS,fresh50_mixed_SIS_PM_unlensed_full_catalog,full_catalog,6000,9000,3000,1500,3000,1500,6000,3000,50,inceptiontime,bandpass,GW-LMC ET BBH Any_Detected_SNR8,4388,ET three-arm network-SNR A90 approximation,100.0,20.0,27.413530636754054,"[0.25, 0.5, 1.0, 2.0, 4.0]","liao_time_lr,observed_sky_log_overlap",0.6321666666666667,0.7931666666666667,0.8411666666666666,,3000,0.30866666666666664,0.5646666666666667,0.666,0.887,0.9663333333333334,1.0,4.0,90,0.958,450,1.0,900,1.0,,0.25,,4.0
ET3,noisy,stage7_modality_combinations,liao_time_lr_plus_observed_sky_log_overlap,PM,fresh50_mixed_SIS_PM_unlensed_full_catalog,full_catalog,6000,9000,3000,1500,3000,1500,6000,3000,50,inceptiontime,bandpass,GW-LMC ET BBH Any_Detected_SNR8,4388,ET three-arm network-SNR A90 approximation,100.0,20.0,27.413530636754054,"[0.25, 0.5, 1.0, 2.0, 4.0]","liao_time_lr,observed_sky_log_overlap",0.6321666666666667,0.7931666666666667,0.8411666666666666,,3000,0.956,1.0,1.0,1.0,1.0,1.0,1.0,90,1.0,450,1.0,900,1.0,,0.25,,4.0
ET3,noisy,stage7_modality_combinations,liao_time_lr_plus_observed_sky_log_overlap,macro,fresh50_mixed_SIS_PM_unlensed_full_catalog,full_catalog,6000,9000,3000,1500,3000,1500,6000,3000,50,inceptiontime,bandpass,GW-LMC ET BBH Any_Detected_SNR8,4388,ET three-arm network-SNR A90 approximation,100.0,20.0,27.413530636754054,"[0.25, 0.5, 1.0, 2.0, 4.0]","liao_time_lr,observed_sky_log_overlap",0.6321666666666667,0.7931666666666667,0.8411666666666666,,6000,0.6323333333333333,0.7823333333333333,0.833,0.9435,0.9831666666666667,1.0,2.5,90,0.979,450,1.0,900,1.0,,0.25,,4.0
ET3,noisy,stage7_modality_combinations,waveform_plus_raw_time_plus_observed_sky_step,overall,fresh50_mixed_SIS_PM_unlensed_full_catalog,full_catalog,6000,9000,3000,1500,3000,1500,6000,3000,50,inceptiontime,bandpass,GW-LMC ET BBH Any_Detected_SNR8,4388,ET three-arm network-SNR A90 approximation,100.0,20.0,27.413530636754054,"[0.25, 0.5, 1.0, 2.0, 4.0]","waveform,raw_time,observed_sky_step",0.9811666666666666,0.9981666666666666,0.9993333333333333,1.0,6000,0.9791666666666666,0.998,0.9991666666666666,0.9996666666666667,0.9996666666666667,1.0,1.0,90,0.9996666666666667,450,1.0,900,1.0,1.0,,0.25,
ET3,noisy,stage7_modality_combinations,waveform_plus_raw_time_plus_observed_sky_step,SIS,fresh50_mixed_SIS_PM_unlensed_full_catalog,full_catalog,6000,9000,3000,1500,3000,1500,6000,3000,50,inceptiontime,bandpass,GW-LMC ET BBH Any_Detected_SNR8,4388,ET three-arm network-SNR A90 approximation,100.0,20.0,27.413530636754054,"[0.25, 0.5, 1.0, 2.0, 4.0]","waveform,raw_time,observed_sky_step",0.9811666666666666,0.9981666666666666,0.9993333333333333,1.0,3000,0.9643333333333334,0.9963333333333333,0.9983333333333333,0.9993333333333333,0.9993333333333333,1.0,1.0,90,0.9993333333333333,450,1.0,900,1.0,1.0,,0.25,
ET3,noisy,stage7_modality_combinations,waveform_plus_raw_time_plus_observed_sky_step,PM,fresh50_mixed_SIS_PM_unlensed_full_catalog,full_catalog,6000,9000,3000,1500,3000,1500,6000,3000,50,inceptiontime,bandpass,GW-LMC ET BBH Any_Detected_SNR8,4388,ET three-arm network-SNR A90 approximation,100.0,20.0,27.413530636754054,"[0.25, 0.5, 1.0, 2.0, 4.0]","waveform,raw_time,observed_sky_step",0.9811666666666666,0.9981666666666666,0.9993333333333333,1.0,3000,0.994,0.9996666666666667,1.0,1.0,1.0,1.0,1.0,90,1.0,450,1.0,900,1.0,1.0,,0.25,
ET3,noisy,stage7_modality_combinations,waveform_plus_raw_time_plus_observed_sky_step,macro,fresh50_mixed_SIS_PM_unlensed_full_catalog,full_catalog,6000,9000,3000,1500,3000,1500,6000,3000,50,inceptiontime,bandpass,GW-LMC ET BBH Any_Detected_SNR8,4388,ET three-arm network-SNR A90 approximation,100.0,20.0,27.413530636754054,"[0.25, 0.5, 1.0, 2.0, 4.0]","waveform,raw_time,observed_sky_step",0.9811666666666666,0.9981666666666666,0.9993333333333333,1.0,6000,0.9791666666666667,0.998,0.9991666666666666,0.9996666666666667,0.9996666666666667,1.0,1.0,90,0.9996666666666667,450,1.0,900,1.0,1.0,,0.25,
ET3,noisy,stage7_modality_combinations,waveform_plus_raw_time_plus_observed_sky_log_overlap,overall,fresh50_mixed_SIS_PM_unlensed_full_catalog,full_catalog,6000,9000,3000,1500,3000,1500,6000,3000,50,inceptiontime,bandpass,GW-LMC ET BBH Any_Detected_SNR8,4388,ET three-arm network-SNR A90 approximation,100.0,20.0,27.413530636754054,"[0.25, 0.5, 1.0, 2.0, 4.0]","waveform,raw_time,observed_sky_log_overlap",0.9578333333333333,0.9861666666666666,0.9911666666666666,1.0,6000,0.9586666666666667,0.9873333333333333,0.9931666666666666,0.9976666666666667,0.9983333333333333,0.9996666666666667,1.0,90,0.9983333333333333,450,0.9996666666666667,900,1.0,0.5,,,4.0
ET3,noisy,stage7_modality_combinations,waveform_plus_raw_time_plus_observed_sky_log_overlap,SIS,fresh50_mixed_SIS_PM_unlensed_full_catalog,full_catalog,6000,9000,3000,1500,3000,1500,6000,3000,50,inceptiontime,bandpass,GW-LMC ET BBH Any_Detected_SNR8,4388,ET three-arm network-SNR A90 approximation,100.0,20.0,27.413530636754054,"[0.25, 0.5, 1.0, 2.0, 4.0]","waveform,raw_time,observed_sky_log_overlap",0.9578333333333333,0.9861666666666666,0.9911666666666666,1.0,3000,0.9436666666666667,0.9836666666666667,0.991,0.996,0.9966666666666667,0.9993333333333333,1.0,90,0.9966666666666667,450,0.9993333333333333,900,1.0,0.5,,,4.0
ET3,noisy,stage7_modality_combinations,waveform_plus_raw_time_plus_observed_sky_log_overlap,PM,fresh50_mixed_SIS_PM_unlensed_full_catalog,full_catalog,6000,9000,3000,1500,3000,1500,6000,3000,50,inceptiontime,bandpass,GW-LMC ET BBH Any_Detected_SNR8,4388,ET three-arm network-SNR A90 approximation,100.0,20.0,27.413530636754054,"[0.25, 0.5, 1.0, 2.0, 4.0]","waveform,raw_time,observed_sky_log_overlap",0.9578333333333333,0.9861666666666666,0.9911666666666666,1.0,3000,0.9736666666666667,0.991,0.9953333333333333,0.9993333333333333,1.0,1.0,1.0,90,1.0,450,1.0,900,1.0,0.5,,,4.0
ET3,noisy,stage7_modality_combinations,waveform_plus_raw_time_plus_observed_sky_log_overlap,macro,fresh50_mixed_SIS_PM_unlensed_full_catalog,full_catalog,6000,9000,3000,1500,3000,1500,6000,3000,50,inceptiontime,bandpass,GW-LMC ET BBH Any_Detected_SNR8,4388,ET three-arm network-SNR A90 approximation,100.0,20.0,27.413530636754054,"[0.25, 0.5, 1.0, 2.0, 4.0]","waveform,raw_time,observed_sky_log_overlap",0.9578333333333333,0.9861666666666666,0.9911666666666666,1.0,6000,0.9586666666666667,0.9873333333333334,0.9931666666666666,0.9976666666666667,0.9983333333333333,0.9996666666666667,1.0,90,0.9983333333333333,450,0.9996666666666667,900,1.0,0.5,,,4.0
ET3,noisy,stage7_modality_combinations,waveform_plus_liao_time_lr_plus_observed_sky_step,overall,fresh50_mixed_SIS_PM_unlensed_full_catalog,full_catalog,6000,9000,3000,1500,3000,1500,6000,3000,50,inceptiontime,bandpass,GW-LMC ET BBH Any_Detected_SNR8,4388,ET three-arm network-SNR A90 approximation,100.0,20.0,27.413530636754054,"[0.25, 0.5, 1.0, 2.0, 4.0]","waveform,liao_time_lr,observed_sky_step",0.9771666666666666,0.9971666666666666,0.999,1.0,6000,0.9756666666666667,0.9983333333333333,0.999,0.9995,0.9995,1.0,1.0,90,0.9995,450,1.0,900,1.0,,1.0,0.25,
ET3,noisy,stage7_modality_combinations,waveform_plus_liao_time_lr_plus_observed_sky_step,SIS,fresh50_mixed_SIS_PM_unlensed_full_catalog,full_catalog,6000,9000,3000,1500,3000,1500,6000,3000,50,inceptiontime,bandpass,GW-LMC ET BBH Any_Detected_SNR8,4388,ET three-arm network-SNR A90 approximation,100.0,20.0,27.413530636754054,"[0.25, 0.5, 1.0, 2.0, 4.0]","waveform,liao_time_lr,observed_sky_step",0.9771666666666666,0.9971666666666666,0.999,1.0,3000,0.965,0.998,0.9986666666666667,0.999,0.999,1.0,1.0,90,0.999,450,1.0,900,1.0,,1.0,0.25,
ET3,noisy,stage7_modality_combinations,waveform_plus_liao_time_lr_plus_observed_sky_step,PM,fresh50_mixed_SIS_PM_unlensed_full_catalog,full_catalog,6000,9000,3000,1500,3000,1500,6000,3000,50,inceptiontime,bandpass,GW-LMC ET BBH Any_Detected_SNR8,4388,ET three-arm network-SNR A90 approximation,100.0,20.0,27.413530636754054,"[0.25, 0.5, 1.0, 2.0, 4.0]","waveform,liao_time_lr,observed_sky_step",0.9771666666666666,0.9971666666666666,0.999,1.0,3000,0.9863333333333333,0.9986666666666667,0.9993333333333333,1.0,1.0,1.0,1.0,90,1.0,450,1.0,900,1.0,,1.0,0.25,
ET3,noisy,stage7_modality_combinations,waveform_plus_liao_time_lr_plus_observed_sky_step,macro,fresh50_mixed_SIS_PM_unlensed_full_catalog,full_catalog,6000,9000,3000,1500,3000,1500,6000,3000,50,inceptiontime,bandpass,GW-LMC ET BBH Any_Detected_SNR8,4388,ET three-arm network-SNR A90 approximation,100.0,20.0,27.413530636754054,"[0.25, 0.5, 1.0, 2.0, 4.0]","waveform,liao_time_lr,observed_sky_step",0.9771666666666666,0.9971666666666666,0.999,1.0,6000,0.9756666666666667,0.9983333333333333,0.999,0.9995,0.9995,1.0,1.0,90,0.9995,450,1.0,900,1.0,,1.0,0.25,
ET3,noisy,stage7_modality_combinations,waveform_plus_liao_time_lr_plus_observed_sky_log_overlap,overall,fresh50_mixed_SIS_PM_unlensed_full_catalog,full_catalog,6000,9000,3000,1500,3000,1500,6000,3000,50,inceptiontime,bandpass,GW-LMC ET BBH Any_Detected_SNR8,4388,ET three-arm network-SNR A90 approximation,100.0,20.0,27.413530636754054,"[0.25, 0.5, 1.0, 2.0, 4.0]","waveform,liao_time_lr,observed_sky_log_overlap",0.945,0.9861666666666666,0.9915,1.0,6000,0.9445,0.9863333333333333,0.992,0.998,0.9988333333333334,1.0,1.0,90,0.9983333333333333,450,1.0,900,1.0,,1.0,,4.0
ET3,noisy,stage7_modality_combinations,waveform_plus_liao_time_lr_plus_observed_sky_log_overlap,SIS,fresh50_mixed_SIS_PM_unlensed_full_catalog,full_catalog,6000,9000,3000,1500,3000,1500,6000,3000,50,inceptiontime,bandpass,GW-LMC ET BBH Any_Detected_SNR8,4388,ET three-arm network-SNR A90 approximation,100.0,20.0,27.413530636754054,"[0.25, 0.5, 1.0, 2.0, 4.0]","waveform,liao_time_lr,observed_sky_log_overlap",0.945,0.9861666666666666,0.9915,1.0,3000,0.9086666666666666,0.9763333333333334,0.9853333333333333,0.996,0.9976666666666667,1.0,1.0,90,0.9966666666666667,450,1.0,900,1.0,,1.0,,4.0
ET3,noisy,stage7_modality_combinations,waveform_plus_liao_time_lr_plus_observed_sky_log_overlap,PM,fresh50_mixed_SIS_PM_unlensed_full_catalog,full_catalog,6000,9000,3000,1500,3000,1500,6000,3000,50,inceptiontime,bandpass,GW-LMC ET BBH Any_Detected_SNR8,4388,ET three-arm network-SNR A90 approximation,100.0,20.0,27.413530636754054,"[0.25, 0.5, 1.0, 2.0, 4.0]","waveform,liao_time_lr,observed_sky_log_overlap",0.945,0.9861666666666666,0.9915,1.0,3000,0.9803333333333333,0.9963333333333333,0.9986666666666667,1.0,1.0,1.0,1.0,90,1.0,450,1.0,900,1.0,,1.0,,4.0
ET3,noisy,stage7_modality_combinations,waveform_plus_liao_time_lr_plus_observed_sky_log_overlap,macro,fresh50_mixed_SIS_PM_unlensed_full_catalog,full_catalog,6000,9000,3000,1500,3000,1500,6000,3000,50,inceptiontime,bandpass,GW-LMC ET BBH Any_Detected_SNR8,4388,ET three-arm network-SNR A90 approximation,100.0,20.0,27.413530636754054,"[0.25, 0.5, 1.0, 2.0, 4.0]","waveform,liao_time_lr,observed_sky_log_overlap",0.945,0.9861666666666666,0.9915,1.0,6000,0.9444999999999999,0.9863333333333333,0.992,0.998,0.9988333333333334,1.0,1.0,90,0.9983333333333333,450,1.0,900,1.0,,1.0,,4.0
