waveform,time,sky,macro_r_at_1,macro_r_at_5,macro_r_at_10,macro_median_rank,pm_r_at_1,pm_r_at_5,pm_r_at_10,pm_median_rank,sis_r_at_1,sis_r_at_5,sis_r_at_10,sis_median_rank
1.0,0.25,4.0,0.6499999999999999,0.9111111111111111,0.9833333333333334,1.0,0.6944444444444444,0.9333333333333333,0.9777777777777777,1.0,0.6055555555555555,0.8888888888888888,0.9888888888888889,1.0
2.0,0.25,4.0,0.725,0.9333333333333333,0.9638888888888888,1.0,0.7833333333333333,0.9611111111111111,0.9833333333333333,1.0,0.6666666666666666,0.9055555555555556,0.9444444444444444,1.0
4.0,0.25,4.0,0.7777777777777778,0.9388888888888889,0.961111111111111,1.0,0.8388888888888889,0.9611111111111111,0.9833333333333333,1.0,0.7166666666666667,0.9166666666666666,0.9388888888888889,1.0
2.0,0.5,4.0,0.6027777777777777,0.8666666666666667,0.961111111111111,1.0,0.6611111111111111,0.9055555555555556,0.9777777777777777,1.0,0.5444444444444444,0.8277777777777777,0.9444444444444444,1.0
1.0,0.25,2.0,0.6027777777777777,0.8666666666666667,0.961111111111111,1.0,0.6611111111111111,0.9055555555555556,0.9777777777777777,1.0,0.5444444444444444,0.8277777777777777,0.9444444444444444,1.0
4.0,0.5,4.0,0.6916666666666667,0.9027777777777777,0.9583333333333333,1.0,0.7611111111111111,0.95,0.9833333333333333,1.0,0.6222222222222222,0.8555555555555555,0.9333333333333333,1.0
2.0,0.25,2.0,0.6916666666666667,0.9027777777777777,0.9583333333333333,1.0,0.7611111111111111,0.95,0.9833333333333333,1.0,0.6222222222222222,0.8555555555555555,0.9333333333333333,1.0
4.0,0.25,2.0,0.75,0.9111111111111111,0.9555555555555555,1.0,0.8222222222222222,0.95,0.9777777777777777,1.0,0.6777777777777778,0.8722222222222222,0.9333333333333333,1.0
0.5,0.25,4.0,0.5472222222222223,0.8611111111111112,0.9555555555555555,1.0,0.5388888888888889,0.8444444444444444,0.9611111111111111,1.0,0.5555555555555556,0.8777777777777778,0.95,1.0
4.0,0.5,2.0,0.6444444444444444,0.8555555555555556,0.9416666666666667,1.0,0.7111111111111111,0.9055555555555556,0.9722222222222222,1.0,0.5777777777777777,0.8055555555555556,0.9111111111111111,1.0
2.0,0.25,1.0,0.6444444444444444,0.8555555555555556,0.9416666666666667,1.0,0.7111111111111111,0.9055555555555556,0.9722222222222222,1.0,0.5777777777777777,0.8055555555555556,0.9111111111111111,1.0
4.0,0.25,1.0,0.6805555555555556,0.8944444444444445,0.9361111111111111,1.0,0.7722222222222223,0.9277777777777778,0.9666666666666667,1.0,0.5888888888888889,0.8611111111111112,0.9055555555555556,1.0
4.0,0.25,0.5,0.625,0.8694444444444445,0.9222222222222223,1.0,0.7277777777777777,0.9166666666666666,0.9611111111111111,1.0,0.5222222222222223,0.8222222222222222,0.8833333333333333,1.0
1.0,0.5,4.0,0.5138888888888888,0.7944444444444445,0.9222222222222223,1.0,0.5055555555555555,0.8055555555555556,0.9111111111111111,1.0,0.5222222222222223,0.7833333333333333,0.9333333333333333,1.0
0.5,0.25,2.0,0.5138888888888888,0.7944444444444445,0.9222222222222223,1.0,0.5055555555555555,0.8055555555555556,0.9111111111111111,1.0,0.5222222222222223,0.7833333333333333,0.9333333333333333,1.0
4.0,0.5,1.0,0.5833333333333334,0.8,0.9166666666666666,1.0,0.6444444444444445,0.85,0.95,1.0,0.5222222222222223,0.75,0.8833333333333333,1.0
2.0,0.25,0.5,0.5833333333333334,0.8,0.9166666666666666,1.0,0.6444444444444445,0.85,0.95,1.0,0.5222222222222223,0.75,0.8833333333333333,1.0
4.0,0.25,0.25,0.5833333333333334,0.8166666666666667,0.9111111111111112,1.5,0.6777777777777778,0.8722222222222222,0.9555555555555556,1.0,0.4888888888888889,0.7611111111111111,0.8666666666666667,2.0
4.0,1.0,4.0,0.5666666666666667,0.7944444444444445,0.9027777777777778,1.0,0.6111111111111112,0.8388888888888889,0.9277777777777778,1.0,0.5222222222222223,0.75,0.8777777777777778,1.0
2.0,0.5,2.0,0.5666666666666667,0.7944444444444445,0.9027777777777778,1.0,0.6111111111111112,0.8388888888888889,0.9277777777777778,1.0,0.5222222222222223,0.75,0.8777777777777778,1.0
1.0,0.25,1.0,0.5666666666666667,0.7944444444444445,0.9027777777777778,1.0,0.6111111111111112,0.8388888888888889,0.9277777777777778,1.0,0.5222222222222223,0.75,0.8777777777777778,1.0
0.25,0.25,4.0,0.43333333333333335,0.8,0.8972222222222221,2.0,0.4111111111111111,0.7722222222222223,0.8888888888888888,2.0,0.45555555555555555,0.8277777777777777,0.9055555555555556,2.0
4.0,1.0,2.0,0.5277777777777778,0.7416666666666667,0.8638888888888889,1.5,0.5777777777777777,0.7833333333333333,0.9,1.0,0.4777777777777778,0.7,0.8277777777777777,2.0
2.0,0.5,1.0,0.5277777777777778,0.7416666666666667,0.8638888888888889,1.5,0.5777777777777777,0.7833333333333333,0.9,1.0,0.4777777777777778,0.7,0.8277777777777777,2.0
1.0,0.25,0.5,0.5277777777777778,0.7416666666666667,0.8638888888888889,1.5,0.5777777777777777,0.7833333333333333,0.9,1.0,0.4777777777777778,0.7,0.8277777777777777,2.0
4.0,0.5,0.5,0.55,0.7666666666666666,0.8611111111111112,1.5,0.6055555555555555,0.8166666666666667,0.9111111111111111,1.0,0.49444444444444446,0.7166666666666667,0.8111111111111111,2.0
2.0,0.25,0.25,0.55,0.7666666666666666,0.8611111111111112,1.5,0.6055555555555555,0.8166666666666667,0.9111111111111111,1.0,0.49444444444444446,0.7166666666666667,0.8111111111111111,2.0
2.0,1.0,4.0,0.46111111111111114,0.7361111111111112,0.8611111111111112,2.0,0.45555555555555555,0.7388888888888889,0.8611111111111112,2.0,0.4666666666666667,0.7333333333333333,0.8611111111111112,2.0
1.0,0.5,2.0,0.46111111111111114,0.7361111111111112,0.8611111111111112,2.0,0.45555555555555555,0.7388888888888889,0.8611111111111112,2.0,0.4666666666666667,0.7333333333333333,0.8611111111111112,2.0
0.5,0.25,1.0,0.46111111111111114,0.7361111111111112,0.8611111111111112,2.0,0.45555555555555555,0.7388888888888889,0.8611111111111112,2.0,0.4666666666666667,0.7333333333333333,0.8611111111111112,2.0
0.5,0.5,4.0,0.4083333333333333,0.7111111111111111,0.8527777777777779,2.0,0.4111111111111111,0.7055555555555556,0.8388888888888889,2.0,0.40555555555555556,0.7166666666666667,0.8666666666666667,2.0
0.25,0.25,2.0,0.4083333333333333,0.7111111111111111,0.8527777777777779,2.0,0.4111111111111111,0.7055555555555556,0.8388888888888889,2.0,0.40555555555555556,0.7166666666666667,0.8666666666666667,2.0
4.0,0.5,0.25,0.5083333333333333,0.7416666666666667,0.8333333333333334,1.5,0.5777777777777777,0.7888888888888889,0.8944444444444445,1.0,0.4388888888888889,0.6944444444444444,0.7722222222222223,2.0
4.0,1.0,1.0,0.475,0.6916666666666667,0.8111111111111111,1.75,0.5,0.7277777777777777,0.85,1.5,0.45,0.6555555555555556,0.7722222222222223,2.0
2.0,0.5,0.5,0.475,0.6916666666666667,0.8111111111111111,1.75,0.5,0.7277777777777777,0.85,1.5,0.45,0.6555555555555556,0.7722222222222223,2.0
1.0,0.25,0.25,0.475,0.6916666666666667,0.8111111111111111,1.75,0.5,0.7277777777777777,0.85,1.5,0.45,0.6555555555555556,0.7722222222222223,2.0
4.0,2.0,4.0,0.41388888888888886,0.6944444444444444,0.7888888888888889,2.5,0.39444444444444443,0.7,0.7944444444444444,2.0,0.43333333333333335,0.6888888888888889,0.7833333333333333,3.0
2.0,1.0,2.0,0.41388888888888886,0.6944444444444444,0.7888888888888889,2.5,0.39444444444444443,0.7,0.7944444444444444,2.0,0.43333333333333335,0.6888888888888889,0.7833333333333333,3.0
1.0,0.5,1.0,0.41388888888888886,0.6944444444444444,0.7888888888888889,2.5,0.39444444444444443,0.7,0.7944444444444444,2.0,0.43333333333333335,0.6888888888888889,0.7833333333333333,3.0
0.5,0.25,0.5,0.41388888888888886,0.6944444444444444,0.7888888888888889,2.5,0.39444444444444443,0.7,0.7944444444444444,2.0,0.43333333333333335,0.6888888888888889,0.7833333333333333,3.0
4.0,1.0,0.5,0.44166666666666665,0.6583333333333333,0.7694444444444444,2.5,0.46111111111111114,0.6944444444444444,0.8111111111111111,2.0,0.4222222222222222,0.6222222222222222,0.7277777777777777,3.0
2.0,0.5,0.25,0.44166666666666665,0.6583333333333333,0.7694444444444444,2.5,0.46111111111111114,0.6944444444444444,0.8111111111111111,2.0,0.4222222222222222,0.6222222222222222,0.7277777777777777,3.0
1.0,1.0,4.0,0.36944444444444446,0.6611111111111111,0.7611111111111111,3.0,0.38333333333333336,0.6333333333333333,0.7388888888888889,3.0,0.35555555555555557,0.6888888888888889,0.7833333333333333,3.0
0.5,0.5,2.0,0.36944444444444446,0.6611111111111111,0.7611111111111111,3.0,0.38333333333333336,0.6333333333333333,0.7388888888888889,3.0,0.35555555555555557,0.6888888888888889,0.7833333333333333,3.0
0.25,0.25,1.0,0.36944444444444446,0.6611111111111111,0.7611111111111111,3.0,0.38333333333333336,0.6333333333333333,0.7388888888888889,3.0,0.35555555555555557,0.6888888888888889,0.7833333333333333,3.0
0.25,0.5,4.0,0.325,0.6194444444444445,0.75,3.25,0.3388888888888889,0.5888888888888889,0.7277777777777777,3.5,0.3111111111111111,0.65,0.7722222222222223,3.0
4.0,2.0,2.0,0.36388888888888893,0.6194444444444445,0.7416666666666667,3.0,0.34444444444444444,0.6333333333333333,0.75,3.0,0.38333333333333336,0.6055555555555555,0.7333333333333333,3.0
2.0,1.0,1.0,0.36388888888888893,0.6194444444444445,0.7416666666666667,3.0,0.34444444444444444,0.6333333333333333,0.75,3.0,0.38333333333333336,0.6055555555555555,0.7333333333333333,3.0
1.0,0.5,0.5,0.36388888888888893,0.6194444444444445,0.7416666666666667,3.0,0.34444444444444444,0.6333333333333333,0.75,3.0,0.38333333333333336,0.6055555555555555,0.7333333333333333,3.0
0.5,0.25,0.25,0.36388888888888893,0.6194444444444445,0.7416666666666667,3.0,0.34444444444444444,0.6333333333333333,0.75,3.0,0.38333333333333336,0.6055555555555555,0.7333333333333333,3.0
4.0,1.0,0.25,0.4111111111111111,0.6444444444444444,0.7222222222222222,2.5,0.4222222222222222,0.6888888888888889,0.75,2.0,0.4,0.6,0.6944444444444444,3.0
2.0,2.0,4.0,0.30833333333333335,0.6000000000000001,0.711111111111111,3.5,0.3,0.5888888888888889,0.6944444444444444,3.5,0.31666666666666665,0.6111111111111112,0.7277777777777777,3.5
1.0,1.0,2.0,0.30833333333333335,0.6000000000000001,0.711111111111111,3.5,0.3,0.5888888888888889,0.6944444444444444,3.5,0.31666666666666665,0.6111111111111112,0.7277777777777777,3.5
0.5,0.5,1.0,0.30833333333333335,0.6000000000000001,0.711111111111111,3.5,0.3,0.5888888888888889,0.6944444444444444,3.5,0.31666666666666665,0.6111111111111112,0.7277777777777777,3.5
0.25,0.25,0.5,0.30833333333333335,0.6000000000000001,0.711111111111111,3.5,0.3,0.5888888888888889,0.6944444444444444,3.5,0.31666666666666665,0.6111111111111112,0.7277777777777777,3.5
4.0,2.0,1.0,0.30833333333333335,0.5916666666666667,0.7027777777777777,3.25,0.29444444444444445,0.6111111111111112,0.7055555555555556,3.0,0.32222222222222224,0.5722222222222222,0.7,3.5
2.0,1.0,0.5,0.30833333333333335,0.5916666666666667,0.7027777777777777,3.25,0.29444444444444445,0.6111111111111112,0.7055555555555556,3.0,0.32222222222222224,0.5722222222222222,0.7,3.5
1.0,0.5,0.25,0.30833333333333335,0.5916666666666667,0.7027777777777777,3.25,0.29444444444444445,0.6111111111111112,0.7055555555555556,3.0,0.32222222222222224,0.5722222222222222,0.7,3.5
0.5,1.0,4.0,0.2638888888888889,0.5527777777777778,0.6777777777777778,4.0,0.26666666666666666,0.5333333333333333,0.6611111111111111,4.0,0.2611111111111111,0.5722222222222222,0.6944444444444444,4.0
0.25,0.5,2.0,0.2638888888888889,0.5527777777777778,0.6777777777777778,4.0,0.26666666666666666,0.5333333333333333,0.6611111111111111,4.0,0.2611111111111111,0.5722222222222222,0.6944444444444444,4.0
4.0,2.0,0.5,0.28888888888888886,0.5555555555555556,0.6666666666666667,4.25,0.2722222222222222,0.5722222222222222,0.6888888888888889,4.0,0.3055555555555556,0.5388888888888889,0.6444444444444445,4.5
2.0,1.0,0.25,0.28888888888888886,0.5555555555555556,0.6666666666666667,4.25,0.2722222222222222,0.5722222222222222,0.6888888888888889,4.0,0.3055555555555556,0.5388888888888889,0.6444444444444445,4.5
4.0,4.0,4.0,0.25,0.5361111111111111,0.6555555555555556,4.5,0.2388888888888889,0.5444444444444444,0.6388888888888888,5.0,0.2611111111111111,0.5277777777777778,0.6722222222222223,4.0
2.0,2.0,2.0,0.25,0.5361111111111111,0.6555555555555556,4.5,0.2388888888888889,0.5444444444444444,0.6388888888888888,5.0,0.2611111111111111,0.5277777777777778,0.6722222222222223,4.0
1.0,1.0,1.0,0.25,0.5361111111111111,0.6555555555555556,4.5,0.2388888888888889,0.5444444444444444,0.6388888888888888,5.0,0.2611111111111111,0.5277777777777778,0.6722222222222223,4.0
0.5,0.5,0.5,0.25,0.5361111111111111,0.6555555555555556,4.5,0.2388888888888889,0.5444444444444444,0.6388888888888888,5.0,0.2611111111111111,0.5277777777777778,0.6722222222222223,4.0
0.25,0.25,0.25,0.25,0.5361111111111111,0.6555555555555556,4.5,0.2388888888888889,0.5444444444444444,0.6388888888888888,5.0,0.2611111111111111,0.5277777777777778,0.6722222222222223,4.0
4.0,2.0,0.25,0.26944444444444443,0.5416666666666667,0.6444444444444444,4.25,0.2388888888888889,0.5555555555555556,0.6555555555555556,4.0,0.3,0.5277777777777778,0.6333333333333333,4.5
0.25,1.0,4.0,0.2222222222222222,0.4722222222222222,0.6222222222222222,6.0,0.23333333333333334,0.46111111111111114,0.6111111111111112,6.0,0.2111111111111111,0.48333333333333334,0.6333333333333333,6.0
1.0,2.0,4.0,0.2222222222222222,0.4722222222222222,0.6166666666666667,6.0,0.2222222222222222,0.4777777777777778,0.5944444444444444,6.0,0.2222222222222222,0.4666666666666667,0.6388888888888888,6.0
0.5,1.0,2.0,0.2222222222222222,0.4722222222222222,0.6166666666666667,6.0,0.2222222222222222,0.4777777777777778,0.5944444444444444,6.0,0.2222222222222222,0.4666666666666667,0.6388888888888888,6.0
0.25,0.5,1.0,0.2222222222222222,0.4722222222222222,0.6166666666666667,6.0,0.2222222222222222,0.4777777777777778,0.5944444444444444,6.0,0.2222222222222222,0.4666666666666667,0.6388888888888888,6.0
4.0,4.0,2.0,0.2111111111111111,0.475,0.6,6.5,0.2111111111111111,0.45555555555555555,0.5944444444444444,7.0,0.2111111111111111,0.49444444444444446,0.6055555555555555,6.0
2.0,2.0,1.0,0.2111111111111111,0.475,0.6,6.5,0.2111111111111111,0.45555555555555555,0.5944444444444444,7.0,0.2111111111111111,0.49444444444444446,0.6055555555555555,6.0
1.0,1.0,0.5,0.2111111111111111,0.475,0.6,6.5,0.2111111111111111,0.45555555555555555,0.5944444444444444,7.0,0.2111111111111111,0.49444444444444446,0.6055555555555555,6.0
0.5,0.5,0.25,0.2111111111111111,0.475,0.6,6.5,0.2111111111111111,0.45555555555555555,0.5944444444444444,7.0,0.2111111111111111,0.49444444444444446,0.6055555555555555,6.0
4.0,4.0,1.0,0.18333333333333335,0.44999999999999996,0.5638888888888889,7.0,0.16111111111111112,0.42777777777777776,0.5611111111111111,7.0,0.20555555555555555,0.4722222222222222,0.5666666666666667,7.0
2.0,2.0,0.5,0.18333333333333335,0.44999999999999996,0.5638888888888889,7.0,0.16111111111111112,0.42777777777777776,0.5611111111111111,7.0,0.20555555555555555,0.4722222222222222,0.5666666666666667,7.0
1.0,1.0,0.25,0.18333333333333335,0.44999999999999996,0.5638888888888889,7.0,0.16111111111111112,0.42777777777777776,0.5611111111111111,7.0,0.20555555555555555,0.4722222222222222,0.5666666666666667,7.0
0.5,2.0,4.0,0.17222222222222222,0.39444444444444443,0.5638888888888889,9.0,0.16666666666666666,0.37777777777777777,0.5722222222222222,9.0,0.17777777777777778,0.4111111111111111,0.5555555555555556,9.0
0.25,1.0,2.0,0.17222222222222222,0.39444444444444443,0.5638888888888889,9.0,0.16666666666666666,0.37777777777777777,0.5722222222222222,9.0,0.17777777777777778,0.4111111111111111,0.5555555555555556,9.0
2.0,4.0,4.0,0.17222222222222222,0.40555555555555556,0.5611111111111111,8.0,0.16666666666666666,0.4,0.5666666666666667,8.0,0.17777777777777778,0.4111111111111111,0.5555555555555556,8.0
1.0,2.0,2.0,0.17222222222222222,0.40555555555555556,0.5611111111111111,8.0,0.16666666666666666,0.4,0.5666666666666667,8.0,0.17777777777777778,0.4111111111111111,0.5555555555555556,8.0
0.5,1.0,1.0,0.17222222222222222,0.40555555555555556,0.5611111111111111,8.0,0.16666666666666666,0.4,0.5666666666666667,8.0,0.17777777777777778,0.4111111111111111,0.5555555555555556,8.0
0.25,0.5,0.5,0.17222222222222222,0.40555555555555556,0.5611111111111111,8.0,0.16666666666666666,0.4,0.5666666666666667,8.0,0.17777777777777778,0.4111111111111111,0.5555555555555556,8.0
4.0,4.0,0.5,0.17777777777777778,0.4277777777777778,0.5527777777777778,8.0,0.15555555555555556,0.40555555555555556,0.5555555555555556,8.0,0.2,0.45,0.55,8.0
2.0,2.0,0.25,0.17777777777777778,0.4277777777777778,0.5527777777777778,8.0,0.15555555555555556,0.40555555555555556,0.5555555555555556,8.0,0.2,0.45,0.55,8.0
4.0,4.0,0.25,0.175,0.41666666666666663,0.5416666666666666,8.25,0.15,0.39444444444444443,0.5444444444444444,8.5,0.2,0.4388888888888889,0.5388888888888889,8.0
0.25,2.0,4.0,0.15833333333333333,0.35833333333333334,0.49444444444444446,10.5,0.16111111111111112,0.3611111111111111,0.4777777777777778,11.0,0.15555555555555556,0.35555555555555557,0.5111111111111111,10.0
2.0,4.0,2.0,0.14444444444444443,0.35833333333333334,0.4916666666666667,11.0,0.13333333333333333,0.35555555555555557,0.5,10.5,0.15555555555555556,0.3611111111111111,0.48333333333333334,11.5
1.0,2.0,1.0,0.14444444444444443,0.35833333333333334,0.4916666666666667,11.0,0.13333333333333333,0.35555555555555557,0.5,10.5,0.15555555555555556,0.3611111111111111,0.48333333333333334,11.5
0.5,1.0,0.5,0.14444444444444443,0.35833333333333334,0.4916666666666667,11.0,0.13333333333333333,0.35555555555555557,0.5,10.5,0.15555555555555556,0.3611111111111111,0.48333333333333334,11.5
0.25,0.5,0.25,0.14444444444444443,0.35833333333333334,0.4916666666666667,11.0,0.13333333333333333,0.35555555555555557,0.5,10.5,0.15555555555555556,0.3611111111111111,0.48333333333333334,11.5
1.0,4.0,4.0,0.14444444444444443,0.3388888888888889,0.46111111111111114,11.5,0.15555555555555556,0.34444444444444444,0.4444444444444444,12.0,0.13333333333333333,0.3333333333333333,0.4777777777777778,11.0
0.5,2.0,2.0,0.14444444444444443,0.3388888888888889,0.46111111111111114,11.5,0.15555555555555556,0.34444444444444444,0.4444444444444444,12.0,0.13333333333333333,0.3333333333333333,0.4777777777777778,11.0
0.25,1.0,1.0,0.14444444444444443,0.3388888888888889,0.46111111111111114,11.5,0.15555555555555556,0.34444444444444444,0.4444444444444444,12.0,0.13333333333333333,0.3333333333333333,0.4777777777777778,11.0
2.0,4.0,1.0,0.13055555555555554,0.3222222222222222,0.4555555555555556,12.5,0.11666666666666667,0.3111111111111111,0.45,12.0,0.14444444444444443,0.3333333333333333,0.46111111111111114,13.0
1.0,2.0,0.5,0.13055555555555554,0.3222222222222222,0.4555555555555556,12.5,0.11666666666666667,0.3111111111111111,0.45,12.0,0.14444444444444443,0.3333333333333333,0.46111111111111114,13.0
0.5,1.0,0.25,0.13055555555555554,0.3222222222222222,0.4555555555555556,12.5,0.11666666666666667,0.3111111111111111,0.45,12.0,0.14444444444444443,0.3333333333333333,0.46111111111111114,13.0
2.0,4.0,0.5,0.12777777777777777,0.3111111111111111,0.43333333333333335,14.25,0.11666666666666667,0.29444444444444445,0.4111111111111111,13.5,0.1388888888888889,0.3277777777777778,0.45555555555555555,15.0
1.0,2.0,0.25,0.12777777777777777,0.3111111111111111,0.43333333333333335,14.25,0.11666666666666667,0.29444444444444445,0.4111111111111111,13.5,0.1388888888888889,0.3277777777777778,0.45555555555555555,15.0
2.0,4.0,0.25,0.12777777777777777,0.3055555555555556,0.42500000000000004,14.5,0.11666666666666667,0.28888888888888886,0.4,14.0,0.1388888888888889,0.32222222222222224,0.45,15.0
0.5,4.0,4.0,0.13333333333333333,0.3,0.41388888888888886,15.5,0.1388888888888889,0.31666666666666665,0.40555555555555556,17.0,0.12777777777777777,0.2833333333333333,0.4222222222222222,14.0
0.25,2.0,2.0,0.13333333333333333,0.3,0.41388888888888886,15.5,0.1388888888888889,0.31666666666666665,0.40555555555555556,17.0,0.12777777777777777,0.2833333333333333,0.4222222222222222,14.0
1.0,4.0,2.0,0.12777777777777777,0.2972222222222222,0.41388888888888886,16.5,0.12777777777777777,0.3055555555555556,0.39444444444444443,16.0,0.12777777777777777,0.28888888888888886,0.43333333333333335,17.0
0.5,2.0,1.0,0.12777777777777777,0.2972222222222222,0.41388888888888886,16.5,0.12777777777777777,0.3055555555555556,0.39444444444444443,16.0,0.12777777777777777,0.28888888888888886,0.43333333333333335,17.0
0.25,1.0,0.5,0.12777777777777777,0.2972222222222222,0.41388888888888886,16.5,0.12777777777777777,0.3055555555555556,0.39444444444444443,16.0,0.12777777777777777,0.28888888888888886,0.43333333333333335,17.0
0.25,4.0,4.0,0.12777777777777777,0.2861111111111111,0.37777777777777777,18.25,0.13333333333333333,0.3055555555555556,0.38333333333333336,19.5,0.12222222222222222,0.26666666666666666,0.37222222222222223,17.0
1.0,4.0,1.0,0.11666666666666667,0.2777777777777778,0.37222222222222223,19.75,0.1111111111111111,0.2833333333333333,0.35555555555555557,20.0,0.12222222222222222,0.2722222222222222,0.3888888888888889,19.5
0.5,2.0,0.5,0.11666666666666667,0.2777777777777778,0.37222222222222223,19.75,0.1111111111111111,0.2833333333333333,0.35555555555555557,20.0,0.12222222222222222,0.2722222222222222,0.3888888888888889,19.5
0.25,1.0,0.25,0.11666666666666667,0.2777777777777778,0.37222222222222223,19.75,0.1111111111111111,0.2833333333333333,0.35555555555555557,20.0,0.12222222222222222,0.2722222222222222,0.3888888888888889,19.5
0.5,4.0,2.0,0.11388888888888889,0.2777777777777778,0.35833333333333334,20.5,0.11666666666666667,0.29444444444444445,0.35555555555555557,22.0,0.1111111111111111,0.2611111111111111,0.3611111111111111,19.0
0.25,2.0,1.0,0.11388888888888889,0.2777777777777778,0.35833333333333334,20.5,0.11666666666666667,0.29444444444444445,0.35555555555555557,22.0,0.1111111111111111,0.2611111111111111,0.3611111111111111,19.0
1.0,4.0,0.5,0.10833333333333334,0.2583333333333333,0.35555555555555557,22.5,0.1,0.2722222222222222,0.3388888888888889,22.5,0.11666666666666667,0.24444444444444444,0.37222222222222223,22.5
0.5,2.0,0.25,0.10833333333333334,0.2583333333333333,0.35555555555555557,22.5,0.1,0.2722222222222222,0.3388888888888889,22.5,0.11666666666666667,0.24444444444444444,0.37222222222222223,22.5
1.0,4.0,0.25,0.10833333333333334,0.25555555555555554,0.3388888888888889,24.5,0.1,0.26666666666666666,0.3333333333333333,25.0,0.11666666666666667,0.24444444444444444,0.34444444444444444,24.0
0.25,4.0,2.0,0.11388888888888889,0.2583333333333333,0.33611111111111114,23.75,0.1111111111111111,0.26666666666666666,0.34444444444444444,25.0,0.11666666666666667,0.25,0.3277777777777778,22.5
0.5,4.0,1.0,0.1,0.25555555555555554,0.3277777777777778,26.0,0.1,0.2611111111111111,0.3388888888888889,27.0,0.1,0.25,0.31666666666666665,25.0
0.25,2.0,0.5,0.1,0.25555555555555554,0.3277777777777778,26.0,0.1,0.2611111111111111,0.3388888888888889,27.0,0.1,0.25,0.31666666666666665,25.0
0.25,4.0,1.0,0.09722222222222222,0.2361111111111111,0.3194444444444444,30.5,0.09444444444444444,0.2388888888888889,0.3333333333333333,32.0,0.1,0.23333333333333334,0.3055555555555556,29.0
0.5,4.0,0.5,0.1,0.24166666666666667,0.31666666666666665,28.75,0.1,0.24444444444444444,0.32222222222222224,30.0,0.1,0.2388888888888889,0.3111111111111111,27.5
0.25,2.0,0.25,0.1,0.24166666666666667,0.31666666666666665,28.75,0.1,0.24444444444444444,0.32222222222222224,30.0,0.1,0.2388888888888889,0.3111111111111111,27.5
0.5,4.0,0.25,0.1,0.2361111111111111,0.3027777777777778,30.75,0.1,0.2388888888888889,0.3111111111111111,33.0,0.1,0.23333333333333334,0.29444444444444445,28.5
0.25,4.0,0.5,0.09444444444444444,0.2277777777777778,0.3027777777777778,34.5,0.09444444444444444,0.2388888888888889,0.3111111111111111,37.5,0.09444444444444444,0.21666666666666667,0.29444444444444445,31.5
0.25,4.0,0.25,0.09166666666666667,0.21944444444444444,0.3,35.5,0.08888888888888889,0.2222222222222222,0.3111111111111111,38.0,0.09444444444444444,0.21666666666666667,0.28888888888888886,33.0
