rank,event_i,event_j,final_score,waveform_score,time_score,healpix_sky_score,delta_t_days,healpix_overlap,waveform_available,full_waveform_scored,pair_has_ood,object_class_i,object_class_j,detector_coverage,snr_ratio,snr_score,empirical_catalog_tail_rank_fraction
1,GW230726_002940,GW230814_230901,9.519176,0.9999896585941315,0.14496483,-0.029082399,19.94400115740796,0.9713364243507385,True,True,False,BBH,BBH,"H1,L1 | H1,L1",4.095238095238095,0.49845973,0.00028686173264486515
2,GW231231_154016,GW240104_164932,7.1047654,0.9483487904071808,0.72371477,-0.06220284,4.048100694442788,0.9396922588348389,True,True,False,BBH,BBH,"H1,L1 | H1,L1",1.1044776119402986,-0.7520128,0.0005737234652897303
3,GW231223_202619,GW231231_154016,6.1307454,0.96054807305336,0.3064856,-0.3404764,7.80136226851907,0.7114313244819641,True,True,False,BBH,BBH,"H1,L1 | H1,L1",1.3267326732673268,-0.3299174,0.0008605851979345956
4,GW231223_202619,GW240104_164932,6.0378475,0.9984946846961975,0.5091429,-0.16190614,11.849462962961859,0.8505210280418396,True,True,False,BBH,BBH,"H1,L1 | H1,L1",1.4653465346534655,0.33563223,0.0011474469305794606
5,GW231118_090602,GW231119_075248,5.408998,0.9901091754436493,1.9103365,-1.3953378,0.9491446759248221,0.24774932861328125,True,True,False,BBH,BBH,"H1,L1 | H1,L1",1.325301204819277,-0.3299174,0.001434308663224326
6,GW230708_230935,GW230709_122727,5.3553863,0.9917560815811157,2.4822657,-1.8714507,0.5540706018524038,0.15390023589134216,True,True,False,BBH,BBH,"H1,L1 | H1,L1",1.02,-0.7915436,0.0017211703958691911
7,GW231230_170116,GW231231_154016,5.335379,0.6787752211093903,1.9103365,-0.8321526,0.9437465277783297,0.4351116418838501,True,True,False,BBH,BBH,"H1,L1 | H1,L1",1.6341463414634148,0.5960307,0.002008032128514056
8,GW230707_124047,GW230708_230935,5.1586304,0.9856936633586884,1.6632715,-1.1792246,1.4366689814820335,0.30751708149909973,True,True,False,BBH,BBH,"H1,L1 | H1,L1",1.19,-0.65255636,0.002294893861158921
9,GW230824_033047,GW230825_041334,5.085363,0.9873631596565247,1.7980692,-0.74167454,1.0297083333327814,0.4763156473636627,True,True,False,BBH,BBH,"H1,L1 | H1,L1",1.2613636363636362,-0.50567925,0.0025817555938037868
10,GW230930_110730,GW231001_140220,4.873453,0.923839807510376,1.7980692,-1.4076262,1.1214155092587073,0.24472352862358093,True,True,False,BBH,BBH,"H1,L1 | H1,L1",1.2777777777777777,-0.50567925,0.002868617326448652
11,GW231118_005626,GW231118_071402,4.7549367,0.9889440536499023,2.40114,-3.4993243,0.2622152777788816,0.030217794701457024,True,True,False,BBH,BBH,"H1,L1 | H1,L1",1.1630434782608696,-0.65255636,0.003155479059093517
12,GW231118_071402,GW231118_090602,4.745661,0.9641043245792389,2.3128474,-2.5731573,0.07777546296241107,0.07629428058862686,True,True,False,BBH,BBH,"H1,L1 | H1,L1",1.1956521739130437,-0.65255636,0.0034423407917383822
13,GW230601_224134,GW230712_090405,4.6646204,0.9351585507392883,-0.21233524,-4.601356,40.432312500002205,0.010038213804364204,True,True,False,BBH,BBH,"H1,L1 | H1,L1",1.4105263157894736,0.049324512,0.0037292025243832474
14,GW230819_171910,GW230820_212515,4.631006,0.9957586526870728,1.7980692,-4.2053094,1.1708981481470444,0.01491616852581501,True,True,False,BBH,BBH,"H1,L1 | H1,L1",1.064516129032258,-0.9062731,0.004016064257028112
15,GW231028_153006,GW231029_111508,4.6271524,,1.9103365,-2.1394591,0.8229456018518518,0.11771848797798157,False,False,False,BBH,BBH,"H1,L1 | L1",2.074074074074074,1.2251456,0.004302925989672977
16,GW230707_124047,GW230709_122727,4.604886,0.9759780168533325,1.3272586,-1.1756347,1.990739583334437,0.3086230158805847,True,True,False,BBH,BBH,"H1,L1 | H1,L1",1.1666666666666667,-0.65255636,0.004589787722317842
17,GW231113_122623,GW231114_043211,4.574501,0.9828832447528839,1.6017894,-1.1119137,0.6706863425920407,0.3289288878440857,True,True,False,BBH,BBH,"H1,L1 | H1,L1",1.1627906976744187,-0.65255636,0.004876649454962708
18,GW231223_075055,GW231223_202619,4.513837,0.828701376914978,2.4822657,-1.7537484,0.524579861111663,0.1731237769126892,True,True,False,BBH,BBH,"H1,L1 | H1,L1",1.0744680851063828,-0.9062731,0.0051635111876075735
19,GW231004_232346,GW231005_021030,4.4776917,0.8535242080688477,2.4559484,-1.7297342,0.11579513888944078,0.17733155190944672,True,True,False,BBH,BBH,"H1,L1 | H1,L1",1.1685393258426966,-0.65255636,0.005450372920252439
20,GW231223_032836,GW231224_024321,4.4562206,0.9757426381111145,1.9103365,-3.202365,0.9685868055566593,0.040665920823812485,True,True,False,BBH,BBH,"H1,L1 | H1,L1",1.3725490196078431,0.049324512,0.005737234652897304
21,GW230628_231200,GW230630_234532,4.4361796,0.9429226219654083,1.3272586,-0.8017991,2.023287037037037,0.44852128624916077,True,True,False,BBH,BBH,"H1,L1 | H1,L1",1.6565656565656564,0.75670844,0.006024096385542169
22,GW230814_061920,GW230814_230901,4.4158597,0.6091702282428741,1.6017894,-1.5405085,0.7011724537031518,0.2142721265554428,True,True,False,BBH,BBH,"H1,L1 | H1,L1",3.8392857142857144,0.32038963,0.006310958118187034
23,GW230608_205047,GW230609_064958,4.294514,0.9754575490951538,1.667491,-3.404499,0.41610069444334064,0.033223457634449005,True,True,False,BBH,BBH,"H1,L1 | H1,L1",1.0392156862745099,-0.7915436,0.006597819850831899
24,GW230627_015337,GW230628_231200,4.2744627,0.9803357124328613,1.3272586,-2.9744987,1.8877615740757299,0.05107303336262703,True,True,False,BBH,BBH,"H1,L1 | H1,L1",1.75,0.9463326,0.0068846815834767644
25,GW230628_231200,GW230630_125806,4.2447524,0.9980727732181549,1.6632715,-4.1499343,1.5736863425925927,0.01576545275747776,True,True,False,BBH,BBH,"H1,L1 | H1,L1",1.822222222222222,0.9804751,0.00717154331612163
26,GW230919_215712,GW230920_071124,4.21432,0.9139274060726166,1.667491,-3.121339,0.38486921296351484,0.04409807547926903,True,True,False,BBH,BBH,"H1,L1 | H1,L1",1.5135135135135136,0.21949525,0.007458405048766495
27,GW231223_075055,GW231224_024321,4.2084312,0.942524641752243,1.9103365,-2.9350317,0.7864201388894407,0.053129035979509354,True,True,False,BBH,BBH,"H1,L1 | H1,L1",1.4893617021276595,0.21949525,0.00774526678141136
28,GW230630_125806,GW230707_124047,4.1977906,0.9589120149612427,0.60855174,-0.15947676,6.987967592590937,0.8525897860527039,True,True,False,BBH,BBH,"H1,L1 | H1,L1",1.3222222222222222,-0.3299174,0.008032128514056224
29,GW231018_233037,GW231020_142947,4.150618,0.9314867258071899,1.6632715,-6.192819,1.6244282407396369,0.002044056309387088,True,True,False,BBH,BBH,"H1,L1 | H1,L1",1.3186813186813187,-0.3299174,0.00831899024670109
30,GW230704_021211,GW230704_212616,4.1492853,0.9989781975746155,1.9103365,-3.074215,0.8014525462962963,0.046225905418395996,True,True,False,BBH,BBH,"H1,L1 | H1,L1",1.0804597701149428,-0.9062731,0.008605851979345954
31,GW230706_104333,GW230707_124047,4.142864,0.9563373923301697,1.7980692,-2.3995647,1.0814131944433407,0.09075744450092316,True,True,False,BBH,BBH,"H1,L1 | H1,L1",1.2934782608695654,-0.3299174,0.00889271371199082
32,GW230911_195324,GW231231_154016,4.1215997,0.9609679579734802,-0.98785776,-0.19035526,110.82421875,0.8266654014587402,True,True,False,BBH,BBH,"H1,L1 | H1,L1",1.2072072072072073,-0.65255636,0.009179575444635685
33,GW230709_122727,GW230712_090405,4.1060715,0.790235847234726,1.3175298,-2.0400116,2.858781250000552,0.13002720475196838,True,True,False,BBH,BBH,"H1,L1 | H1,L1",1.0736842105263158,-0.9062731,0.00946643717728055
34,GW230606_004305,GW230608_205047,4.0949345,0.9993732869625092,1.3175298,-3.144026,2.838673611112215,0.04310888797044754,True,True,False,BBH,BBH,"H1,L1 | H1,L1",1.0882352941176472,-0.9062731,0.009753298909925417
35,GW230922_020344,GW230922_040658,4.0670686,0.9382255971431732,2.1457934,-7.4341807,0.08556944444223687,0.0005907127051614225,True,True,False,BBH,BBH,"H1,L1 | H1,L1",1.072,-0.9062731,0.010040160642570281
36,GW231223_032836,GW231223_075055,4.0059447,0.8974142968654633,2.541106,-5.167912,0.18216666666721856,0.005696450360119343,True,True,False,BBH,BBH,"H1,L1 | H1,L1",1.0851063829787233,-0.9062731,0.010327022375215147
37,GW230920_071124,GW230922_040658,3.9530644,0.9830767810344696,1.3272586,-1.9484286,1.8719143518501962,0.14249780774116516,True,True,False,BBH,BBH,"H1,L1 | H1,L1",1.1261261261261262,-0.7520128,0.010613884107860011
38,GW230601_224134,GW230605_065343,3.894637,0.5619724690914154,1.3175298,-3.5455775,3.341775462964067,0.028851952403783798,True,True,False,BBH,BBH,"H1,L1 | H1,L1",1.1754385964912282,-0.65255636,0.010900745840504877
39,GW230811_032116,GW230814_061920,3.8817492,0.9921083748340607,1.3175298,-6.1917834,3.123659722222774,0.002046174369752407,True,True,False,BBH,BBH,"H1,L1 | H1,L1",1.2142857142857144,-0.65255636,0.011187607573149742
40,GW230605_065343,GW230606_004305,3.870773,0.9716607332229614,1.6017894,-9.971049,0.7426192129624111,4.673347939387895e-05,True,True,False,BBH,BBH,"H1,L1 | H1,L1",1.0270270270270272,-0.7915436,0.011474469305794608
41,GW231127_165300,GW231129_081745,3.8619232,0.9888342022895813,1.3272586,-3.3261418,1.6421840277755702,0.03593146428465843,True,True,False,BBH,BBH,"H1,L1 | H1,L1",1.053191489361702,-0.9062731,0.011761331038439472
42,GW230928_215827,GW230930_110730,3.811064,0.9465467631816864,1.6632715,-3.6097326,1.5479548611133187,0.027059078216552734,True,True,False,BBH,BBH,"H1,L1 | H1,L1",1.1666666666666667,-0.65255636,0.012048192771084338
43,GW231206_233134,GW231206_233901,3.7912426,0.9588643908500671,1.2142352,-21.0949,0.0051736111111111115,6.896060944505678e-10,True,True,False,BBH,BBH,"H1,L1 | H1,L1",1.7109374999999998,0.75670844,0.012335054503729202
44,GW230805_034249,GW230806_204041,3.781751,0.9981650114059448,1.3272586,-4.457565,1.7068506944455482,0.01159055344760418,True,True,False,BBH,BBH,"H1,L1 | H1,L1",1.0106382978723405,-0.7915436,0.012621916236374068
45,GW230927_043729,GW230928_215827,3.7636476,0.9534792900085449,1.3272586,-2.9137874,1.7228935185185186,0.054269805550575256,True,True,False,BBH,BBH,"H1,L1 | H1,L1",1.1523809523809523,-0.7520128,0.012908777969018933
46,GW231110_040320,GW231113_122623,3.7624454,0.7781081199645996,1.3175298,-2.7270794,3.3493483796301815,0.06541004776954651,True,True,False,BBH,BBH,"H1,L1 | H1,L1",1.3372093023255816,-0.3299174,0.013195639701663799
47,GW231221_135041,GW231223_032836,3.7543273,0.9549311995506287,1.6632715,-3.0059772,1.5679953703698184,0.04949037358164787,True,True,False,BBH,BBH,"H1,L1 | H1,L1",1.02,-0.7915436,0.013482501434308663
48,GW240104_164932,GW240109_050431,3.7401829,,0.6520675,-0.61209536,4.51040740740796,0.5422135591506958,False,False,False,BBH,BBH,"H1,L1 | H1",1.4230769230769231,0.33563223,0.013769363166953529
49,GW230706_104333,GW230709_122727,3.6573818,0.972295492887497,1.3175298,-1.7123215,3.0721527777777777,0.18044638633728027,True,True,False,BBH,BBH,"H1,L1 | H1,L1",1.108695652173913,-0.7520128,0.014056224899598393
50,GW230630_125806,GW230630_234532,3.6514313,0.9549768269062042,1.667491,-3.7510715,0.44960069444444445,0.023492559790611267,True,True,False,BBH,BBH,"H1,L1 | H1,L1",1.1,-0.9062731,0.01434308663224326
51,GW230708_053705,GW230709_122727,3.6115363,0.9933936893939972,1.6632715,-4.508309,1.2849780092609149,0.011017072945833206,True,True,False,BBH,BBH,"H1,L1 | H1,L1",1.146067415730337,-0.7520128,0.014629948364888123
52,GW230820_212515,GW230824_033047,3.5862732,0.997548520565033,1.3175298,-5.01214,3.2538391203709223,0.006656644865870476,True,True,False,BBH,BBH,"H1,L1 | H1,L1",1.193548387096774,-0.65255636,0.01491681009753299
53,GW231113_122623,GW231113_200417,3.5832553,0.9758323431015015,1.4008211,-5.0154495,0.31798611111111114,0.006634650286287069,True,True,False,BBH,BBH,"H1,L1 | H1,L1",1.2209302325581395,-0.50567925,0.015203671830177854
54,GW231005_021030,GW231005_091549,3.5782938,0.9677737653255463,1.4008211,-2.8940187,0.2953530092592593,0.0553533136844635,True,True,False,BBH,BBH,"H1,L1 | H1,L1",1.0576923076923077,-0.9062731,0.01549053356282272
55,GW231001_140220,GW231004_232346,3.5648756,0.922442764043808,1.3175298,-1.8698434,3.389879629628526,0.15414780378341675,True,True,False,BBH,BBH,"H1,L1 | H1,L1",1.2921348314606742,-0.3299174,0.015777395295467584
56,GW240107_013215,GW240109_050431,3.550498,,1.1394975,-1.4320623,2.147408564813711,0.23881591856479645,False,False,False,BBH,BBH,"H1,L1 | H1",1.0833333333333335,-0.9062731,0.01606425702811245
57,GW230708_053705,GW230708_230935,3.5288863,0.9950481355190277,1.6017894,-6.622224,0.7309074074085112,0.001330469036474824,True,True,False,BBH,BBH,"H1,L1 | H1,L1",1.1235955056179774,-0.7520128,0.016351118760757316
58,GW230702_185453,GW230704_212616,3.491336,0.9909393191337585,1.1394975,-2.2813623,2.1051273148148146,0.10214495658874512,True,True,False,BBH,BBH,"H1,L1 | H1,L1",1.160919540229885,-0.65255636,0.01663798049340218
59,GW230814_230901,GW230928_215827,3.463757,0.7483177185058594,-0.46470466,-0.95888674,44.95098726851797,0.3833193778991699,True,True,False,BBH,BBH,"H1,L1 | H1,L1",4.095238095238095,0.49845973,0.016924842226047045
60,GW231113_200417,GW231114_043211,3.4615135,0.9329619109630585,1.4008211,-3.1716309,0.3527002314809296,0.04193515330553055,True,True,False,BBH,BBH,"H1,L1 | H1,L1",1.05,-0.7915436,0.01721170395869191
61,GW230731_215307,GW230803_033412,3.4571486,0.9360764920711517,1.1394975,-4.149684,2.236857638888889,0.01576939970254898,True,True,False,BBH,BBH,"H1,L1 | H1,L1",1.297872340425532,-0.3299174,0.017498565691336777
62,GW230630_234532,GW230702_185453,3.4547772,0.968917965888977,1.3272586,-3.105542,1.7981631944438925,0.04480023682117462,True,True,False,BBH,BBH,"H1,L1 | H1,L1",1.02020202020202,-0.7915436,0.01778542742398164
63,GW231029_111508,GW231102_071736,3.4464617,,0.72371477,-1.6799138,3.8350416666683222,0.18639005720615387,False,False,False,BBH,BBH,"L1 | H1,L1",1.4444444444444444,0.33563223,0.018072289156626505
64,GW230704_212616,GW230706_104333,3.4434643,0.9783408939838409,1.6632715,-3.366798,1.5536631944444443,0.03449993208050728,True,True,False,BBH,BBH,"H1,L1 | H1,L1",1.0574712643678161,-0.9062731,0.01835915088927137
65,GW230723_101834,GW230729_082317,3.4429026,0.991597980260849,0.60855174,-1.4217384,5.919939814814263,0.24129417538642883,True,True,False,BBH,BBH,"H1,L1 | H1,L1",1.063157894736842,-0.9062731,0.018646012621916237
66,GW231119_075248,GW231129_081745,3.4314883,0.9870770871639252,0.5091429,-1.7741017,10.017332175925926,0.16963575780391693,True,True,False,BBH,BBH,"H1,L1 | H1,L1",1.1325301204819276,-0.7520128,0.0189328743545611
67,GW231230_170116,GW240104_164932,3.4082203,0.7849443256855011,0.6520675,-0.7301661,4.991847222221119,0.4818289577960968,True,True,False,BBH,BBH,"H1,L1 | H1,L1",1.804878048780488,0.9463326,0.019219736087205966
68,GW230707_124047,GW230708_053705,3.4060256,0.9818397462368011,1.6017894,-4.3037667,0.7057615740735221,0.013517545536160469,True,True,False,BBH,BBH,"H1,L1 | H1,L1",1.3370786516853932,-0.3299174,0.019506597819850834
69,GW231102_071736,GW231104_133418,3.4015527,0.9735740721225739,1.1394975,-4.47362,2.261603009259259,0.011405951343476772,True,True,False,BBH,BBH,"H1,L1 | H1,L1",1.3220338983050846,-0.3299174,0.019793459552495698
70,GW230924_124453,GW230927_153832,3.395721,0.9981016516685486,1.3175298,-4.9513063,3.120591435186841,0.0070741623640060425,True,True,False,BBH,BBH,"H1,L1 | H1,L1",1.5037037037037038,0.21949525,0.020080321285140562
71,GW230825_041334,GW230831_015414,3.3800414,0.9653158485889435,0.60855174,-1.6818913,5.903236111110007,0.1860218197107315,True,True,False,BBH,BBH,"H1,L1 | H1,L1",1.0232558139534884,-0.7915436,0.020367183017785426
72,GW230922_040658,GW230927_043729,3.3646328,0.9870575666427612,0.6520675,-1.0804937,5.02119212962963,0.3394279181957245,True,True,False,BBH,BBH,"H1,L1 | H1,L1",1.0330578512396695,-0.7915436,0.020654044750430294
73,GW231118_005626,GW231119_075248,3.361891,0.9623624384403229,1.6632715,-4.9919295,1.2891354166661149,0.0067925467155873775,True,True,False,BBH,BBH,"H1,L1 | H1,L1",1.289156626506024,-0.3299174,0.02094090648307516
74,GW231221_135041,GW231231_154016,3.3611825,0.788670539855957,0.5091429,-1.3341392,10.07610416666777,0.26338478922843933,True,True,False,BBH,BBH,"H1,L1 | H1,L1",1.34,-0.3299174,0.021227768215720023
75,GW230702_185453,GW230704_021211,3.3503532,0.9868929386138916,1.6632715,-4.7793884,1.3036747685185186,0.008401136845350266,True,True,False,BBH,BBH,"H1,L1 | H1,L1",1.0744680851063828,-0.9062731,0.021514629948364887
76,GW230606_004305,GW230609_064958,3.341642,0.9748108088970184,1.3175298,-5.291148,3.2547743055555554,0.005035975482314825,True,True,False,BBH,BBH,"H1,L1 | H1,L1",1.0471698113207548,-0.7915436,0.021801491681009755
77,GW230930_110730,GW231005_091549,3.3241901,0.9582713544368744,0.6520675,-1.6008313,4.922443287035933,0.20172876119613647,True,True,False,BBH,BBH,"H1,L1 | H1,L1",1.2222222222222223,-0.50567925,0.02208835341365462
78,GW231221_135041,GW231223_202619,3.2971067,0.8684599697589874,1.1394975,-1.6022534,2.2747418981487,0.20144207775592804,True,True,False,BBH,BBH,"H1,L1 | H1,L1",1.01,-0.7915436,0.022375215146299483
79,GW230630_125806,GW230708_230935,3.2709594,0.9863011240959167,0.3064856,-1.0825307,8.42463657407297,0.3387371897697449,True,True,False,BBH,BBH,"H1,L1 | H1,L1",1.1111111111111112,-0.7520128,0.022662076878944348
80,GW230628_231200,GW230704_212616,3.270121,0.9765637814998627,0.60855174,-1.9362079,5.926577546295745,0.14424993097782135,True,True,False,BBH,BBH,"H1,L1 | H1,L1",1.8850574712643677,0.9804751,0.022948938611589215
81,GW231102_071736,GW231114_043211,3.2689,0.9943132400512695,0.5091429,-2.0468535,11.885124999999448,0.12914058566093445,True,True,False,BBH,BBH,"H1,L1 | H1,L1",1.56,0.21949525,0.02323580034423408
82,GW230729_082317,GW230731_215307,3.2580063,0.9375708699226379,1.1394975,-5.6111765,2.562392361111663,0.003656763816252351,True,True,False,BBH,BBH,"H1,L1 | H1,L1",1.2842105263157895,-0.3299174,0.023522662076878944
83,GW231221_135041,GW231223_075055,3.257946,0.9528541266918182,1.3272586,-2.8330495,1.750162037037037,0.05883317068219185,True,True,False,BBH,BBH,"H1,L1 | H1,L1",1.0638297872340425,-0.9062731,0.023809523809523808
84,GW231108_125142,GW231110_040320,3.2556136,0.8079603016376495,1.3272586,-6.050339,1.6330752314820334,0.002357061952352524,True,True,False,BBH,BBH,"H1,L1 | H1,L1",1.0956521739130434,-0.9062731,0.024096385542168676
85,GW231005_091549,GW231008_142521,3.2542007,0.9576025605201721,1.3175298,-3.5652947,3.214957175925374,0.028288649395108223,True,True,False,BBH,BBH,"H1,L1 | H1,L1",1.182795698924731,-0.65255636,0.02438324727481354
86,GW230726_002940,GW230928_215827,3.2171645,0.7472386658191681,-0.48126355,-1.0148516,64.89498842592593,0.36245623230934143,True,True,False,BBH,BBH,"H1,L1 | H1,L1",1.0,-0.7915436,0.024670109007458405
87,GW231223_032836,GW231226_101520,3.21614,0.9697343707084656,1.3175298,-4.337343,3.2824560185190705,0.01307121105492115,True,True,False,BBH,BBH,"H1,L1 | H1,L1",3.401960784313726,0.54939014,0.02495697074010327
88,GW230927_043729,GW230927_153832,3.2143497,0.9622543752193451,1.667491,-6.19235,0.4590717592614668,0.0020450155716389418,True,True,False,BBH,BBH,"H1,L1 | H1,L1",1.6776859504132233,0.75670844,0.025243832472748137
89,GW231223_202619,GW240109_050431,3.2124104,,0.36398852,-0.61118686,16.35987037036982,0.5427063703536987,False,False,False,BBH,BBH,"H1,L1 | H1",1.0297029702970297,-0.7915436,0.025530694205393
90,GW230630_234532,GW230704_021211,3.2024055,0.9581081569194794,1.3175298,-3.6304953,3.101837962962411,0.026503052562475204,True,True,False,BBH,BBH,"H1,L1 | H1,L1",1.053191489361702,-0.9062731,0.025817555938037865
91,GW230628_231200,GW230702_185453,3.2005172,0.986610472202301,0.72371477,-2.8434632,3.8214502314809295,0.0582236722111702,True,True,False,BBH,BBH,"H1,L1 | H1,L1",1.6237623762376237,0.5960307,0.02610441767068273
92,GW231231_154016,GW240109_050431,3.1998763,,0.3064856,-0.58596116,8.558508101850748,0.5565706491470337,False,False,False,BBH,BBH,"H1,L1 | H1",1.2884615384615385,-0.3299174,0.026391279403327597
93,GW230814_061920,GW230819_171910,3.1970747,0.9998246133327484,0.6520675,-2.126701,5.458216435186289,0.11922997236251831,True,True,False,BBH,BBH,"H1,L1 | H1,L1",1.1313131313131313,-0.7520128,0.02667814113597246
94,GW230920_071124,GW230922_020344,3.1954174,0.9774442315101624,1.3272586,-12.17649,1.7863449074079594,5.1501242523954716e-06,True,True,False,BBH,BBH,"H1,L1 | H1,L1",1.2072072072072073,-0.65255636,0.026965002868617326
95,GW230922_020344,GW230924_124453,3.1838324,0.9985634088516235,1.1394975,-5.5684133,2.4452418981464925,0.003816532203927636,True,True,False,BBH,BBH,"H1,L1 | H1,L1",1.007462686567164,-0.7915436,0.02725186460126219
96,GW230927_043729,GW230930_110730,3.1773815,0.9853403568267822,1.3175298,-4.7962394,3.270848379631837,0.00826075579971075,True,True,False,BBH,BBH,"H1,L1 | H1,L1",1.3444444444444443,-0.3299174,0.027538726333907058
97,GW230627_015337,GW230702_185453,3.1766744,0.9943267703056335,0.60855174,-3.3100164,5.709211805556659,0.03651557117700577,True,True,False,BBH,BBH,"H1,L1 | H1,L1",2.8415841584158414,1.3819606,0.027825588066551922
98,GW230630_125806,GW230709_122727,3.1714587,0.9740989208221436,0.3064856,-1.0315541,8.978707175925374,0.3564525544643402,True,True,False,BBH,BBH,"H1,L1 | H1,L1",1.1333333333333333,-0.7520128,0.028112449799196786
99,GW231224_024321,GW231226_101520,3.1626375,0.9936078786849976,1.1394975,-7.57114,2.313869212962411,0.0005151049117557704,True,True,False,BBH,BBH,"H1,L1 | H1,L1",2.4785714285714286,1.1951153,0.028399311531841654
100,GW230627_015337,GW230630_234532,3.1450868,0.9683032929897308,0.72371477,-3.074636,3.9110486111127667,0.04620644077658653,True,True,False,BBH,BBH,"H1,L1 | H1,L1",2.898989898989899,1.3819606,0.02868617326448652
