experiment,lens_fraction,seed,method,budget,n_events,n_true_pairs,n_false_pairs_estimated,base_positive_rate,true_recovered,false_candidates,recall,precision,enrichment_over_base_rate,false_pair_tail_samples,false_tail_model,false_tail_threshold,false_tail_fraction
rarity_fixed_budget_scan,0.01,0,time_delay + sky_localization,50,2933,52,4299726.0,1.2093647625528574e-05,0,50,0.0,0.0,0.0,350000,gpd,1.814903317752167,0.04999714285714286
rarity_fixed_budget_scan,0.01,0,time_delay + sky_localization,100,2933,52,4299726.0,1.2093647625528574e-05,0,100,0.0,0.0,0.0,350000,gpd,1.814903317752167,0.04999714285714286
rarity_fixed_budget_scan,0.01,0,time_delay + sky_localization,200,2933,52,4299726.0,1.2093647625528574e-05,0,200,0.0,0.0,0.0,350000,gpd,1.814903317752167,0.04999714285714286
rarity_fixed_budget_scan,0.01,0,calibrated surrogate waveform_embedding only,50,2933,52,4299726.0,1.2093647625528574e-05,9,41,0.17307692307692307,0.18,14883.846923076922,350000,gpd,1.5263972640037535,0.05
rarity_fixed_budget_scan,0.01,0,calibrated surrogate waveform_embedding only,100,2933,52,4299726.0,1.2093647625528574e-05,11,89,0.21153846153846154,0.11,9095.684230769231,350000,gpd,1.5263972640037535,0.05
rarity_fixed_budget_scan,0.01,0,calibrated surrogate waveform_embedding only,200,2933,52,4299726.0,1.2093647625528574e-05,12,188,0.23076923076923078,0.06,4961.282307692308,350000,gpd,1.5263972640037535,0.05
rarity_fixed_budget_scan,0.01,0,calibrated surrogate waveform_embedding + time_delay + sky_localization,50,2933,52,4299726.0,1.2093647625528574e-05,28,22,0.5384615384615384,0.56,46305.30153846154,350000,gpd,1.5240304620965301,0.05
rarity_fixed_budget_scan,0.01,0,calibrated surrogate waveform_embedding + time_delay + sky_localization,100,2933,52,4299726.0,1.2093647625528574e-05,42,58,0.8076923076923077,0.42,34728.97615384615,350000,gpd,1.5240304620965301,0.05
rarity_fixed_budget_scan,0.01,0,calibrated surrogate waveform_embedding + time_delay + sky_localization,200,2933,52,4299726.0,1.2093647625528574e-05,45,155,0.8653846153846154,0.225,18604.808653846154,350000,gpd,1.5240304620965301,0.05
rarity_fixed_budget_scan,0.01,1,time_delay + sky_localization,50,3008,52,4522476.0,1.1497994042270164e-05,0,50,0.0,0.0,0.0,350000,gpd,1.752292119497791,0.05
rarity_fixed_budget_scan,0.01,1,time_delay + sky_localization,100,3008,52,4522476.0,1.1497994042270164e-05,0,100,0.0,0.0,0.0,350000,gpd,1.752292119497791,0.05
rarity_fixed_budget_scan,0.01,1,time_delay + sky_localization,200,3008,52,4522476.0,1.1497994042270164e-05,0,200,0.0,0.0,0.0,350000,gpd,1.752292119497791,0.05
rarity_fixed_budget_scan,0.01,1,calibrated surrogate waveform_embedding only,50,3008,52,4522476.0,1.1497994042270164e-05,15,35,0.28846153846153844,0.3,26091.507692307692,350000,gpd,1.4726272881031037,0.05
rarity_fixed_budget_scan,0.01,1,calibrated surrogate waveform_embedding only,100,3008,52,4522476.0,1.1497994042270164e-05,16,84,0.3076923076923077,0.16,13915.47076923077,350000,gpd,1.4726272881031037,0.05
rarity_fixed_budget_scan,0.01,1,calibrated surrogate waveform_embedding only,200,3008,52,4522476.0,1.1497994042270164e-05,17,183,0.3269230769230769,0.085,7392.593846153847,350000,gpd,1.4726272881031037,0.05
rarity_fixed_budget_scan,0.01,1,calibrated surrogate waveform_embedding + time_delay + sky_localization,50,3008,52,4522476.0,1.1497994042270164e-05,27,23,0.5192307692307693,0.54,46964.71384615385,350000,gpd,1.4711583984247454,0.05
rarity_fixed_budget_scan,0.01,1,calibrated surrogate waveform_embedding + time_delay + sky_localization,100,3008,52,4522476.0,1.1497994042270164e-05,27,73,0.5192307692307693,0.27,23482.356923076924,350000,gpd,1.4711583984247454,0.05
rarity_fixed_budget_scan,0.01,1,calibrated surrogate waveform_embedding + time_delay + sky_localization,200,3008,52,4522476.0,1.1497994042270164e-05,47,153,0.9038461538461539,0.235,20438.347692307692,350000,gpd,1.4711583984247454,0.05
rarity_fixed_budget_scan,0.01,2,time_delay + sky_localization,50,2975,57,4423768.0,1.2884777313749978e-05,0,50,0.0,0.0,0.0,350000,gpd,1.9709062833694764,0.05
rarity_fixed_budget_scan,0.01,2,time_delay + sky_localization,100,2975,57,4423768.0,1.2884777313749978e-05,0,100,0.0,0.0,0.0,350000,gpd,1.9709062833694764,0.05
rarity_fixed_budget_scan,0.01,2,time_delay + sky_localization,200,2975,57,4423768.0,1.2884777313749978e-05,0,200,0.0,0.0,0.0,350000,gpd,1.9709062833694764,0.05
rarity_fixed_budget_scan,0.01,2,calibrated surrogate waveform_embedding only,50,2975,57,4423768.0,1.2884777313749978e-05,5,45,0.08771929824561403,0.1,7761.096491228071,350000,gpd,1.5246115386486054,0.05
rarity_fixed_budget_scan,0.01,2,calibrated surrogate waveform_embedding only,100,2975,57,4423768.0,1.2884777313749978e-05,5,95,0.08771929824561403,0.05,3880.5482456140353,350000,gpd,1.5246115386486054,0.05
rarity_fixed_budget_scan,0.01,2,calibrated surrogate waveform_embedding only,200,2975,57,4423768.0,1.2884777313749978e-05,7,193,0.12280701754385964,0.035,2716.383771929825,350000,gpd,1.5246115386486054,0.05
rarity_fixed_budget_scan,0.01,2,calibrated surrogate waveform_embedding + time_delay + sky_localization,50,2975,57,4423768.0,1.2884777313749978e-05,20,30,0.3508771929824561,0.4,31044.385964912282,350000,gpd,1.5220657477711133,0.05
rarity_fixed_budget_scan,0.01,2,calibrated surrogate waveform_embedding + time_delay + sky_localization,100,2975,57,4423768.0,1.2884777313749978e-05,39,61,0.6842105263157895,0.39,30268.276315789477,350000,gpd,1.5220657477711133,0.05
rarity_fixed_budget_scan,0.01,2,calibrated surrogate waveform_embedding + time_delay + sky_localization,200,2975,57,4423768.0,1.2884777313749978e-05,45,155,0.7894736842105263,0.225,17462.46710526316,350000,gpd,1.5220657477711133,0.05
rarity_fixed_budget_scan,0.001,0,time_delay + sky_localization,50,28834,52,415685309.0,1.250946145298583e-07,0,50,0.0,0.0,0.0,350000,gpd,1.81356742134081,0.05
rarity_fixed_budget_scan,0.001,0,time_delay + sky_localization,100,28834,52,415685309.0,1.250946145298583e-07,0,100,0.0,0.0,0.0,350000,gpd,1.81356742134081,0.05
rarity_fixed_budget_scan,0.001,0,time_delay + sky_localization,200,28834,52,415685309.0,1.250946145298583e-07,0,200,0.0,0.0,0.0,350000,gpd,1.81356742134081,0.05
rarity_fixed_budget_scan,0.001,0,calibrated surrogate waveform_embedding only,50,28834,52,415685309.0,1.250946145298583e-07,13,37,0.25,0.26,2078426.8050000002,350000,gpd,1.540036445856094,0.05
rarity_fixed_budget_scan,0.001,0,calibrated surrogate waveform_embedding only,100,28834,52,415685309.0,1.250946145298583e-07,13,87,0.25,0.13,1039213.4025000001,350000,gpd,1.540036445856094,0.05
rarity_fixed_budget_scan,0.001,0,calibrated surrogate waveform_embedding only,200,28834,52,415685309.0,1.250946145298583e-07,13,187,0.25,0.065,519606.70125000004,350000,gpd,1.540036445856094,0.05
rarity_fixed_budget_scan,0.001,0,calibrated surrogate waveform_embedding + time_delay + sky_localization,50,28834,52,415685309.0,1.250946145298583e-07,25,25,0.4807692307692308,0.5,3996974.6250000005,350000,gpd,1.5372860297483195,0.05
rarity_fixed_budget_scan,0.001,0,calibrated surrogate waveform_embedding + time_delay + sky_localization,100,28834,52,415685309.0,1.250946145298583e-07,28,72,0.5384615384615384,0.28,2238305.7900000005,350000,gpd,1.5372860297483195,0.05
rarity_fixed_budget_scan,0.001,0,calibrated surrogate waveform_embedding + time_delay + sky_localization,200,28834,52,415685309.0,1.250946145298583e-07,28,172,0.5384615384615384,0.14,1119152.8950000003,350000,gpd,1.5372860297483195,0.05
rarity_fixed_budget_scan,0.001,1,time_delay + sky_localization,50,28872,52,416781704.0,1.247655379617912e-07,0,50,0.0,0.0,0.0,350000,gpd,1.7520139453225905,0.05
rarity_fixed_budget_scan,0.001,1,time_delay + sky_localization,100,28872,52,416781704.0,1.247655379617912e-07,0,100,0.0,0.0,0.0,350000,gpd,1.7520139453225905,0.05
rarity_fixed_budget_scan,0.001,1,time_delay + sky_localization,200,28872,52,416781704.0,1.247655379617912e-07,0,200,0.0,0.0,0.0,350000,gpd,1.7520139453225905,0.05
rarity_fixed_budget_scan,0.001,1,calibrated surrogate waveform_embedding only,50,28872,52,416781704.0,1.247655379617912e-07,3,47,0.057692307692307696,0.06,480902.0261538462,350000,gpd,1.470798361301422,0.05
rarity_fixed_budget_scan,0.001,1,calibrated surrogate waveform_embedding only,100,28872,52,416781704.0,1.247655379617912e-07,3,97,0.057692307692307696,0.03,240451.0130769231,350000,gpd,1.470798361301422,0.05
rarity_fixed_budget_scan,0.001,1,calibrated surrogate waveform_embedding only,200,28872,52,416781704.0,1.247655379617912e-07,3,197,0.057692307692307696,0.015,120225.50653846154,350000,gpd,1.470798361301422,0.05
rarity_fixed_budget_scan,0.001,1,calibrated surrogate waveform_embedding + time_delay + sky_localization,50,28872,52,416781704.0,1.247655379617912e-07,0,50,0.0,0.0,0.0,350000,gpd,1.469188994330586,0.05
rarity_fixed_budget_scan,0.001,1,calibrated surrogate waveform_embedding + time_delay + sky_localization,100,28872,52,416781704.0,1.247655379617912e-07,0,100,0.0,0.0,0.0,350000,gpd,1.469188994330586,0.05
rarity_fixed_budget_scan,0.001,1,calibrated surrogate waveform_embedding + time_delay + sky_localization,200,28872,52,416781704.0,1.247655379617912e-07,0,200,0.0,0.0,0.0,350000,gpd,1.469188994330586,0.05
rarity_fixed_budget_scan,0.001,2,time_delay + sky_localization,50,28701,57,411859293.0,1.3839676093307098e-07,0,50,0.0,0.0,0.0,350000,gpd,1.9669188908238948,0.05
rarity_fixed_budget_scan,0.001,2,time_delay + sky_localization,100,28701,57,411859293.0,1.3839676093307098e-07,0,100,0.0,0.0,0.0,350000,gpd,1.9669188908238948,0.05
rarity_fixed_budget_scan,0.001,2,time_delay + sky_localization,200,28701,57,411859293.0,1.3839676093307098e-07,0,200,0.0,0.0,0.0,350000,gpd,1.9669188908238948,0.05
rarity_fixed_budget_scan,0.001,2,calibrated surrogate waveform_embedding only,50,28701,57,411859293.0,1.3839676093307098e-07,12,38,0.21052631578947367,0.24,1734144.6315789472,350000,gpd,1.5170971691608428,0.05
rarity_fixed_budget_scan,0.001,2,calibrated surrogate waveform_embedding only,100,28701,57,411859293.0,1.3839676093307098e-07,12,88,0.21052631578947367,0.12,867072.3157894736,350000,gpd,1.5170971691608428,0.05
rarity_fixed_budget_scan,0.001,2,calibrated surrogate waveform_embedding only,200,28701,57,411859293.0,1.3839676093307098e-07,12,188,0.21052631578947367,0.06,433536.1578947368,350000,gpd,1.5170971691608428,0.05
rarity_fixed_budget_scan,0.001,2,calibrated surrogate waveform_embedding + time_delay + sky_localization,50,28701,57,411859293.0,1.3839676093307098e-07,20,30,0.3508771929824561,0.4,2890241.052631579,350000,gpd,1.5144730387423233,0.05
rarity_fixed_budget_scan,0.001,2,calibrated surrogate waveform_embedding + time_delay + sky_localization,100,28701,57,411859293.0,1.3839676093307098e-07,20,80,0.3508771929824561,0.2,1445120.5263157894,350000,gpd,1.5144730387423233,0.05
rarity_fixed_budget_scan,0.001,2,calibrated surrogate waveform_embedding + time_delay + sky_localization,200,28701,57,411859293.0,1.3839676093307098e-07,20,180,0.3508771929824561,0.1,722560.2631578947,350000,gpd,1.5144730387423233,0.05
rarity_fixed_budget_scan,0.0001,0,time_delay + sky_localization,50,286931,52,41164555863.0,1.2632226643565384e-09,0,50,0.0,0.0,0.0,350000,gpd,1.7990147040036202,0.05
rarity_fixed_budget_scan,0.0001,0,time_delay + sky_localization,100,286931,52,41164555863.0,1.2632226643565384e-09,0,100,0.0,0.0,0.0,350000,gpd,1.7990147040036202,0.05
rarity_fixed_budget_scan,0.0001,0,time_delay + sky_localization,200,286931,52,41164555863.0,1.2632226643565384e-09,0,200,0.0,0.0,0.0,350000,gpd,1.7990147040036202,0.05
rarity_fixed_budget_scan,0.0001,0,calibrated surrogate waveform_embedding only,50,286931,52,41164555863.0,1.2632226643565384e-09,10,40,0.19230769230769232,0.2,158325215.05769232,350000,gpd,1.5312115013599394,0.05
rarity_fixed_budget_scan,0.0001,0,calibrated surrogate waveform_embedding only,100,286931,52,41164555863.0,1.2632226643565384e-09,10,90,0.19230769230769232,0.1,79162607.52884616,350000,gpd,1.5312115013599394,0.05
rarity_fixed_budget_scan,0.0001,0,calibrated surrogate waveform_embedding only,200,286931,52,41164555863.0,1.2632226643565384e-09,10,190,0.19230769230769232,0.05,39581303.76442308,350000,gpd,1.5312115013599394,0.05
rarity_fixed_budget_scan,0.0001,0,calibrated surrogate waveform_embedding + time_delay + sky_localization,50,286931,52,41164555863.0,1.2632226643565384e-09,0,50,0.0,0.0,0.0,350000,gpd,1.5283272108212633,0.05
rarity_fixed_budget_scan,0.0001,0,calibrated surrogate waveform_embedding + time_delay + sky_localization,100,286931,52,41164555863.0,1.2632226643565384e-09,0,100,0.0,0.0,0.0,350000,gpd,1.5283272108212633,0.05
rarity_fixed_budget_scan,0.0001,0,calibrated surrogate waveform_embedding + time_delay + sky_localization,200,286931,52,41164555863.0,1.2632226643565384e-09,0,200,0.0,0.0,0.0,350000,gpd,1.5283272108212633,0.05
rarity_fixed_budget_scan,0.0001,1,time_delay + sky_localization,50,286670,52,41089701063.0,1.2655239290854111e-09,0,50,0.0,0.0,0.0,350000,gpd,1.7586074957238846,0.05
rarity_fixed_budget_scan,0.0001,1,time_delay + sky_localization,100,286670,52,41089701063.0,1.2655239290854111e-09,0,100,0.0,0.0,0.0,350000,gpd,1.7586074957238846,0.05
rarity_fixed_budget_scan,0.0001,1,time_delay + sky_localization,200,286670,52,41089701063.0,1.2655239290854111e-09,0,200,0.0,0.0,0.0,350000,gpd,1.7586074957238846,0.05
rarity_fixed_budget_scan,0.0001,1,calibrated surrogate waveform_embedding only,50,286670,52,41089701063.0,1.2655239290854111e-09,4,46,0.07692307692307693,0.08,63214924.7923077,350000,gpd,1.4756006181240082,0.05
rarity_fixed_budget_scan,0.0001,1,calibrated surrogate waveform_embedding only,100,286670,52,41089701063.0,1.2655239290854111e-09,4,96,0.07692307692307693,0.04,31607462.39615385,350000,gpd,1.4756006181240082,0.05
rarity_fixed_budget_scan,0.0001,1,calibrated surrogate waveform_embedding only,200,286670,52,41089701063.0,1.2655239290854111e-09,4,196,0.07692307692307693,0.02,15803731.198076924,350000,gpd,1.4756006181240082,0.05
rarity_fixed_budget_scan,0.0001,1,calibrated surrogate waveform_embedding + time_delay + sky_localization,50,286670,52,41089701063.0,1.2655239290854111e-09,0,50,0.0,0.0,0.0,350000,gpd,1.4740443410041117,0.05
rarity_fixed_budget_scan,0.0001,1,calibrated surrogate waveform_embedding + time_delay + sky_localization,100,286670,52,41089701063.0,1.2655239290854111e-09,0,100,0.0,0.0,0.0,350000,gpd,1.4740443410041117,0.05
rarity_fixed_budget_scan,0.0001,1,calibrated surrogate waveform_embedding + time_delay + sky_localization,200,286670,52,41089701063.0,1.2655239290854111e-09,0,200,0.0,0.0,0.0,350000,gpd,1.4740443410041117,0.05
rarity_fixed_budget_scan,0.0001,2,time_delay + sky_localization,50,286970,57,41175746908.0,1.384310041744983e-09,0,50,0.0,0.0,0.0,350000,gpd,1.9748743397491844,0.05
rarity_fixed_budget_scan,0.0001,2,time_delay + sky_localization,100,286970,57,41175746908.0,1.384310041744983e-09,0,100,0.0,0.0,0.0,350000,gpd,1.9748743397491844,0.05
rarity_fixed_budget_scan,0.0001,2,time_delay + sky_localization,200,286970,57,41175746908.0,1.384310041744983e-09,0,200,0.0,0.0,0.0,350000,gpd,1.9748743397491844,0.05
rarity_fixed_budget_scan,0.0001,2,calibrated surrogate waveform_embedding only,50,286970,57,41175746908.0,1.384310041744983e-09,8,42,0.14035087719298245,0.16,115581044.1122807,350000,gpd,1.516423738002777,0.05
rarity_fixed_budget_scan,0.0001,2,calibrated surrogate waveform_embedding only,100,286970,57,41175746908.0,1.384310041744983e-09,8,92,0.14035087719298245,0.08,57790522.05614035,350000,gpd,1.516423738002777,0.05
rarity_fixed_budget_scan,0.0001,2,calibrated surrogate waveform_embedding only,200,286970,57,41175746908.0,1.384310041744983e-09,8,192,0.14035087719298245,0.04,28895261.028070174,350000,gpd,1.516423738002777,0.05
rarity_fixed_budget_scan,0.0001,2,calibrated surrogate waveform_embedding + time_delay + sky_localization,50,286970,57,41175746908.0,1.384310041744983e-09,0,50,0.0,0.0,0.0,350000,gpd,1.5137643374576717,0.05
rarity_fixed_budget_scan,0.0001,2,calibrated surrogate waveform_embedding + time_delay + sky_localization,100,286970,57,41175746908.0,1.384310041744983e-09,0,100,0.0,0.0,0.0,350000,gpd,1.5137643374576717,0.05
rarity_fixed_budget_scan,0.0001,2,calibrated surrogate waveform_embedding + time_delay + sky_localization,200,286970,57,41175746908.0,1.384310041744983e-09,0,200,0.0,0.0,0.0,350000,gpd,1.5137643374576717,0.05
