R10_mean,R10_std,R1_mean,R1_std,R50_mean,R50_std,background_density_events_per_yr,base_positive_rate_mean,budget,enrichment_mean,enrichment_std,experiment,false_candidates_mean,false_candidates_std,lens_fraction,median_rank_mean,median_rank_std,method,n_events_mean,n_seeds,n_true_pairs_mean,precision_mean,precision_std,recall_mean,recall_std,true_recovered_mean,true_recovered_std
1.0,0.0,0.9290935672514621,0.02049462082098776,1.0,0.0,100.0,,,,,density_scan,,,,1.0,0.0,calibrated surrogate waveform_embedding + time_delay + sky_localization,589.6666666666666,3,53.666666666666664,,,,,,
1.0,0.0,0.9906657669815564,0.009627707928845888,1.0,0.0,100.0,,,,,density_scan,,,,1.0,0.0,calibrated surrogate waveform_embedding only,589.6666666666666,3,53.666666666666664,,,,,,
1.0,0.0,0.7239091318038686,0.09707755486120717,1.0,0.0,100.0,,,,,density_scan,,,,1.0,0.0,time_delay + sky_localization,589.6666666666666,3,53.666666666666664,,,,,,
0.9883040935672515,0.02025790418209213,0.6384952766531714,0.051793618684554885,1.0,0.0,1000.0,,,,,density_scan,,,,1.0,0.0,calibrated surrogate waveform_embedding + time_delay + sky_localization,4998.0,3,53.666666666666664,,,,,,
1.0,0.0,0.9090193432298695,0.027359849854894577,1.0,0.0,1000.0,,,,,density_scan,,,,1.0,0.0,calibrated surrogate waveform_embedding only,4998.0,3,53.666666666666664,,,,,,
0.8595928924876293,0.06982752967963927,0.4385964912280702,0.10807865262724407,0.9941520467836257,0.01012895209104605,1000.0,,,,,density_scan,,,,2.0,1.0,time_delay + sky_localization,4998.0,3,53.666666666666664,,,,,,
0.7192982456140351,0.07168810012598135,0.487910481331534,0.09885151011013031,0.9760458839406209,0.02663180954367865,10000.0,,,,,density_scan,,,,2.6666666666666665,2.8867513459481287,calibrated surrogate waveform_embedding + time_delay + sky_localization,49080.0,3,53.666666666666664,,,,,,
0.9655870445344129,0.007012351447647262,0.5954228520017995,0.04117038684264414,1.0,0.0,10000.0,,,,,density_scan,,,,1.0,0.0,calibrated surrogate waveform_embedding only,49080.0,3,53.666666666666664,,,,,,
0.45377867746288797,0.09718883278547377,0.33856275303643724,0.0882237583811023,0.7318376068376068,0.05825344393254524,10000.0,,,,,density_scan,,,,18.666666666666668,18.58314648635514,time_delay + sky_localization,49080.0,3,53.666666666666664,,,,,,
0.47537112010796223,0.09311924248620142,0.46952316689158796,0.10319935060326964,0.5859761583445794,0.06099393229237752,100000.0,,,,,density_scan,,,,16.166666666666668,26.26943724812797,calibrated surrogate waveform_embedding + time_delay + sky_localization,489473.6666666667,3,53.666666666666664,,,,,,
0.6628430049482681,0.06220679697429102,0.33934997750787216,0.1032912704123346,0.9343792172739542,0.012233293359862254,100000.0,,,,,density_scan,,,,4.0,2.6457513110645907,calibrated surrogate waveform_embedding only,489473.6666666667,3,53.666666666666664,,,,,,
0.39833558254610885,0.10989207141585645,0.2315564552406657,0.048599491282999896,0.4418016194331984,0.10923556912710969,100000.0,,,,,density_scan,,,,163.66666666666666,173.25583203267166,time_delay + sky_localization,489473.6666666667,3,53.666666666666664,,,,,,
,,,,,,,1.3043522117289777e-09,50.0,0.0,0.0,rarity_fixed_budget_scan,50.0,0.0,0.0001,,,calibrated surrogate waveform_embedding + time_delay + sky_localization,286857.0,3,53.666666666666664,0.0,0.0,0.0,0.0,0.0,0.0
,,,,,,,1.3043522117289777e-09,50.0,112373727.98742692,47636194.07693051,rarity_fixed_budget_scan,42.666666666666664,3.055050463303893,0.0001,,,calibrated surrogate waveform_embedding only,286857.0,3,53.666666666666664,0.14666666666666667,0.06110100926607787,0.13652721547458388,0.05778726207882205,7.333333333333333,3.0550504633038935
,,,,,,,1.3043522117289777e-09,50.0,0.0,0.0,rarity_fixed_budget_scan,50.0,0.0,0.0001,,,time_delay + sky_localization,286857.0,3,53.666666666666664,0.0,0.0,0.0,0.0,0.0,0.0
,,,,,,,1.3043522117289777e-09,100.0,0.0,0.0,rarity_fixed_budget_scan,100.0,0.0,0.0001,,,calibrated surrogate waveform_embedding + time_delay + sky_localization,286857.0,3,53.666666666666664,0.0,0.0,0.0,0.0,0.0,0.0
,,,,,,,1.3043522117289777e-09,100.0,56186863.99371346,23818097.038465254,rarity_fixed_budget_scan,92.66666666666667,3.0550504633038935,0.0001,,,calibrated surrogate waveform_embedding only,286857.0,3,53.666666666666664,0.07333333333333333,0.030550504633038936,0.13652721547458388,0.05778726207882205,7.333333333333333,3.0550504633038935
,,,,,,,1.3043522117289777e-09,100.0,0.0,0.0,rarity_fixed_budget_scan,100.0,0.0,0.0001,,,time_delay + sky_localization,286857.0,3,53.666666666666664,0.0,0.0,0.0,0.0,0.0,0.0
,,,,,,,1.3043522117289777e-09,200.0,0.0,0.0,rarity_fixed_budget_scan,200.0,0.0,0.0001,,,calibrated surrogate waveform_embedding + time_delay + sky_localization,286857.0,3,53.666666666666664,0.0,0.0,0.0,0.0,0.0,0.0
,,,,,,,1.3043522117289777e-09,200.0,28093431.996856723,11909048.519232627,rarity_fixed_budget_scan,192.66666666666666,3.0550504633038926,0.0001,,,calibrated surrogate waveform_embedding only,286857.0,3,53.666666666666664,0.03666666666666667,0.015275252316519468,0.13652721547458388,0.05778726207882205,7.333333333333333,3.0550504633038935
,,,,,,,1.3043522117289777e-09,200.0,0.0,0.0,rarity_fixed_budget_scan,200.0,0.0,0.0001,,,time_delay + sky_localization,286857.0,3,53.666666666666664,0.0,0.0,0.0,0.0,0.0,0.0
,,,,,,,1.2941897114157351e-07,50.0,2295738.5592105263,2063740.887135873,rarity_fixed_budget_scan,35.0,13.228756555322953,0.001,,,calibrated surrogate waveform_embedding + time_delay + sky_localization,28802.333333333332,3,53.666666666666664,0.3,0.2645751311064591,0.27721547458389567,0.24870524699266217,15.0,13.228756555322953
,,,,,,,1.2941897114157351e-07,50.0,1431157.8209109313,840756.867552056,rarity_fixed_budget_scan,40.666666666666664,5.507570547286101,0.001,,,calibrated surrogate waveform_embedding only,28802.333333333332,3,53.666666666666664,0.18666666666666668,0.11015141094572205,0.17273954116059373,0.10156988915430519,9.333333333333334,5.507570547286102
,,,,,,,1.2941897114157351e-07,50.0,0.0,0.0,rarity_fixed_budget_scan,50.0,0.0,0.001,,,time_delay + sky_localization,28802.333333333332,3,53.666666666666664,0.0,0.0,0.0,0.0,0.0,0.0
,,,,,,,1.2941897114157351e-07,100.0,1227808.7721052633,1134866.292245665,rarity_fixed_budget_scan,84.0,14.422205101855956,0.001,,,calibrated surrogate waveform_embedding + time_delay + sky_localization,28802.333333333332,3,53.666666666666664,0.16,0.1442220510185596,0.29644624381466483,0.2733262762177682,16.0,14.422205101855956
,,,,,,,1.2941897114157351e-07,100.0,715578.9104554657,420378.433776028,rarity_fixed_budget_scan,90.66666666666667,5.507570547286103,0.001,,,calibrated surrogate waveform_embedding only,28802.333333333332,3,53.666666666666664,0.09333333333333334,0.055075705472861024,0.17273954116059373,0.10156988915430519,9.333333333333334,5.507570547286102
,,,,,,,1.2941897114157351e-07,100.0,0.0,0.0,rarity_fixed_budget_scan,100.0,0.0,0.001,,,time_delay + sky_localization,28802.333333333332,3,53.666666666666664,0.0,0.0,0.0,0.0,0.0,0.0
,,,,,,,1.2941897114157351e-07,200.0,613904.3860526318,567433.1461228327,rarity_fixed_budget_scan,184.0,14.422205101855956,0.001,,,calibrated surrogate waveform_embedding + time_delay + sky_localization,28802.333333333332,3,53.666666666666664,0.08,0.0721110255092798,0.29644624381466483,0.2733262762177682,16.0,14.422205101855956
,,,,,,,1.2941897114157351e-07,200.0,357789.45522773283,210189.216888014,rarity_fixed_budget_scan,190.66666666666666,5.5075705472861,0.001,,,calibrated surrogate waveform_embedding only,28802.333333333332,3,53.666666666666664,0.04666666666666667,0.027537852736430512,0.17273954116059373,0.10156988915430519,9.333333333333334,5.507570547286102
,,,,,,,1.2941897114157351e-07,200.0,0.0,0.0,rarity_fixed_budget_scan,200.0,0.0,0.001,,,time_delay + sky_localization,28802.333333333332,3,53.666666666666664,0.0,0.0,0.0,0.0,0.0,0.0
,,,,,,,1.2158806327182906e-05,50.0,41438.133783175894,9007.286019114123,rarity_fixed_budget_scan,25.0,4.358898943540674,0.01,,,calibrated surrogate waveform_embedding + time_delay + sky_localization,2972.0,3,53.666666666666664,0.5,0.08717797887081347,0.46952316689158796,0.10319935060326964,25.0,4.358898943540674
,,,,,,,1.2158806327182906e-05,50.0,16245.483702204227,9240.754013546211,rarity_fixed_budget_scan,40.333333333333336,5.033222956847165,0.01,,,calibrated surrogate waveform_embedding only,2972.0,3,53.666666666666664,0.19333333333333333,0.10066445913694332,0.18308591992802514,0.10074471085471932,9.666666666666666,5.033222956847166
,,,,,,,1.2158806327182906e-05,50.0,0.0,0.0,rarity_fixed_budget_scan,50.0,0.0,0.01,,,time_delay + sky_localization,2972.0,3,53.666666666666664,0.0,0.0,0.0,0.0,0.0,0.0
,,,,,,,1.2158806327182906e-05,100.0,29493.20313090419,5663.2291903050545,rarity_fixed_budget_scan,64.0,7.937253933193772,0.01,,,calibrated surrogate waveform_embedding + time_delay + sky_localization,2972.0,3,53.666666666666664,0.36000000000000004,0.07937253933193769,0.6703778677462888,0.14472740454117422,36.0,7.937253933193772
,,,,,,,1.2158806327182906e-05,100.0,8963.901081871345,5018.759070975383,rarity_fixed_budget_scan,89.33333333333333,5.507570547286104,0.01,,,calibrated surrogate waveform_embedding only,2972.0,3,53.666666666666664,0.10666666666666667,0.05507570547286102,0.20231668915879442,0.11027607190875811,10.666666666666666,5.507570547286102
,,,,,,,1.2158806327182906e-05,100.0,0.0,0.0,rarity_fixed_budget_scan,100.0,0.0,0.01,,,time_delay + sky_localization,2972.0,3,53.666666666666664,0.0,0.0,0.0,0.0,0.0,0.0
,,,,,,,1.2158806327182906e-05,200.0,18835.207817139002,1501.2591874562015,rarity_fixed_budget_scan,154.33333333333334,1.1547005383792495,0.01,,,calibrated surrogate waveform_embedding + time_delay + sky_localization,2972.0,3,53.666666666666664,0.22833333333333336,0.005773502691896251,0.8529014844804319,0.058199114001128725,45.666666666666664,1.154700538379251
,,,,,,,1.2158806327182906e-05,200.0,5023.41997525866,2338.724220994536,rarity_fixed_budget_scan,188.0,5.0,0.01,,,calibrated surrogate waveform_embedding only,2972.0,3,53.666666666666664,0.06,0.025,0.22683310841205576,0.1021149412110345,12.0,5.0
,,,,,,,1.2158806327182906e-05,200.0,0.0,0.0,rarity_fixed_budget_scan,200.0,0.0,0.01,,,time_delay + sky_localization,2972.0,3,53.666666666666664,0.0,0.0,0.0,0.0,0.0,0.0
