idx,event_name,sky_map_path,source_format,source_group,source_nside,source_ordering,common_nside,map_ra,map_dec,map_max_prob,map_area90_deg2
0,GW230518_125908,data/gwtc4p1/pe_hdf5/GW230518_125908/IGWN-GWTC4p1-18965dda8_5-GW230518_125908-combined_PEDataRelease.hdf5,pe_hdf5_skymap,C00:IMRPhenomNSBH:LowSpin,512,RING,512,5.965651284087259,0.13320608234181996,7.837134034873018e-05,582.2993082548662
1,GW230601_224134,data/gwtc4p1/pe_hdf5/GW230601_224134/IGWN-GWTC4p1-18965dda8_5-GW230601_224134-combined_PEDataRelease.hdf5,pe_hdf5_skymap,C00:IMRPhenomXO4a,256,RING,512,1.0443206348471565,0.8282572325005475,1.2885836439863452e-05,3091.8791051787
2,GW230605_065343,data/gwtc4p1/pe_hdf5/GW230605_065343/IGWN-GWTC4p1-18965dda8_5-GW230605_065343-combined_PEDataRelease.hdf5,pe_hdf5_skymap,C00:IMRPhenomXO4a,512,RING,512,4.126408319412374,-0.20853948581851167,3.789155379783062e-05,1183.8236865703507
3,GW230606_004305,data/gwtc4p1/pe_hdf5/GW230606_004305/IGWN-GWTC4p1-18965dda8_5-GW230606_004305-combined_PEDataRelease.hdf5,pe_hdf5_skymap,C00:IMRPhenomXPHM-SpinTaylor,512,RING,512,2.48137804025351,0.8231207105285556,2.9866123433169737e-05,1482.6253382287325
4,GW230608_205047,data/gwtc4p1/pe_hdf5/GW230608_205047/IGWN-GWTC4p1-18965dda8_5-GW230608_205047-combined_PEDataRelease.hdf5,pe_hdf5_skymap,C00:IMRPhenomXPHM-SpinTaylor,256,RING,512,3.6930424278901293,1.1938087269724686,2.2003821870708092e-05,2281.318153352809
5,GW230609_064958,data/gwtc4p1/pe_hdf5/GW230609_064958/IGWN-GWTC4p1-18965dda8_5-GW230609_064958-combined_PEDataRelease.hdf5,pe_hdf5_skymap,C00:IMRPhenomXPHM-SpinTaylor,256,RING,512,3.040349921589341,-0.6602081176233718,2.6358529779056406e-05,1531.330597577393
6,GW230624_113103,data/gwtc4p1/pe_hdf5/GW230624_113103/IGWN-GWTC4p1-18965dda8_5-GW230624_113103-combined_PEDataRelease.hdf5,pe_hdf5_skymap,C00:IMRPhenomXPHM-SpinTaylor,512,RING,512,2.478912953223196,-0.6635093329584176,3.022010606285302e-05,1119.0538222938203
7,GW230627_015337,data/gwtc4p1/pe_hdf5/GW230627_015337/IGWN-GWTC4p1-18965dda8_5-GW230627_015337-combined_PEDataRelease.hdf5,pe_hdf5_skymap,C00:IMRPhenomXPHM-SpinTaylor,1024,RING,512,1.549877731643875,0.8996516120956273,0.0003851758375376728,276.54725609707947
8,GW230628_231200,data/gwtc4p1/pe_hdf5/GW230628_231200/IGWN-GWTC4p1-18965dda8_5-GW230628_231200-combined_PEDataRelease.hdf5,pe_hdf5_skymap,C00:IMRPhenomXPHM-SpinTaylor,512,RING,512,4.546562454006111,0.8691687698208207,5.7248453235587134e-05,648.8002156746447
9,GW230630_125806,data/gwtc4p1/pe_hdf5/GW230630_125806/IGWN-GWTC4p1-18965dda8_5-GW230630_125806-combined_PEDataRelease.hdf5,pe_hdf5_skymap,C00:IMRPhenomXPHM-SpinTaylor,256,RING,512,3.411573272257666,-0.0013020837012636122,8.896940925685354e-06,4312.802193660025
10,GW230630_234532,data/gwtc4p1/pe_hdf5/GW230630_234532/IGWN-GWTC4p1-18965dda8_5-GW230630_234532-combined_PEDataRelease.hdf5,pe_hdf5_skymap,C00:IMRPhenomXPHM-SpinTaylor,512,RING,512,3.7997364310190473,0.9299732575363898,3.578121685723199e-05,1516.1184002579407
11,GW230702_185453,data/gwtc4p1/pe_hdf5/GW230702_185453/IGWN-GWTC4p1-18965dda8_5-GW230702_185453-combined_PEDataRelease.hdf5,pe_hdf5_skymap,C00:IMRPhenomXPHM-SpinTaylor,256,RING,512,0.7401202204964867,0.835097955661602,1.9418883312053526e-05,2443.013319688023
12,GW230704_021211,data/gwtc4p1/pe_hdf5/GW230704_021211/IGWN-GWTC4p1-18965dda8_5-GW230704_021211-combined_PEDataRelease.hdf5,pe_hdf5_skymap,C00:IMRPhenomXO4a,256,RING,512,6.175806652027591,-0.48640166237900173,2.5764298690012827e-05,1566.239967632895
13,GW230704_212616,data/gwtc4p1/pe_hdf5/GW230704_212616/IGWN-GWTC4p1-18965dda8_5-GW230704_212616-combined_PEDataRelease.hdf5,pe_hdf5_skymap,C00:IMRPhenomXO4a,128,RING,512,0.545494724396046,-1.1286557612125199,5.599875293660944e-06,7325.748354299257
14,GW230706_104333,data/gwtc4p1/pe_hdf5/GW230706_104333/IGWN-GWTC4p1-18965dda8_5-GW230706_104333-combined_PEDataRelease.hdf5,pe_hdf5_skymap,C00:IMRPhenomXPHM-SpinTaylor,512,RING,512,3.3026606363177855,0.20188952295307283,3.9517486581466215e-05,1472.0817118107673
15,GW230707_124047,data/gwtc4p1/pe_hdf5/GW230707_124047/IGWN-GWTC4p1-18965dda8_5-GW230707_124047-combined_PEDataRelease.hdf5,pe_hdf5_skymap,C00:IMRPhenomXPHM-SpinTaylor,256,RING,512,3.9762492383849906,1.1090198046419295,1.5850668208986474e-05,2992.2916685891123
16,GW230708_053705,data/gwtc4p1/pe_hdf5/GW230708_053705/IGWN-GWTC4p1-18965dda8_5-GW230708_053705-combined_PEDataRelease.hdf5,pe_hdf5_skymap,C00:IMRPhenomXPHM-SpinTaylor,512,RING,512,5.5898259910552754,0.5708703387884199,2.675552059655852e-05,1988.2997594684605
17,GW230708_230935,data/gwtc4p1/pe_hdf5/GW230708_230935/IGWN-GWTC4p1-18965dda8_5-GW230708_230935-combined_PEDataRelease.hdf5,pe_hdf5_skymap,C00:IMRPhenomXO4a,256,RING,512,5.321505391676899,-0.7523808328534742,2.0139234038510964e-05,2562.1799033448024
18,GW230709_122727,data/gwtc4p1/pe_hdf5/GW230709_122727/IGWN-GWTC4p1-18965dda8_5-GW230709_122727-combined_PEDataRelease.hdf5,pe_hdf5_skymap,C00:IMRPhenomXPHM-SpinTaylor,256,RING,512,4.218960394458412,1.1384573913995144,1.1200929292146154e-05,3293.3882638086184
19,GW230712_090405,data/gwtc4p1/pe_hdf5/GW230712_090405/IGWN-GWTC4p1-18965dda8_5-GW230712_090405-combined_PEDataRelease.hdf5,pe_hdf5_skymap,C00:IMRPhenomXO4a,256,RING,512,5.111977519657075,1.1122955589656949,2.1612833731450427e-05,1546.7001624553225
20,GW230723_101834,data/gwtc4p1/pe_hdf5/GW230723_101834/IGWN-GWTC4p1-18965dda8_5-GW230723_101834-combined_PEDataRelease.hdf5,pe_hdf5_skymap,C00:IMRPhenomXPHM-SpinTaylor,512,RING,512,5.997864880632857,-0.564692701588843,5.3405536154111554e-05,1164.060944018269
21,GW230726_002940,data/gwtc4p1/pe_hdf5/GW230726_002940/IGWN-GWTC4p1-18965dda8_5-GW230726_002940-combined_PEDataRelease.hdf5,pe_hdf5_skymap,C00:IMRPhenomXPHM-SpinTaylor,64,RING,512,4.196971435655113,-0.4312082436806466,7.920581881221004e-07,28285.428556157724
22,GW230729_082317,data/gwtc4p1/pe_hdf5/GW230729_082317/IGWN-GWTC4p1-18965dda8_5-GW230729_082317-combined_PEDataRelease.hdf5,pe_hdf5_skymap,C00:IMRPhenomXPHM-SpinTaylor,256,RING,512,3.245903347166016,-0.5616129462695931,1.736915146084385e-05,2204.575240668813
23,GW230731_215307,data/gwtc4p1/pe_hdf5/GW230731_215307/IGWN-GWTC4p1-18965dda8_5-GW230731_215307-combined_PEDataRelease.hdf5,pe_hdf5_skymap,C00:IMRPhenomXPHM-SpinTaylor,512,RING,512,2.017184736069618,-0.1674480792196893,6.584980289681425e-05,678.7262797117054
24,GW230803_033412,data/gwtc4p1/pe_hdf5/GW230803_033412/IGWN-GWTC4p1-18965dda8_5-GW230803_033412-combined_PEDataRelease.hdf5,pe_hdf5_skymap,C00:IMRPhenomXO4a,256,RING,512,1.9972429858271046,-0.3773837493893384,1.2344989955466688e-05,4172.718838688999
25,GW230805_034249,data/gwtc4p1/pe_hdf5/GW230805_034249/IGWN-GWTC4p1-18965dda8_5-GW230805_034249-combined_PEDataRelease.hdf5,pe_hdf5_skymap,C00:IMRPhenomXPHM-SpinTaylor,256,RING,512,5.009981253234504,-0.6668190898617978,1.365305160983366e-05,2475.1031876541438
26,GW230806_204041,data/gwtc4p1/pe_hdf5/GW230806_204041/IGWN-GWTC4p1-18965dda8_5-GW230806_204041-combined_PEDataRelease.hdf5,pe_hdf5_skymap,C00:IMRPhenomXPHM-SpinTaylor,256,RING,512,1.7143637330073334,-1.1221153535465782,1.2793987482009575e-05,4694.051331997198
27,GW230811_032116,data/gwtc4p1/pe_hdf5/GW230811_032116/IGWN-GWTC4p1-18965dda8_5-GW230811_032116-combined_PEDataRelease.hdf5,pe_hdf5_skymap,C00:IMRPhenomXPHM-SpinTaylor,512,RING,512,0.22242721424341796,-0.6717999668547048,5.3625502919407185e-05,916.5480024602134
28,GW230814_061920,data/gwtc4p1/pe_hdf5/GW230814_061920/IGWN-GWTC4p1-18965dda8_5-GW230814_061920-combined_PEDataRelease.hdf5,pe_hdf5_skymap,C00:IMRPhenomXO4a,256,RING,512,4.095728703654662,0.3914297520050336,1.1236124005673203e-05,4871.457026253708
29,GW230814_230901,data/gwtc4p1/pe_hdf5/GW230814_230901/IGWN-GWTC4p1-18965dda8_5-GW230814_230901-combined_PEDataRelease.hdf5,pe_hdf5_skymap,C00:IMRPhenomXO4a,64,RING,512,0.9203884727313847,0.7141136954006557,1.0426449532949634e-06,25562.27475445406
30,GW230819_171910,data/gwtc4p1/pe_hdf5/GW230819_171910/IGWN-GWTC4p1-18965dda8_5-GW230819_171910-combined_PEDataRelease.hdf5,pe_hdf5_skymap,C00:IMRPhenomXPHM-SpinTaylor,256,RING,512,5.75681909619229,0.7973593954618483,1.0866291635526132e-05,4967.438122961529
31,GW230820_212515,data/gwtc4p1/pe_hdf5/GW230820_212515/IGWN-GWTC4p1-18965dda8_5-GW230820_212515-combined_PEDataRelease.hdf5,pe_hdf5_skymap,C00:IMRPhenomXPHM-SpinTaylor,256,RING,512,5.731198646157283,-1.171054887799441,1.6608537411613265e-05,2226.9476618989734
32,GW230824_033047,data/gwtc4p1/pe_hdf5/GW230824_033047/IGWN-GWTC4p1-18965dda8_5-GW230824_033047-combined_PEDataRelease.hdf5,pe_hdf5_skymap,C00:IMRPhenomXPHM-SpinTaylor,256,RING,512,6.117515382087937,-0.6503547143445942,1.2328650884225274e-05,3997.1490992813883
33,GW230825_041334,data/gwtc4p1/pe_hdf5/GW230825_041334/IGWN-GWTC4p1-18965dda8_5-GW230825_041334-combined_PEDataRelease.hdf5,pe_hdf5_skymap,C00:IMRPhenomXO4a,256,RING,512,0.9265243958829272,-0.643826669378504,8.090453771465777e-06,3295.630751516917
34,GW230831_015414,data/gwtc4p1/pe_hdf5/GW230831_015414/IGWN-GWTC4p1-18965dda8_5-GW230831_015414-combined_PEDataRelease.hdf5,pe_hdf5_skymap,C00:IMRPhenomXPHM-SpinTaylor,256,RING,512,2.994330497952771,0.6602081176233716,9.243234675044623e-06,4072.3314503438196
35,GW230904_051013,data/gwtc4p1/pe_hdf5/GW230904_051013/IGWN-GWTC4p1-18965dda8_5-GW230904_051013-combined_PEDataRelease.hdf5,pe_hdf5_skymap,C00:IMRPhenomXPHM-SpinTaylor,512,RING,512,5.677950163342842,1.1221153535465782,3.615660171084771e-05,1874.1164818301227
36,GW230911_195324,data/gwtc4p1/pe_hdf5/GW230911_195324/IGWN-GWTC4p1-18965dda8_5-GW230911_195324-combined_PEDataRelease.hdf5,pe_hdf5_skymap,C00:IMRPhenomXO4a,64,RING,512,5.829572506537495,-1.082767479936329,8.638172065163894e-07,27723.757512026565
37,GW230914_111401,data/gwtc4p1/pe_hdf5/GW230914_111401/IGWN-GWTC4p1-18965dda8_5-GW230914_111401-combined_PEDataRelease.hdf5,pe_hdf5_skymap,C00:IMRPhenomXO4a,512,RING,512,4.646427806505607,-0.1939214702099714,3.147826282320586e-05,1875.1131430338107
38,GW230919_215712,data/gwtc4p1/pe_hdf5/GW230919_215712/IGWN-GWTC4p1-18965dda8_5-GW230919_215712-combined_PEDataRelease.hdf5,pe_hdf5_skymap,C00:IMRPhenomXPHM-SpinTaylor,512,RING,512,1.7671458676442584,0.29733035779984673,6.569503602250488e-05,728.8609610498662
39,GW230920_071124,data/gwtc4p1/pe_hdf5/GW230920_071124/IGWN-GWTC4p1-18965dda8_5-GW230920_071124-combined_PEDataRelease.hdf5,pe_hdf5_skymap,C00:IMRPhenomXPHM-SpinTaylor,256,RING,512,5.881282340753548,0.4427051766719792,1.931063525466731e-05,2189.704006392728
40,GW230922_020344,data/gwtc4p1/pe_hdf5/GW230922_020344/IGWN-GWTC4p1-18965dda8_5-GW230922_020344-combined_PEDataRelease.hdf5,pe_hdf5_skymap,C00:IMRPhenomXPHM-SpinTaylor,512,RING,512,5.38165823246267,-1.158029307075235,9.0647059566212e-05,341.566285674532
41,GW230922_040658,data/gwtc4p1/pe_hdf5/GW230922_040658/IGWN-GWTC4p1-18965dda8_5-GW230922_040658-combined_PEDataRelease.hdf5,pe_hdf5_skymap,C00:IMRPhenomXPHM-SpinTaylor,256,RING,512,0.6596117387908256,-0.6405746287208975,1.4691133399136393e-05,5063.196282294841
42,GW230924_124453,data/gwtc4p1/pe_hdf5/GW230924_124453/IGWN-GWTC4p1-18965dda8_5-GW230924_124453-combined_PEDataRelease.hdf5,pe_hdf5_skymap,C00:IMRPhenomXPHM-SpinTaylor,512,RING,512,0.9776053088702416,1.1905612714825724,3.369031037525234e-05,1296.6431120352206
43,GW230927_043729,data/gwtc4p1/pe_hdf5/GW230927_043729/IGWN-GWTC4p1-18965dda8_5-GW230927_043729-combined_PEDataRelease.hdf5,pe_hdf5_skymap,C00:IMRPhenomXPHM-SpinTaylor,512,RING,512,2.5218644152839937,-0.643826669378504,3.194945748689382e-05,1384.519779481471
44,GW230927_153832,data/gwtc4p1/pe_hdf5/GW230927_153832/IGWN-GWTC4p1-18965dda8_5-GW230927_153832-combined_PEDataRelease.hdf5,pe_hdf5_skymap,C00:IMRPhenomXO4a,512,RING,512,0.014818833271649968,-1.4862509950476013,8.910963517529255e-05,355.8342776431219
45,GW230928_215827,data/gwtc4p1/pe_hdf5/GW230928_215827/IGWN-GWTC4p1-18965dda8_5-GW230928_215827-combined_PEDataRelease.hdf5,pe_hdf5_skymap,C00:IMRPhenomXPHM-SpinTaylor,256,RING,512,3.721437391410565,0.5739683515524875,1.1718837415563537e-05,3802.2231501810948
46,GW230930_110730,data/gwtc4p1/pe_hdf5/GW230930_110730/IGWN-GWTC4p1-18965dda8_5-GW230930_110730-combined_PEDataRelease.hdf5,pe_hdf5_skymap,C00:IMRPhenomXPHM-SpinTaylor,256,RING,512,5.110567584153629,1.2262295323165175,1.2591996892479151e-05,3373.0293623612342
47,GW231001_140220,data/gwtc4p1/pe_hdf5/GW231001_140220/IGWN-GWTC4p1-18965dda8_5-GW231001_140220-combined_PEDataRelease.hdf5,pe_hdf5_skymap,C00:IMRPhenomXO4a,256,RING,512,4.826695755339247,-1.229466444033834,1.2172771676541238e-05,4398.134752244229
48,GW231004_232346,data/gwtc4p1/pe_hdf5/GW231004_232346/IGWN-GWTC4p1-18965dda8_5-GW231004_232346-combined_PEDataRelease.hdf5,pe_hdf5_skymap,C00:IMRPhenomXO4a,256,RING,512,1.8683885996447107,-0.2513357022417064,1.1549475860305283e-05,3703.5930329055764
49,GW231005_021030,data/gwtc4p1/pe_hdf5/GW231005_021030/IGWN-GWTC4p1-18965dda8_5-GW231005_021030-combined_PEDataRelease.hdf5,pe_hdf5_skymap,C00:IMRPhenomXO4a,128,RING,512,2.41755372170777,-0.6373304526287704,6.3412030623772785e-06,5847.68667526636
50,GW231005_091549,data/gwtc4p1/pe_hdf5/GW231005_091549/IGWN-GWTC4p1-18965dda8_5-GW231005_091549-combined_PEDataRelease.hdf5,pe_hdf5_skymap,C00:IMRPhenomXPHM-SpinTaylor,256,RING,512,2.6879154536148695,-0.780110114089037,1.7360036512041406e-05,2671.353647038286
51,GW231008_142521,data/gwtc4p1/pe_hdf5/GW231008_142521/IGWN-GWTC4p1-18965dda8_5-GW231008_142521-combined_PEDataRelease.hdf5,pe_hdf5_skymap,C00:IMRPhenomXPHM-SpinTaylor,256,RING,512,0.06135923151542564,0.07689868313581938,1.451257957806203e-05,3310.5282137194154
52,GW231014_040532,data/gwtc4p1/pe_hdf5/GW231014_040532/IGWN-GWTC4p1-18965dda8_5-GW231014_040532-combined_PEDataRelease.hdf5,pe_hdf5_skymap,C00:IMRPhenomXPHM-SpinTaylor,512,RING,512,0.516951525517461,0.40697512562875704,3.608323822240295e-05,1806.0287848623666
53,GW231018_233037,data/gwtc4p1/pe_hdf5/GW231018_233037/IGWN-GWTC4p1-18965dda8_5-GW231018_233037-combined_PEDataRelease.hdf5,pe_hdf5_skymap,C00:IMRPhenomXPHM-SpinTaylor,512,RING,512,0.5905826033359719,-0.2526802551420788,3.709352677861641e-05,1591.4450049156428
54,GW231020_142947,data/gwtc4p1/pe_hdf5/GW231020_142947/IGWN-GWTC4p1-18965dda8_5-GW231020_142947-combined_PEDataRelease.hdf5,pe_hdf5_skymap,C00:IMRPhenomXPHM-SpinTaylor,512,RING,512,2.5933606752007647,0.8248334576527944,3.3819273083373164e-05,1442.5228387434865
55,GW231028_153006,data/gwtc4p1/pe_hdf5/GW231028_153006/IGWN-GWTC4p1-18965dda8_5-GW231028_153006-combined_PEDataRelease.hdf5,pe_hdf5_skymap,C00:IMRPhenomXO4a,512,RING,512,3.5956509668039427,0.31919474625253796,3.5094264599243496e-05,1337.2439421223107
56,GW231029_111508,data/gwtc4p1/pe_hdf5/GW231029_111508/IGWN-GWTC4p1-18965dda8_5-GW231029_111508-combined_PEDataRelease.hdf5,pe_hdf5_skymap,C00:IMRPhenomXO4a,64,RING,512,1.47179655829942,-1.3807387380411775,9.045109550514543e-07,28627.53251432372
57,GW231102_071736,data/gwtc4p1/pe_hdf5/GW231102_071736/IGWN-GWTC4p1-18965dda8_5-GW231102_071736-combined_PEDataRelease.hdf5,pe_hdf5_skymap,C00:IMRPhenomXO4a,256,RING,512,1.0064732019833966,-0.9131472324572587,1.625627010161348e-05,3161.055261092589
58,GW231104_133418,data/gwtc4p1/pe_hdf5/GW231104_133418/IGWN-GWTC4p1-18965dda8_5-GW231104_133418-combined_PEDataRelease.hdf5,pe_hdf5_skymap,C00:IMRPhenomXPHM-SpinTaylor,512,RING,512,4.311152962127298,-1.1270211127597989,2.988180312801921e-05,1019.1123086976593
59,GW231108_125142,data/gwtc4p1/pe_hdf5/GW231108_125142/IGWN-GWTC4p1-18965dda8_5-GW231108_125142-combined_PEDataRelease.hdf5,pe_hdf5_skymap,C00:IMRPhenomXPHM-SpinTaylor,512,RING,512,1.8104957662733385,-1.3245880699065915,5.303450961927621e-05,1076.4990116889728
60,GW231110_040320,data/gwtc4p1/pe_hdf5/GW231110_040320/IGWN-GWTC4p1-18965dda8_5-GW231110_040320-combined_PEDataRelease.hdf5,pe_hdf5_skymap,C00:IMRPhenomXPHM-SpinTaylor,512,RING,512,5.057124815463722,1.149879327219321,5.64373549356828e-05,767.966799331424
61,GW231113_122623,data/gwtc4p1/pe_hdf5/GW231113_122623/IGWN-GWTC4p1-18965dda8_5-GW231113_122623-combined_PEDataRelease.hdf5,pe_hdf5_skymap,C00:IMRPhenomXPHM-SpinTaylor,256,RING,512,1.846912868614312,0.18199255899971778,1.071005590201255e-05,2880.0230295789124
62,GW231113_200417,data/gwtc4p1/pe_hdf5/GW231113_200417/IGWN-GWTC4p1-18965dda8_5-GW231113_200417-combined_PEDataRelease.hdf5,pe_hdf5_skymap,C00:IMRPhenomXPHM-SpinTaylor,256,RING,512,0.0,0.7004100413571991,2.2680391341500573e-05,1623.1807958751901
63,GW231114_043211,data/gwtc4p1/pe_hdf5/GW231114_043211/IGWN-GWTC4p1-18965dda8_5-GW231114_043211-combined_PEDataRelease.hdf5,pe_hdf5_skymap,C00:IMRPhenomXO4a,256,RING,512,1.1504855909142306,0.46006953920084936,2.3974707803896248e-05,1535.5401797666552
64,GW231118_005626,data/gwtc4p1/pe_hdf5/GW231118_005626/IGWN-GWTC4p1-18965dda8_5-GW231118_005626-combined_PEDataRelease.hdf5,pe_hdf5_skymap,C00:IMRPhenomXO4a,512,RING,512,1.205708899278114,-0.5708703387884202,3.8439913620371796e-05,1041.0126272523883
65,GW231118_071402,data/gwtc4p1/pe_hdf5/GW231118_071402/IGWN-GWTC4p1-18965dda8_5-GW231118_071402-combined_PEDataRelease.hdf5,pe_hdf5_skymap,C00:IMRPhenomXO4a,256,RING,512,3.561423671842247,-1.1286557612125199,1.0465326338687868e-05,3437.9172523066227
66,GW231118_090602,data/gwtc4p1/pe_hdf5/GW231118_090602/IGWN-GWTC4p1-18965dda8_5-GW231118_090602-combined_PEDataRelease.hdf5,pe_hdf5_skymap,C00:IMRPhenomXPHM-SpinTaylor,512,RING,512,2.582181697585007,1.2310845608365104,3.441583612296189e-05,1203.4028336375425
67,GW231119_075248,data/gwtc4p1/pe_hdf5/GW231119_075248/IGWN-GWTC4p1-18965dda8_5-GW231119_075248-combined_PEDataRelease.hdf5,pe_hdf5_skymap,C00:IMRPhenomXPHM-SpinTaylor,128,RING,512,2.6473664922323743,1.2424051568724392,6.316221061131892e-06,5954.263854244971
68,GW231127_165300,data/gwtc4p1/pe_hdf5/GW231127_165300/IGWN-GWTC4p1-18965dda8_5-GW231127_165300-combined_PEDataRelease.hdf5,pe_hdf5_skymap,C00:IMRPhenomXPHM-SpinTaylor,256,RING,512,0.7792622402459056,0.6021386078035353,1.1561449357086038e-05,4240.885219435993
69,GW231129_081745,data/gwtc4p1/pe_hdf5/GW231129_081745/IGWN-GWTC4p1-18965dda8_5-GW231129_081745-combined_PEDataRelease.hdf5,pe_hdf5_skymap,C00:IMRPhenomXO4a,256,RING,512,0.38129288430498526,1.184063305791303,1.7721955378730837e-05,4210.054291937689
70,GW231206_233134,data/gwtc4p1/pe_hdf5/GW231206_233134/IGWN-GWTC4p1-18965dda8_5-GW231206_233134-combined_PEDataRelease.hdf5,pe_hdf5_skymap,C00:IMRPhenomXPHM-SpinTaylor,256,RING,512,0.14419419406125028,-0.6084722604164647,1.779301964969339e-05,2348.6058985649734
71,GW231206_233901,data/gwtc4p1/pe_hdf5/GW231206_233901/IGWN-GWTC4p1-18965dda8_5-GW231206_233901-combined_PEDataRelease.hdf5,pe_hdf5_skymap,C00:IMRPhenomXPHM-SpinTaylor,512,RING,512,1.7257283863713462,0.20454840488055148,0.00010745074541636836,350.3132991332172
72,GW231213_111417,data/gwtc4p1/pe_hdf5/GW231213_111417/IGWN-GWTC4p1-18965dda8_5-GW231213_111417-combined_PEDataRelease.hdf5,pe_hdf5_skymap,C00:IMRPhenomXPHM-SpinTaylor,256,RING,512,2.7550294950426117,-0.15293927208980573,2.6407955378759292e-05,2460.769625869522
73,GW231221_135041,data/gwtc4p1/pe_hdf5/GW231221_135041/IGWN-GWTC4p1-18965dda8_5-GW231221_135041-combined_PEDataRelease.hdf5,pe_hdf5_skymap,C00:IMRPhenomXO4a,256,RING,512,4.561610536408676,-1.0067933816249446,1.4190520233104023e-05,3601.789336534103
74,GW231223_032836,data/gwtc4p1/pe_hdf5/GW231223_032836/IGWN-GWTC4p1-18965dda8_5-GW231223_032836-combined_PEDataRelease.hdf5,pe_hdf5_skymap,C00:IMRPhenomXPHM-SpinTaylor,256,RING,512,2.957861977833578,-0.9400462858093133,1.2215309652229612e-05,4085.9175162256756
75,GW231223_075055,data/gwtc4p1/pe_hdf5/GW231223_075055/IGWN-GWTC4p1-18965dda8_5-GW231223_075055-combined_PEDataRelease.hdf5,pe_hdf5_skymap,C00:IMRPhenomXO4a,512,RING,512,4.108000549957747,-0.5432573112410597,4.1623570722064305e-05,1450.6272680050567
76,GW231223_202619,data/gwtc4p1/pe_hdf5/GW231223_202619/IGWN-GWTC4p1-18965dda8_5-GW231223_202619-combined_PEDataRelease.hdf5,pe_hdf5_skymap,C00:IMRPhenomXPHM-SpinTaylor,64,RING,512,1.1780972450961724,-0.6503547143445942,9.554610188651961e-07,27214.424295052242
77,GW231224_024321,data/gwtc4p1/pe_hdf5/GW231224_024321/IGWN-GWTC4p1-18965dda8_5-GW231224_024321-combined_PEDataRelease.hdf5,pe_hdf5_skymap,C00:IMRPhenomXPHM-SpinTaylor,1024,RING,512,3.7398984505203554,-0.9165162612356506,0.00011604275639802059,826.9796337603342
78,GW231226_101520,data/gwtc4p1/pe_hdf5/GW231226_101520/IGWN-GWTC4p1-18965dda8_5-GW231226_101520-combined_PEDataRelease.hdf5,pe_hdf5_skymap,C00:IMRPhenomXO4a,1024,RING,512,3.5716521130399816,0.7973593954618483,0.00019973769662466674,406.19189635579187
79,GW231230_170116,data/gwtc4p1/pe_hdf5/GW231230_170116/IGWN-GWTC4p1-18965dda8_5-GW231230_170116-combined_PEDataRelease.hdf5,pe_hdf5_skymap,C00:IMRPhenomXPHM-SpinTaylor,128,RING,512,3.0250101137104846,-0.3914297520050338,5.612386304583392e-06,6602.31657401685
80,GW231231_154016,data/gwtc4p1/pe_hdf5/GW231231_154016/IGWN-GWTC4p1-18965dda8_5-GW231231_154016-combined_PEDataRelease.hdf5,pe_hdf5_skymap,C00:IMRPhenomXPHM-SpinTaylor,64,RING,512,5.350524988145115,-0.36341552363232243,1.057065788018485e-06,27143.622007700757
81,GW240104_164932,data/gwtc4p1/pe_hdf5/GW240104_164932/IGWN-GWTC4p1-18965dda8_5-GW240104_164932-combined_PEDataRelease.hdf5,pe_hdf5_skymap,C00:IMRPhenomXPHM-SpinTaylor,64,RING,512,6.17273869045182,-0.39707085025135624,9.530385795212988e-07,28542.606488598914
82,GW240107_013215,data/gwtc4p1/pe_hdf5/GW240107_013215/IGWN-GWTC4p1-18965dda8_5-GW240107_013215-combined_PEDataRelease.hdf5,pe_hdf5_skymap,C00:IMRPhenomXO4a,256,RING,512,3.3962334643788097,-0.5832999705996689,1.351011360623653e-05,4766.5715485287255
83,GW240109_050431,data/gwtc4p1/pe_hdf5/GW240109_050431/IGWN-GWTC4p1-18965dda8_5-GW240109_050431-combined_PEDataRelease.hdf5,pe_hdf5_skymap,C00:IMRPhenomXPHM-SpinTaylor,64,RING,512,0.4573603762756225,1.171054887799441,9.263493439924437e-07,28125.438205039347
