catalog,k_injected_pairs,seed,score,queries,median_rank,mean_rank,mrr,recall_at_1,recall_at_5,recall_at_10,recall_at_50
gwtc3,10,20260617,time_lr,20,8.0,17.7,0.44399292490989717,0.35,0.5,0.5,0.9
gwtc3,10,20260617,sky_log_overlap,20,5.0,8.75,0.33510604376703446,0.1,0.5,0.6,1.0
gwtc3,10,20260617,sky_step,20,1.0,4.25,0.6961422349580244,0.65,0.7,0.8,1.0
gwtc3,10,20260617,combined_time_sky,20,3.0,10.85,0.5173285508372083,0.45,0.55,0.6,0.95
gwtc3,10,20260618,time_lr,20,2.5,5.1,0.5423235735735735,0.4,0.75,0.95,1.0
gwtc3,10,20260618,sky_log_overlap,20,3.0,6.2,0.35930335523870993,0.1,0.6,0.8,1.0
gwtc3,10,20260618,sky_step,20,2.0,3.5,0.5982954545454545,0.5,0.8,0.95,1.0
gwtc3,10,20260618,combined_time_sky,20,1.5,3.2,0.62625,0.5,0.8,0.95,1.0
gwtc3,10,20260619,time_lr,20,2.0,2.65,0.631031746031746,0.45,0.85,1.0,1.0
gwtc3,10,20260619,sky_log_overlap,20,3.5,6.25,0.27658730158730155,0.0,0.65,0.7,1.0
gwtc3,10,20260619,sky_step,20,2.5,4.8,0.5464850427350427,0.45,0.6,0.85,1.0
gwtc3,10,20260619,combined_time_sky,20,1.5,1.8,0.7041666666666667,0.5,1.0,1.0,1.0
gwtc3,10,20260620,time_lr,20,2.5,8.1,0.49469339622641506,0.35,0.6,0.9,0.95
gwtc3,10,20260620,sky_log_overlap,20,11.0,12.0,0.20584516451689133,0.0,0.35,0.45,1.0
gwtc3,10,20260620,sky_step,20,7.5,6.75,0.46460317460317463,0.4,0.4,0.8,1.0
gwtc3,10,20260620,combined_time_sky,20,2.0,4.85,0.5410185185185185,0.3,0.85,0.9,1.0
gwtc3,10,20260621,time_lr,20,2.0,8.55,0.5073818067897016,0.3,0.8,0.85,0.95
gwtc3,10,20260621,sky_log_overlap,20,2.0,7.55,0.38146915584415586,0.1,0.7,0.75,1.0
gwtc3,10,20260621,sky_step,20,3.0,5.85,0.5558916083916083,0.5,0.55,0.75,1.0
gwtc3,10,20260621,combined_time_sky,20,2.0,6.65,0.5731452726017944,0.35,0.8,0.85,0.95
gwtc3,10,20260622,time_lr,20,4.5,11.65,0.4714712054693672,0.4,0.55,0.7,0.95
gwtc3,10,20260622,sky_log_overlap,20,2.5,4.9,0.41499542124542127,0.15,0.7,0.9,1.0
gwtc3,10,20260622,sky_step,20,1.0,2.6,0.748392857142857,0.7,0.75,1.0,1.0
gwtc3,10,20260622,combined_time_sky,20,2.5,6.15,0.4796360342555994,0.3,0.7,0.75,1.0
gwtc3,10,20260623,time_lr,20,2.0,6.9,0.5396774256127802,0.4,0.65,0.7,1.0
gwtc3,10,20260623,sky_log_overlap,20,2.0,3.35,0.5527380952380953,0.3,0.9,0.9,1.0
gwtc3,10,20260623,sky_step,20,1.0,2.05,0.77,0.7,0.95,1.0,1.0
gwtc3,10,20260623,combined_time_sky,20,1.0,3.5,0.6641455766455766,0.55,0.75,0.9,1.0
gwtc3,10,20260624,time_lr,20,1.0,14.05,0.5959334016113713,0.55,0.65,0.7,0.9
gwtc3,10,20260624,sky_log_overlap,20,8.5,9.35,0.27596610334110333,0.05,0.4,0.65,1.0
gwtc3,10,20260624,sky_step,20,5.5,7.3,0.4705227411477411,0.4,0.5,0.6,1.0
gwtc3,10,20260624,combined_time_sky,20,1.0,9.3,0.6364157444103407,0.6,0.7,0.75,1.0
gwtc3,10,20260625,time_lr,20,2.0,7.35,0.5647947475777665,0.4,0.85,0.85,0.95
gwtc3,10,20260625,sky_log_overlap,20,2.5,4.75,0.43102318733897677,0.15,0.8,0.8,1.0
gwtc3,10,20260625,sky_step,20,3.5,4.45,0.5174487522281639,0.4,0.75,0.85,1.0
gwtc3,10,20260625,combined_time_sky,20,1.0,5.1,0.6689668423364076,0.55,0.85,0.85,1.0
gwtc3,10,20260626,time_lr,20,2.0,8.65,0.5432143781712748,0.4,0.65,0.75,1.0
gwtc3,10,20260626,sky_log_overlap,20,2.0,3.15,0.4351190476190476,0.05,0.8,1.0,1.0
gwtc3,10,20260626,sky_step,20,1.0,2.3,0.8380128205128206,0.8,0.9,0.95,1.0
gwtc3,10,20260626,combined_time_sky,20,1.0,5.15,0.679474464819666,0.6,0.75,0.8,1.0
gwtc3,20,20260617,time_lr,40,2.0,8.275,0.5975517816009838,0.475,0.75,0.825,0.975
gwtc3,20,20260617,sky_log_overlap,40,12.0,13.7,0.19346170612124042,0.05,0.35,0.475,0.975
gwtc3,20,20260617,sky_step,40,7.5,8.7,0.4158699162305889,0.35,0.4,0.625,1.0
gwtc3,20,20260617,combined_time_sky,40,1.0,5.8,0.7004118240516546,0.6,0.8,0.875,0.975
gwtc3,20,20260618,time_lr,40,4.0,8.725,0.3919753696506746,0.225,0.6,0.8,0.975
gwtc3,20,20260618,sky_log_overlap,40,5.0,6.9,0.298946116179572,0.05,0.525,0.775,1.0
gwtc3,20,20260618,sky_step,40,1.0,3.025,0.7479140406162464,0.7,0.825,0.95,1.0
gwtc3,20,20260618,combined_time_sky,40,3.0,5.25,0.5195458464537411,0.35,0.825,0.925,0.975
gwtc3,20,20260619,time_lr,40,3.0,8.3,0.4678926720351139,0.325,0.625,0.725,0.975
gwtc3,20,20260619,sky_log_overlap,40,4.0,9.275,0.3082597644558901,0.1,0.6,0.675,1.0
gwtc3,20,20260619,sky_step,40,1.0,4.4,0.6143858225108225,0.55,0.675,0.875,1.0
gwtc3,20,20260619,combined_time_sky,40,2.0,4.825,0.6015413625117573,0.475,0.775,0.825,1.0
gwtc3,20,20260620,time_lr,40,4.0,11.35,0.3859447025545505,0.225,0.625,0.775,0.95
gwtc3,20,20260620,sky_log_overlap,40,7.5,10.225,0.30154327131495806,0.15,0.45,0.6,1.0
gwtc3,20,20260620,sky_step,40,3.5,7.375,0.5212507740874031,0.45,0.525,0.775,1.0
gwtc3,20,20260620,combined_time_sky,40,2.5,6.725,0.5263495545867849,0.375,0.75,0.825,0.975
gwtc3,20,20260621,time_lr,40,3.0,5.975,0.4538221380069206,0.275,0.725,0.775,1.0
gwtc3,20,20260621,sky_log_overlap,40,4.0,8.575,0.30241373550841805,0.075,0.6,0.725,1.0
gwtc3,20,20260621,sky_step,40,1.0,5.475,0.6007007290095525,0.55,0.575,0.8,1.0
gwtc3,20,20260621,combined_time_sky,40,2.0,3.525,0.5221636002886003,0.325,0.775,0.975,1.0
gwtc3,20,20260622,time_lr,40,3.5,12.5,0.3657694744503405,0.175,0.55,0.725,0.925
gwtc3,20,20260622,sky_log_overlap,40,2.0,6.975,0.4167379494522958,0.15,0.725,0.8,1.0
gwtc3,20,20260622,sky_step,40,5.0,6.25,0.5196631245058019,0.45,0.6,0.8,1.0
gwtc3,20,20260622,combined_time_sky,40,3.0,7.9,0.4705131724892754,0.325,0.625,0.775,1.0
gwtc3,20,20260623,time_lr,40,2.0,3.475,0.6224458874458876,0.475,0.875,0.95,1.0
gwtc3,20,20260623,sky_log_overlap,40,3.0,5.9,0.4164880685302343,0.2,0.775,0.8,1.0
gwtc3,20,20260623,sky_step,40,1.0,3.05,0.7143064574314574,0.65,0.775,0.95,1.0
gwtc3,20,20260623,combined_time_sky,40,1.0,2.65,0.6817460317460318,0.525,0.925,0.95,1.0
gwtc3,20,20260624,time_lr,40,2.5,6.85,0.4808929216649805,0.325,0.625,0.775,1.0
gwtc3,20,20260624,sky_log_overlap,40,4.0,8.2,0.29316117216117216,0.075,0.575,0.775,1.0
gwtc3,20,20260624,sky_step,40,6.0,6.225,0.5153824455506839,0.45,0.475,0.85,1.0
gwtc3,20,20260624,combined_time_sky,40,1.5,4.575,0.6088988095238095,0.5,0.75,0.9,1.0
gwtc3,20,20260625,time_lr,40,2.0,6.375,0.5605242673992674,0.4,0.8,0.875,0.975
gwtc3,20,20260625,sky_log_overlap,40,3.0,7.875,0.38685165528915527,0.15,0.65,0.75,1.0
gwtc3,20,20260625,sky_step,40,1.0,3.925,0.6984423359207842,0.65,0.725,0.925,1.0
gwtc3,20,20260625,combined_time_sky,40,1.0,3.45,0.6928960506103969,0.55,0.9,0.925,1.0
gwtc3,20,20260626,time_lr,40,2.0,6.425,0.5412984296179436,0.35,0.825,0.9,0.975
gwtc3,20,20260626,sky_log_overlap,40,3.0,6.025,0.39181182121971597,0.125,0.75,0.875,1.0
gwtc3,20,20260626,sky_step,40,2.0,4.6,0.5869132494044835,0.5,0.675,0.95,1.0
gwtc3,20,20260626,combined_time_sky,40,1.0,4.05,0.7531278801843319,0.65,0.9,0.925,0.975
gwtc3,50,20260617,time_lr,100,5.5,17.51,0.35491059639010325,0.22,0.5,0.6,0.91
gwtc3,50,20260617,sky_log_overlap,100,5.0,15.24,0.30067378773909004,0.11,0.53,0.61,0.95
gwtc3,50,20260617,sky_step,100,5.0,8.77,0.5268189666256751,0.48,0.53,0.67,1.0
gwtc3,50,20260617,combined_time_sky,100,4.0,11.12,0.4395641093069244,0.31,0.63,0.73,0.96
gwtc3,50,20260618,time_lr,100,5.0,14.72,0.3244216642391514,0.16,0.53,0.7,0.92
gwtc3,50,20260618,sky_log_overlap,100,6.5,12.96,0.29726996906663045,0.15,0.46,0.54,0.98
gwtc3,50,20260618,sky_step,100,1.0,6.57,0.6398363520140883,0.6,0.62,0.78,0.99
gwtc3,50,20260618,combined_time_sky,100,3.0,9.09,0.44188007486268127,0.25,0.66,0.81,0.95
gwtc3,50,20260619,time_lr,100,8.0,13.59,0.27356049286642004,0.13,0.4,0.57,0.96
gwtc3,50,20260619,sky_log_overlap,100,6.0,12.08,0.27473914276092004,0.12,0.44,0.67,0.96
gwtc3,50,20260619,sky_step,100,2.0,6.39,0.5573491033670568,0.5,0.56,0.73,1.0
gwtc3,50,20260619,combined_time_sky,100,5.0,8.23,0.4008216617930875,0.26,0.52,0.75,0.99
gwtc3,50,20260620,time_lr,100,5.5,16.15,0.37783166878020225,0.27,0.5,0.67,0.89
gwtc3,50,20260620,sky_log_overlap,100,7.0,12.47,0.28182281444057344,0.11,0.44,0.65,0.97
gwtc3,50,20260620,sky_step,100,1.0,6.99,0.6849774186179576,0.66,0.67,0.74,1.0
gwtc3,50,20260620,combined_time_sky,100,3.0,9.59,0.48462194496830435,0.35,0.68,0.77,0.95
gwtc3,50,20260621,time_lr,100,6.0,11.94,0.34223869977213767,0.21,0.45,0.6,0.97
gwtc3,50,20260621,sky_log_overlap,100,5.0,13.64,0.27895191345784986,0.07,0.51,0.61,0.96
gwtc3,50,20260621,sky_step,100,1.0,6.28,0.640556434857712,0.6,0.63,0.72,1.0
gwtc3,50,20260621,combined_time_sky,100,4.0,7.47,0.43917845566703034,0.3,0.61,0.78,0.99
gwtc3,50,20260622,time_lr,100,4.5,10.99,0.315298533665167,0.11,0.57,0.72,0.96
gwtc3,50,20260622,sky_log_overlap,100,4.0,11.86,0.2901384344099004,0.09,0.6,0.71,0.95
gwtc3,50,20260622,sky_step,100,5.0,7.68,0.4983211537567541,0.44,0.51,0.71,1.0
gwtc3,50,20260622,combined_time_sky,100,3.0,6.67,0.46778889511547783,0.27,0.76,0.87,0.96
gwtc3,50,20260623,time_lr,100,5.0,17.75,0.36745535817589775,0.23,0.55,0.65,0.92
gwtc3,50,20260623,sky_log_overlap,100,6.0,11.72,0.2838184626674216,0.1,0.49,0.72,0.99
gwtc3,50,20260623,sky_step,100,1.0,6.26,0.5854759487147705,0.54,0.56,0.75,1.0
gwtc3,50,20260623,combined_time_sky,100,3.0,10.61,0.46030201928589387,0.3,0.65,0.72,0.96
gwtc3,50,20260624,time_lr,100,4.0,13.72,0.3761417752983614,0.24,0.55,0.61,0.95
gwtc3,50,20260624,sky_log_overlap,100,8.5,15.94,0.26549802545675666,0.11,0.44,0.57,0.94
gwtc3,50,20260624,sky_step,100,2.0,10.46,0.5389543016225846,0.5,0.51,0.69,0.99
gwtc3,50,20260624,combined_time_sky,100,3.0,8.47,0.4714790412288409,0.34,0.59,0.72,0.96
gwtc3,50,20260625,time_lr,100,4.5,12.85,0.3717729341572968,0.23,0.56,0.69,0.94
gwtc3,50,20260625,sky_log_overlap,100,4.0,11.66,0.3278611684369772,0.11,0.64,0.73,0.95
gwtc3,50,20260625,sky_step,100,1.0,6.37,0.6058032022590488,0.56,0.6,0.82,1.0
gwtc3,50,20260625,combined_time_sky,100,3.0,7.5,0.48773396807306996,0.32,0.68,0.79,0.98
gwtc3,50,20260626,time_lr,100,6.0,15.96,0.3532766376163805,0.23,0.49,0.61,0.91
gwtc3,50,20260626,sky_log_overlap,100,5.0,9.44,0.336513266620721,0.16,0.52,0.74,0.99
gwtc3,50,20260626,sky_step,100,1.0,4.34,0.7176357594096723,0.68,0.73,0.86,1.0
gwtc3,50,20260626,combined_time_sky,100,3.0,9.52,0.46457182861367635,0.32,0.62,0.75,0.97
gwtc5,10,20260617,time_lr,20,32.5,40.05,0.09273140758741803,0.0,0.15,0.15,0.7
gwtc5,10,20260617,sky_log_overlap,20,5.5,11.2,0.3503369697934916,0.15,0.5,0.8,0.9
gwtc5,10,20260617,sky_step,20,5.0,6.75,0.4787760955831607,0.4,0.55,0.85,1.0
gwtc5,10,20260617,combined_time_sky,20,16.5,25.65,0.127807518479288,0.0,0.2,0.3,0.8
gwtc5,10,20260618,time_lr,20,5.0,16.45,0.2913819098697147,0.15,0.55,0.55,0.9
gwtc5,10,20260618,sky_log_overlap,20,4.0,7.7,0.33717627008068185,0.1,0.6,0.7,1.0
gwtc5,10,20260618,sky_step,20,1.5,3.35,0.6105772005772006,0.5,0.75,0.95,1.0
gwtc5,10,20260618,combined_time_sky,20,3.5,10.2,0.45561309523809523,0.3,0.6,0.85,0.95
gwtc5,10,20260619,time_lr,20,20.0,37.45,0.059619147978499945,0.0,0.05,0.25,0.7
gwtc5,10,20260619,sky_log_overlap,20,3.5,5.85,0.32065656565656564,0.05,0.55,0.8,1.0
gwtc5,10,20260619,sky_step,20,4.5,3.85,0.5207539682539682,0.4,0.7,1.0,1.0
gwtc5,10,20260619,combined_time_sky,20,11.0,25.1,0.14036401828598014,0.0,0.35,0.5,0.75
gwtc5,10,20260620,time_lr,20,13.0,27.25,0.2025632276214568,0.1,0.4,0.4,0.75
gwtc5,10,20260620,sky_log_overlap,20,3.5,5.45,0.2961633249791144,0.0,0.7,0.9,1.0
gwtc5,10,20260620,sky_step,20,3.5,4.15,0.5541666666666666,0.45,0.75,0.95,1.0
gwtc5,10,20260620,combined_time_sky,20,7.0,15.6,0.31870987038258336,0.2,0.5,0.65,0.95
gwtc5,10,20260621,time_lr,20,30.0,30.4,0.2357896653322454,0.2,0.25,0.25,0.8
gwtc5,10,20260621,sky_log_overlap,20,3.0,5.2,0.32477443609022555,0.0,0.75,0.85,1.0
gwtc5,10,20260621,sky_step,20,4.5,5.8,0.48967217723796674,0.4,0.55,0.85,1.0
gwtc5,10,20260621,combined_time_sky,20,18.0,15.75,0.29715977535157123,0.25,0.25,0.35,0.95
gwtc5,10,20260622,time_lr,20,49.0,50.3,0.10576833614558978,0.0,0.25,0.35,0.5
gwtc5,10,20260622,sky_log_overlap,20,4.0,6.1,0.3416614145658263,0.1,0.55,0.8,1.0
gwtc5,10,20260622,sky_step,20,1.0,2.8,0.7434523809523809,0.7,0.7,1.0,1.0
gwtc5,10,20260622,combined_time_sky,20,27.5,32.25,0.1513073403073403,0.0,0.3,0.5,0.65
gwtc5,10,20260623,time_lr,20,22.0,29.6,0.18791954923337176,0.1,0.2,0.3,0.8
gwtc5,10,20260623,sky_log_overlap,20,3.0,3.95,0.4602380952380953,0.2,0.9,0.9,1.0
gwtc5,10,20260623,sky_step,20,1.0,1.85,0.7963095238095238,0.7,0.95,1.0,1.0
gwtc5,10,20260623,combined_time_sky,20,14.0,20.35,0.27708574230574834,0.2,0.3,0.45,0.9
gwtc5,10,20260624,time_lr,20,9.5,26.95,0.2888610574608331,0.2,0.3,0.55,0.85
gwtc5,10,20260624,sky_log_overlap,20,6.5,8.85,0.2456713018781984,0.1,0.4,0.7,1.0
gwtc5,10,20260624,sky_step,20,3.5,6.05,0.5033986605182258,0.4,0.6,0.8,1.0
gwtc5,10,20260624,combined_time_sky,20,4.5,14.55,0.36912398452626155,0.25,0.6,0.65,0.9
gwtc5,10,20260625,time_lr,20,46.5,40.85,0.1874329767255197,0.1,0.3,0.3,0.6
gwtc5,10,20260625,sky_log_overlap,20,6.0,7.2,0.31771790709290715,0.1,0.5,0.7,1.0
gwtc5,10,20260625,sky_step,20,3.5,4.55,0.5160900210900211,0.4,0.65,0.85,1.0
gwtc5,10,20260625,combined_time_sky,20,29.0,26.8,0.26463518526057045,0.2,0.3,0.3,0.85
gwtc5,10,20260626,time_lr,20,32.5,48.95,0.1823803851363644,0.15,0.15,0.25,0.6
gwtc5,10,20260626,sky_log_overlap,20,3.5,10.15,0.3100022055027775,0.05,0.7,0.7,1.0
gwtc5,10,20260626,sky_step,20,1.0,3.4,0.8165909090909089,0.8,0.8,0.85,1.0
gwtc5,10,20260626,combined_time_sky,20,17.0,28.9,0.214359840710997,0.15,0.3,0.45,0.6
gwtc5,20,20260617,time_lr,40,16.5,31.625,0.2510352623592979,0.175,0.3,0.375,0.825
gwtc5,20,20260617,sky_log_overlap,40,4.5,12.25,0.34810283947150494,0.15,0.55,0.7,0.95
gwtc5,20,20260617,sky_step,40,6.0,8.3,0.43766797939893837,0.35,0.475,0.775,1.0
gwtc5,20,20260617,combined_time_sky,40,10.5,19.325,0.3103784546378832,0.225,0.375,0.5,0.9
gwtc5,20,20260618,time_lr,40,25.5,42.175,0.13119858323428413,0.05,0.175,0.275,0.625
gwtc5,20,20260618,sky_log_overlap,40,4.0,6.8,0.2998722143869203,0.075,0.6,0.75,1.0
gwtc5,20,20260618,sky_step,40,1.0,2.8,0.7191269841269842,0.65,0.825,0.975,1.0
gwtc5,20,20260618,combined_time_sky,40,10.5,25.1,0.2038796865375338,0.1,0.25,0.5,0.75
gwtc5,20,20260619,time_lr,40,13.0,34.85,0.22776115072839626,0.175,0.225,0.275,0.75
gwtc5,20,20260619,sky_log_overlap,40,3.0,5.8,0.37058943235413827,0.1,0.65,0.825,1.0
gwtc5,20,20260619,sky_step,40,2.0,3.2,0.586955266955267,0.45,0.775,0.975,1.0
gwtc5,20,20260619,combined_time_sky,40,9.0,21.575,0.2729082885065755,0.175,0.325,0.575,0.8
gwtc5,20,20260620,time_lr,40,38.0,39.625,0.15699862164111772,0.075,0.225,0.275,0.65
gwtc5,20,20260620,sky_log_overlap,40,3.5,6.125,0.3897876082251082,0.175,0.65,0.825,1.0
gwtc5,20,20260620,sky_step,40,3.0,4.825,0.5082578532578532,0.375,0.7,0.825,1.0
gwtc5,20,20260620,combined_time_sky,40,19.0,23.725,0.25697726065255777,0.175,0.35,0.4,0.825
gwtc5,20,20260621,time_lr,40,13.0,22.05,0.22038140193236808,0.075,0.35,0.475,0.9
gwtc5,20,20260621,sky_log_overlap,40,2.5,5.2,0.3960325540472599,0.125,0.7,0.825,1.0
gwtc5,20,20260621,sky_step,40,2.5,4.225,0.5791452991452991,0.5,0.7,0.925,1.0
gwtc5,20,20260621,combined_time_sky,40,6.0,12.775,0.30187047449569404,0.125,0.475,0.7,0.95
gwtc5,20,20260622,time_lr,40,37.5,55.0,0.06352893208040365,0.0,0.1,0.15,0.575
gwtc5,20,20260622,sky_log_overlap,40,3.0,7.525,0.3275828089879863,0.1,0.6,0.75,1.0
gwtc5,20,20260622,sky_step,40,3.0,5.325,0.5412741228070176,0.45,0.65,0.9,1.0
gwtc5,20,20260622,combined_time_sky,40,20.5,35.425,0.11533404383542636,0.025,0.175,0.3,0.75
gwtc5,20,20260623,time_lr,40,18.0,23.95,0.16249865357169596,0.05,0.25,0.375,0.875
gwtc5,20,20260623,sky_log_overlap,40,3.0,4.225,0.4589935064935065,0.225,0.775,0.925,1.0
gwtc5,20,20260623,sky_step,40,1.0,2.775,0.7183630952380953,0.65,0.825,1.0,1.0
gwtc5,20,20260623,combined_time_sky,40,7.5,13.3,0.261281167914844,0.075,0.4,0.7,0.975
gwtc5,20,20260624,time_lr,40,36.0,50.4,0.12529319871364925,0.075,0.1,0.225,0.7
gwtc5,20,20260624,sky_log_overlap,40,5.0,10.45,0.2856322843822844,0.05,0.575,0.775,0.975
gwtc5,20,20260624,sky_step,40,5.0,6.125,0.4529448547095606,0.35,0.55,0.85,1.0
gwtc5,20,20260624,combined_time_sky,40,17.0,32.025,0.1541685113342069,0.075,0.175,0.4,0.725
gwtc5,20,20260625,time_lr,40,29.0,36.225,0.19115081119245964,0.1,0.25,0.325,0.675
gwtc5,20,20260625,sky_log_overlap,40,2.0,5.3,0.46090711371961374,0.25,0.65,0.825,1.0
gwtc5,20,20260625,sky_step,40,1.0,3.05,0.7470238095238095,0.7,0.75,0.95,1.0
gwtc5,20,20260625,combined_time_sky,40,14.0,22.15,0.2749124140936267,0.2,0.35,0.475,0.875
gwtc5,20,20260626,time_lr,40,19.5,26.1,0.25086270178980696,0.15,0.325,0.375,0.8
gwtc5,20,20260626,sky_log_overlap,40,5.0,11.3,0.3099181117157124,0.15,0.525,0.675,1.0
gwtc5,20,20260626,sky_step,40,1.0,3.85,0.6982848156745215,0.65,0.7,0.85,1.0
gwtc5,20,20260626,combined_time_sky,40,8.5,15.775,0.2769182926618208,0.15,0.35,0.575,0.95
gwtc5,50,20260617,time_lr,100,21.5,52.36,0.173897699575089,0.08,0.29,0.37,0.64
gwtc5,50,20260617,sky_log_overlap,100,5.0,10.46,0.33092436360870153,0.14,0.59,0.66,0.97
gwtc5,50,20260617,sky_step,100,3.5,7.05,0.5366972653033173,0.46,0.59,0.79,0.97
gwtc5,50,20260617,combined_time_sky,100,13.0,33.52,0.25459423597245284,0.16,0.33,0.44,0.71
gwtc5,50,20260618,time_lr,100,37.0,51.08,0.13434783839506761,0.06,0.2,0.27,0.58
gwtc5,50,20260618,sky_log_overlap,100,5.5,9.67,0.3067378223479431,0.12,0.5,0.66,0.99
gwtc5,50,20260618,sky_step,100,1.0,5.76,0.5973480478350414,0.54,0.62,0.77,1.0
gwtc5,50,20260618,combined_time_sky,100,16.0,29.49,0.20518098781802163,0.12,0.27,0.38,0.75
gwtc5,50,20260619,time_lr,100,46.5,58.14,0.12790016717558336,0.08,0.15,0.21,0.53
gwtc5,50,20260619,sky_log_overlap,100,5.0,8.15,0.30560741980218475,0.12,0.53,0.7,1.0
gwtc5,50,20260619,sky_step,100,3.0,5.48,0.5312829411085991,0.44,0.63,0.8,1.0
gwtc5,50,20260619,combined_time_sky,100,22.5,33.6,0.17633343457663514,0.11,0.23,0.33,0.75
gwtc5,50,20260620,time_lr,100,36.5,51.76,0.17796635619761134,0.11,0.22,0.26,0.58
gwtc5,50,20260620,sky_log_overlap,100,4.0,7.77,0.3382465985346134,0.14,0.6,0.8,1.0
gwtc5,50,20260620,sky_step,100,1.0,4.38,0.6760031265031264,0.62,0.73,0.91,1.0
gwtc5,50,20260620,combined_time_sky,100,17.5,29.34,0.24552445066405568,0.17,0.28,0.38,0.82
gwtc5,50,20260621,time_lr,100,36.5,49.96,0.14489343117173312,0.08,0.19,0.27,0.66
gwtc5,50,20260621,sky_log_overlap,100,4.0,9.7,0.3062099219573304,0.08,0.58,0.78,0.98
gwtc5,50,20260621,sky_step,100,1.0,5.52,0.6047714983030386,0.54,0.68,0.82,1.0
gwtc5,50,20260621,combined_time_sky,100,16.5,29.96,0.2225138627938245,0.13,0.3,0.38,0.76
gwtc5,50,20260622,time_lr,100,37.5,54.28,0.14905916888385218,0.1,0.15,0.2,0.55
gwtc5,50,20260622,sky_log_overlap,100,6.0,12.21,0.2971749507286022,0.15,0.44,0.67,0.95
gwtc5,50,20260622,sky_step,100,5.0,7.77,0.4896565605999745,0.42,0.53,0.74,1.0
gwtc5,50,20260622,combined_time_sky,100,15.5,33.66,0.19709363901028987,0.12,0.24,0.39,0.71
gwtc5,50,20260623,time_lr,100,31.0,53.89,0.0963838940430166,0.04,0.11,0.17,0.65
gwtc5,50,20260623,sky_log_overlap,100,5.0,9.07,0.3067850640954837,0.12,0.54,0.73,0.99
gwtc5,50,20260623,sky_step,100,2.0,5.27,0.5699664711387328,0.5,0.6,0.87,1.0
gwtc5,50,20260623,combined_time_sky,100,12.0,32.52,0.14675727910376535,0.04,0.24,0.47,0.75
gwtc5,50,20260624,time_lr,100,29.5,59.98,0.15596575290460993,0.07,0.23,0.33,0.64
gwtc5,50,20260624,sky_log_overlap,100,7.0,13.42,0.22807311042966108,0.07,0.43,0.64,0.94
gwtc5,50,20260624,sky_step,100,6.0,8.86,0.5063895200009331,0.45,0.49,0.69,0.98
gwtc5,50,20260624,combined_time_sky,100,17.0,36.25,0.20260335175772753,0.08,0.33,0.44,0.69
gwtc5,50,20260625,time_lr,100,28.0,43.57,0.20458680620157998,0.13,0.24,0.32,0.67
gwtc5,50,20260625,sky_log_overlap,100,4.0,10.15,0.3210449531921284,0.11,0.57,0.77,0.99
gwtc5,50,20260625,sky_step,100,2.0,6.45,0.5642147731495558,0.5,0.6,0.79,0.99
gwtc5,50,20260625,combined_time_sky,100,12.5,27.3,0.2595591245460938,0.17,0.33,0.45,0.79
gwtc5,50,20260626,time_lr,100,32.5,49.96,0.16473188279585252,0.09,0.23,0.25,0.62
gwtc5,50,20260626,sky_log_overlap,100,5.0,11.59,0.35627032802927716,0.18,0.51,0.75,0.96
gwtc5,50,20260626,sky_step,100,1.0,5.76,0.6789757907722145,0.64,0.68,0.85,0.99
gwtc5,50,20260626,combined_time_sky,100,16.0,28.72,0.2252294859747825,0.13,0.26,0.44,0.85
